{"timestamp":"2026-01-01T00:01:19.337938Z","level":"info","event":"DAG bundles loaded: dags-folder","logger":"airflow.dag_processing.bundles.manager.DagBundlesManager","filename":"manager.py","lineno":179}
{"timestamp":"2026-01-01T00:01:19.340330Z","level":"info","event":"Filling up the DagBag from /opt/airflow/dags/dag.py","logger":"airflow.models.dagbag.DagBag","filename":"dagbag.py","lineno":593}
{"timestamp":"2026-01-01T00:01:20.680841Z","level":"info","event":"2026-01-01 00:01:20 | INFO | IMF Pipeline start | run_id=20260101T000120Z flows=3 years=1948..2025 expected=234 chunk=5 workers=2 http_limit=2 s3_limit=2 gzip=False skip_exists=True manifest=True","logger":"task.stdout"}
{"timestamp":"2026-01-01T00:01:23.468999Z","level":"info","event":"2026-01-01 00:01:23 | INFO | HTTP GET (stream) | attempt=1/5 | flow=CPI year=2013 | https://api.imf.org/external/sdmx/2.1/data/IMF.STA,CPI,latest/all/all?startPeriod=2013&endPeriod=2013","logger":"task.stdout"}
{"timestamp":"2026-01-01T00:01:23.470030Z","level":"info","event":"2026-01-01 00:01:23 | INFO | HTTP GET (stream) | attempt=1/5 | flow=CPI year=1973 | https://api.imf.org/external/sdmx/2.1/data/IMF.STA,CPI,latest/all/all?startPeriod=1973&endPeriod=1973","logger":"task.stdout"}
{"timestamp":"2026-01-01T00:01:25.025885Z","level":"info","event":"Found credentials in environment variables.","logger":"botocore.credentials","filename":"credentials.py","lineno":1252}
{"timestamp":"2026-01-01T00:01:26.732676Z","level":"info","event":"2026-01-01 00:01:26 | SUCCESS | Uploaded | flow=CPI year=1973 rows=23421 uri=s3://personal-projectbucket/imf/CPI/year=1973/CPI_1973.csv step_s=6.02","logger":"task.stdout"}
{"timestamp":"2026-01-01T00:01:26.970504Z","level":"info","event":"2026-01-01 00:01:26 | INFO | HTTP GET (stream) | attempt=1/5 | flow=CPI year=1974 | https://api.imf.org/external/sdmx/2.1/data/IMF.STA,CPI,latest/all/all?startPeriod=1974&endPeriod=1974","logger":"task.stdout"}
{"timestamp":"2026-01-01T00:01:45.582856Z","level":"info","event":"2026-01-01 00:01:45 | SUCCESS | Uploaded | flow=CPI year=2013 rows=185008 uri=s3://personal-projectbucket/imf/CPI/year=2013/CPI_2013.csv step_s=24.86","logger":"task.stdout"}
{"timestamp":"2026-01-01T00:01:46.526140Z","level":"info","event":"2026-01-01 00:01:46 | INFO | HTTP GET (stream) | attempt=1/5 | flow=CPI year=2014 | https://api.imf.org/external/sdmx/2.1/data/IMF.STA,CPI,latest/all/all?startPeriod=2014&endPeriod=2014","logger":"task.stdout"}
{"timestamp":"2026-01-01T00:01:46.634637Z","level":"info","event":"2026-01-01 00:01:46 | SUCCESS | Uploaded | flow=CPI year=1974 rows=23543 uri=s3://personal-projectbucket/imf/CPI/year=1974/CPI_1974.csv step_s=19.69","logger":"task.stdout"}
{"timestamp":"2026-01-01T00:01:46.832070Z","level":"info","event":"2026-01-01 00:01:46 | INFO | HTTP GET (stream) | attempt=1/5 | flow=CPI year=1975 | https://api.imf.org/external/sdmx/2.1/data/IMF.STA,CPI,latest/all/all?startPeriod=1975&endPeriod=1975","logger":"task.stdout"}
{"timestamp":"2026-01-01T00:10:48.397446Z","level":"info","event":"2026-01-01 00:10:48 | SUCCESS | Uploaded | flow=CPI year=1975 rows=23702 uri=s3://personal-projectbucket/imf/CPI/year=1975/CPI_1975.csv step_s=7.10","logger":"task.stdout"}
{"timestamp":"2026-01-01T00:10:48.675216Z","level":"info","event":"2026-01-01 00:10:48 | INFO | HTTP GET (stream) | attempt=1/5 | flow=CPI year=1976 | https://api.imf.org/external/sdmx/2.1/data/IMF.STA,CPI,latest/all/all?startPeriod=1976&endPeriod=1976","logger":"task.stdout"}
{"timestamp":"2026-01-01T00:10:51.563451Z","level":"info","event":"2026-01-01 00:10:51 | SUCCESS | Uploaded | flow=CPI year=1976 rows=24321 uri=s3://personal-projectbucket/imf/CPI/year=1976/CPI_1976.csv step_s=2.92","logger":"task.stdout"}
{"timestamp":"2026-01-01T00:10:53.063745Z","level":"info","event":"2026-01-01 00:10:53 | ERROR | S3 head_object failed | flow=CPI year=1977 key=imf/CPI/year=1977/CPI_1977.csv","logger":"task.stdout"}
{"timestamp":"2026-01-01T00:10:53.077327Z","level":"info","event":"Traceback (most recent call last):","logger":"task.stdout"}
{"timestamp":"2026-01-01T00:10:53.077513Z","level":"info","event":"","logger":"task.stdout"}
{"timestamp":"2026-01-01T00:10:53.077631Z","level":"info","event":"  File \"/usr/python/lib/python3.12/threading.py\", line 1032, in _bootstrap","logger":"task.stdout"}
{"timestamp":"2026-01-01T00:10:53.078522Z","level":"info","event":"    self._bootstrap_inner()","logger":"task.stdout"}
{"timestamp":"2026-01-01T00:10:53.080308Z","level":"info","event":"    │    └ <function Thread._bootstrap_inner at 0xffff99068f40>","logger":"task.stdout"}
{"timestamp":"2026-01-01T00:10:53.081296Z","level":"info","event":"    └ <Thread(ThreadPoolExecutor-1_0, started 281472806220128)>","logger":"task.stdout"}
{"timestamp":"2026-01-01T00:10:53.082268Z","level":"info","event":"  File \"/usr/python/lib/python3.12/threading.py\", line 1075, in _bootstrap_inner","logger":"task.stdout"}
{"timestamp":"2026-01-01T00:10:53.082321Z","level":"info","event":"    self.run()","logger":"task.stdout"}
{"timestamp":"2026-01-01T00:10:53.082384Z","level":"info","event":"    │    └ <function Thread.run at 0xffff99068c20>","logger":"task.stdout"}
{"timestamp":"2026-01-01T00:10:53.082443Z","level":"info","event":"    └ <Thread(ThreadPoolExecutor-1_0, started 281472806220128)>","logger":"task.stdout"}
{"timestamp":"2026-01-01T00:10:53.082497Z","level":"info","event":"  File \"/usr/python/lib/python3.12/threading.py\", line 1012, in run","logger":"task.stdout"}
{"timestamp":"2026-01-01T00:10:53.082552Z","level":"info","event":"    self._target(*self._args, **self._kwargs)","logger":"task.stdout"}
{"timestamp":"2026-01-01T00:10:53.082597Z","level":"info","event":"    │    │        │    │        │    └ {}","logger":"task.stdout"}
{"timestamp":"2026-01-01T00:10:53.082651Z","level":"info","event":"    │    │        │    │        └ <Thread(ThreadPoolExecutor-1_0, started 281472806220128)>","logger":"task.stdout"}
{"timestamp":"2026-01-01T00:10:53.082703Z","level":"info","event":"    │    │        │    └ (<weakref at 0xffff90350ef0; to 'ThreadPoolExecutor' at 0xffff86d3eb70>, <_queue.SimpleQueue object at 0xffff712e3b00>, None,...","logger":"task.stdout"}
{"timestamp":"2026-01-01T00:10:53.082767Z","level":"info","event":"    │    │        └ <Thread(ThreadPoolExecutor-1_0, started 281472806220128)>","logger":"task.stdout"}
{"timestamp":"2026-01-01T00:10:53.082816Z","level":"info","event":"    │    └ <function _worker at 0xffff937a1c60>","logger":"task.stdout"}
{"timestamp":"2026-01-01T00:10:53.082860Z","level":"info","event":"    └ <Thread(ThreadPoolExecutor-1_0, started 281472806220128)>","logger":"task.stdout"}
{"timestamp":"2026-01-01T00:10:53.082901Z","level":"info","event":"  File \"/usr/python/lib/python3.12/concurrent/futures/thread.py\", line 93, in _worker","logger":"task.stdout"}
{"timestamp":"2026-01-01T00:10:53.082945Z","level":"info","event":"    work_item.run()","logger":"task.stdout"}
{"timestamp":"2026-01-01T00:10:53.082989Z","level":"info","event":"    │         └ <function _WorkItem.run at 0xffff937a1da0>","logger":"task.stdout"}
{"timestamp":"2026-01-01T00:10:53.083033Z","level":"info","event":"    └ <concurrent.futures.thread._WorkItem object at 0xffff71325970>","logger":"task.stdout"}
{"timestamp":"2026-01-01T00:10:53.083075Z","level":"info","event":"  File \"/usr/python/lib/python3.12/concurrent/futures/thread.py\", line 59, in run","logger":"task.stdout"}
{"timestamp":"2026-01-01T00:10:53.083118Z","level":"info","event":"    result = self.fn(*self.args, **self.kwargs)","logger":"task.stdout"}
{"timestamp":"2026-01-01T00:10:53.083170Z","level":"info","event":"             │    │   │    │       │    └ {}","logger":"task.stdout"}
{"timestamp":"2026-01-01T00:10:53.083222Z","level":"info","event":"             │    │   │    │       └ <concurrent.futures.thread._WorkItem object at 0xffff71325970>","logger":"task.stdout"}
{"timestamp":"2026-01-01T00:10:53.083285Z","level":"info","event":"             │    │   │    └ ([('process_flow_year_chunk-f61d2ed7-c1e2-41e5-b5d0-9a78f62244e5', (<Task 'process_flow_year_chunk-f61d2ed7-c1e2-41e5-b5d0-9a...","logger":"task.stdout"}
{"timestamp":"2026-01-01T00:10:53.083361Z","level":"info","event":"             │    │   └ <concurrent.futures.thread._WorkItem object at 0xffff71325970>","logger":"task.stdout"}
{"timestamp":"2026-01-01T00:10:53.083404Z","level":"info","event":"             │    └ <function batch_execute_tasks at 0xffff8d561d00>","logger":"task.stdout"}
{"timestamp":"2026-01-01T00:10:53.083446Z","level":"info","event":"             └ <concurrent.futures.thread._WorkItem object at 0xffff71325970>","logger":"task.stdout"}
{"timestamp":"2026-01-01T00:10:53.083488Z","level":"info","event":"  File \"/home/airflow/.local/lib/python3.12/site-packages/dask/local.py\", line 270, in batch_execute_tasks","logger":"task.stdout"}
{"timestamp":"2026-01-01T00:10:53.083531Z","level":"info","event":"    return [execute_task(*a) for a in it]","logger":"task.stdout"}
{"timestamp":"2026-01-01T00:10:53.083576Z","level":"info","event":"            │             │      │    └ [('process_flow_year_chunk-f61d2ed7-c1e2-41e5-b5d0-9a78f62244e5', (<Task 'process_flow_year_chunk-f61d2ed7-c1e2-41e5-b5d0-9a7...","logger":"task.stdout"}
{"timestamp":"2026-01-01T00:10:53.087266Z","level":"info","event":"            │             │      └ ('process_flow_year_chunk-f61d2ed7-c1e2-41e5-b5d0-9a78f62244e5', (<Task 'process_flow_year_chunk-f61d2ed7-c1e2-41e5-b5d0-9a78...","logger":"task.stdout"}
{"timestamp":"2026-01-01T00:10:53.087335Z","level":"info","event":"            │             └ ('process_flow_year_chunk-f61d2ed7-c1e2-41e5-b5d0-9a78f62244e5', (<Task 'process_flow_year_chunk-f61d2ed7-c1e2-41e5-b5d0-9a78...","logger":"task.stdout"}
{"timestamp":"2026-01-01T00:10:53.087431Z","level":"info","event":"            └ <function execute_task at 0xffff8d561c60>","logger":"task.stdout"}
{"timestamp":"2026-01-01T00:10:53.087475Z","level":"info","event":"  File \"/home/airflow/.local/lib/python3.12/site-packages/dask/local.py\", line 256, in execute_task","logger":"task.stdout"}
{"timestamp":"2026-01-01T00:10:53.087549Z","level":"info","event":"    result = task(data)","logger":"task.stdout"}
{"timestamp":"2026-01-01T00:10:53.087614Z","level":"info","event":"             │    └ {}","logger":"task.stdout"}
{"timestamp":"2026-01-01T00:10:53.087667Z","level":"info","event":"             └ <Task 'process_flow_year_chunk-f61d2ed7-c1e2-41e5-b5d0-9a78f62244e5' process_flow_year_chunk(...)>","logger":"task.stdout"}
{"timestamp":"2026-01-01T00:10:53.087814Z","level":"info","event":"  File \"/home/airflow/.local/lib/python3.12/site-packages/dask/_task_spec.py\", line 759, in __call__","logger":"task.stdout"}
{"timestamp":"2026-01-01T00:10:53.087884Z","level":"info","event":"    return self.func(*new_argspec)","logger":"task.stdout"}
{"timestamp":"2026-01-01T00:10:53.087960Z","level":"info","event":"           │    │     └ ('CPI', 'IMF.STA,CPI,latest', [1973, 1974, 1975, 1976, 1977], IMFConfig(key='all', sub_key='all', base_url='https://api.imf.o...","logger":"task.stdout"}
{"timestamp":"2026-01-01T00:10:53.088051Z","level":"info","event":"           │    └ <member 'func' of 'Task' objects>","logger":"task.stdout"}
{"timestamp":"2026-01-01T00:10:53.088103Z","level":"info","event":"           └ <Task 'process_flow_year_chunk-f61d2ed7-c1e2-41e5-b5d0-9a78f62244e5' process_flow_year_chunk(...)>","logger":"task.stdout"}
{"timestamp":"2026-01-01T00:10:53.088170Z","level":"info","event":"","logger":"task.stdout"}
{"timestamp":"2026-01-01T00:10:53.088219Z","level":"info","event":"> File \"/opt/airflow/dags/pipelines/imf/pipeline.py\", line 54, in process_flow_year_chunk","logger":"task.stdout"}
{"timestamp":"2026-01-01T00:10:53.088270Z","level":"info","event":"    if s3_object_exists(s3_cfg.bucket, s3_key, s3_cfg.region):","logger":"task.stdout"}
{"timestamp":"2026-01-01T00:10:53.088322Z","level":"info","event":"       │                │      │       │       │      └ 'eu-west-1'","logger":"task.stdout"}
{"timestamp":"2026-01-01T00:10:53.088384Z","level":"info","event":"       │                │      │       │       └ S3Config(bucket='personal-projectbucket', prefix='imf', region='eu-west-1')","logger":"task.stdout"}
{"timestamp":"2026-01-01T00:10:53.088466Z","level":"info","event":"       │                │      │       └ 'imf/CPI/year=1977/CPI_1977.csv'","logger":"task.stdout"}
{"timestamp":"2026-01-01T00:10:53.089909Z","level":"info","event":"       │                │      └ 'personal-projectbucket'","logger":"task.stdout"}
{"timestamp":"2026-01-01T00:10:53.089979Z","level":"info","event":"       │                └ S3Config(bucket='personal-projectbucket', prefix='imf', region='eu-west-1')","logger":"task.stdout"}
{"timestamp":"2026-01-01T00:10:53.090054Z","level":"info","event":"       └ <function s3_object_exists at 0xffff8cfba7a0>","logger":"task.stdout"}
{"timestamp":"2026-01-01T00:10:53.090145Z","level":"info","event":"","logger":"task.stdout"}
{"timestamp":"2026-01-01T00:10:53.090207Z","level":"info","event":"  File \"/opt/airflow/dags/pipelines/common/s3_utils.py\", line 29, in s3_object_exists","logger":"task.stdout"}
{"timestamp":"2026-01-01T00:10:53.090317Z","level":"info","event":"    s3.head_object(Bucket=bucket, Key=key)","logger":"task.stdout"}
{"timestamp":"2026-01-01T00:10:53.090391Z","level":"info","event":"    │  │                  │           └ 'imf/CPI/year=1977/CPI_1977.csv'","logger":"task.stdout"}
{"timestamp":"2026-01-01T00:10:53.090487Z","level":"info","event":"    │  │                  └ 'personal-projectbucket'","logger":"task.stdout"}
{"timestamp":"2026-01-01T00:10:53.090542Z","level":"info","event":"    │  └ <function ClientCreator._create_api_method.<locals>._api_call at 0xffff71310680>","logger":"task.stdout"}
{"timestamp":"2026-01-01T00:10:53.090605Z","level":"info","event":"    └ <botocore.client.S3 object at 0xffff717a79e0>","logger":"task.stdout"}
{"timestamp":"2026-01-01T00:10:53.090696Z","level":"info","event":"","logger":"task.stdout"}
{"timestamp":"2026-01-01T00:10:53.090743Z","level":"info","event":"  File \"/home/airflow/.local/lib/python3.12/site-packages/botocore/client.py\", line 602, in _api_call","logger":"task.stdout"}
{"timestamp":"2026-01-01T00:10:53.090787Z","level":"info","event":"    return self._make_api_call(operation_name, kwargs)","logger":"task.stdout"}
{"timestamp":"2026-01-01T00:10:53.090842Z","level":"info","event":"           │    │              │               └ {'Bucket': 'personal-projectbucket', 'Key': 'imf/CPI/year=1977/CPI_1977.csv'}","logger":"task.stdout"}
{"timestamp":"2026-01-01T00:10:53.090887Z","level":"info","event":"           │    │              └ 'HeadObject'","logger":"task.stdout"}
{"timestamp":"2026-01-01T00:10:53.090934Z","level":"info","event":"           │    └ <function BaseClient._make_api_call at 0xffff8cf3b060>","logger":"task.stdout"}
{"timestamp":"2026-01-01T00:10:53.091000Z","level":"info","event":"           └ <botocore.client.S3 object at 0xffff717a79e0>","logger":"task.stdout"}
{"timestamp":"2026-01-01T00:10:53.091045Z","level":"info","event":"  File \"/home/airflow/.local/lib/python3.12/site-packages/botocore/context.py\", line 123, in wrapper","logger":"task.stdout"}
{"timestamp":"2026-01-01T00:10:53.091094Z","level":"info","event":"    return func(*args, **kwargs)","logger":"task.stdout"}
{"timestamp":"2026-01-01T00:10:53.091143Z","level":"info","event":"           │     │       └ {}","logger":"task.stdout"}
{"timestamp":"2026-01-01T00:10:53.091194Z","level":"info","event":"           │     └ (<botocore.client.S3 object at 0xffff717a79e0>, 'HeadObject', {'Bucket': 'personal-projectbucket', 'Key': 'imf/CPI/year=1977/...","logger":"task.stdout"}
{"timestamp":"2026-01-01T00:10:53.091254Z","level":"info","event":"           └ <function BaseClient._make_api_call at 0xffff8cf3afc0>","logger":"task.stdout"}
{"timestamp":"2026-01-01T00:10:53.091313Z","level":"info","event":"  File \"/home/airflow/.local/lib/python3.12/site-packages/botocore/client.py\", line 1078, in _make_api_call","logger":"task.stdout"}
{"timestamp":"2026-01-01T00:10:53.091384Z","level":"info","event":"    raise error_class(parsed_response, operation_name)","logger":"task.stdout"}
{"timestamp":"2026-01-01T00:10:53.091470Z","level":"info","event":"          │           │                └ 'HeadObject'","logger":"task.stdout"}
{"timestamp":"2026-01-01T00:10:53.091542Z","level":"info","event":"          │           └ {'Error': {'Code': '403', 'Message': 'Forbidden'}, 'ResponseMetadata': {'RequestId': 'NS120ZRZDH6G1S5H', 'HostId': 't12yl/VfA...","logger":"task.stdout"}
{"timestamp":"2026-01-01T00:10:53.091594Z","level":"info","event":"          └ <class 'botocore.exceptions.ClientError'>","logger":"task.stdout"}
{"timestamp":"2026-01-01T00:10:53.091661Z","level":"info","event":"","logger":"task.stdout"}
{"timestamp":"2026-01-01T00:10:53.091713Z","level":"info","event":"botocore.exceptions.ClientError: An error occurred (403) when calling the HeadObject operation: Forbidden","logger":"task.stdout"}
{"timestamp":"2026-01-01T00:10:53.213926Z","level":"info","event":"2026-01-01 00:10:53 | ERROR | S3 head_object failed | flow=IMTS year=2018 key=imf/IMTS/year=2018/IMTS_2018.csv","logger":"task.stdout"}
{"timestamp":"2026-01-01T00:10:53.216273Z","level":"info","event":"Traceback (most recent call last):","logger":"task.stdout"}
{"timestamp":"2026-01-01T00:10:53.216366Z","level":"info","event":"","logger":"task.stdout"}
{"timestamp":"2026-01-01T00:10:53.216411Z","level":"info","event":"  File \"/usr/python/lib/python3.12/threading.py\", line 1032, in _bootstrap","logger":"task.stdout"}
{"timestamp":"2026-01-01T00:10:53.216448Z","level":"info","event":"    self._bootstrap_inner()","logger":"task.stdout"}
{"timestamp":"2026-01-01T00:10:53.216484Z","level":"info","event":"    │    └ <function Thread._bootstrap_inner at 0xffff99068f40>","logger":"task.stdout"}
{"timestamp":"2026-01-01T00:10:53.216518Z","level":"info","event":"    └ <Thread(ThreadPoolExecutor-1_0, started 281472806220128)>","logger":"task.stdout"}
{"timestamp":"2026-01-01T00:10:53.216551Z","level":"info","event":"  File \"/usr/python/lib/python3.12/threading.py\", line 1075, in _bootstrap_inner","logger":"task.stdout"}
{"timestamp":"2026-01-01T00:10:53.216584Z","level":"info","event":"    self.run()","logger":"task.stdout"}
{"timestamp":"2026-01-01T00:10:53.216618Z","level":"info","event":"    │    └ <function Thread.run at 0xffff99068c20>","logger":"task.stdout"}
{"timestamp":"2026-01-01T00:10:53.216651Z","level":"info","event":"    └ <Thread(ThreadPoolExecutor-1_0, started 281472806220128)>","logger":"task.stdout"}
{"timestamp":"2026-01-01T00:10:53.216684Z","level":"info","event":"  File \"/usr/python/lib/python3.12/threading.py\", line 1012, in run","logger":"task.stdout"}
{"timestamp":"2026-01-01T00:10:53.216716Z","level":"info","event":"    self._target(*self._args, **self._kwargs)","logger":"task.stdout"}
{"timestamp":"2026-01-01T00:10:53.216748Z","level":"info","event":"    │    │        │    │        │    └ {}","logger":"task.stdout"}
{"timestamp":"2026-01-01T00:10:53.216782Z","level":"info","event":"    │    │        │    │        └ <Thread(ThreadPoolExecutor-1_0, started 281472806220128)>","logger":"task.stdout"}
{"timestamp":"2026-01-01T00:10:53.216818Z","level":"info","event":"    │    │        │    └ (<weakref at 0xffff90350ef0; to 'ThreadPoolExecutor' at 0xffff86d3eb70>, <_queue.SimpleQueue object at 0xffff712e3b00>, None,...","logger":"task.stdout"}
{"timestamp":"2026-01-01T00:10:53.216851Z","level":"info","event":"    │    │        └ <Thread(ThreadPoolExecutor-1_0, started 281472806220128)>","logger":"task.stdout"}
{"timestamp":"2026-01-01T00:10:53.216884Z","level":"info","event":"    │    └ <function _worker at 0xffff937a1c60>","logger":"task.stdout"}
{"timestamp":"2026-01-01T00:10:53.216916Z","level":"info","event":"    └ <Thread(ThreadPoolExecutor-1_0, started 281472806220128)>","logger":"task.stdout"}
{"timestamp":"2026-01-01T00:10:53.216948Z","level":"info","event":"  File \"/usr/python/lib/python3.12/concurrent/futures/thread.py\", line 93, in _worker","logger":"task.stdout"}
{"timestamp":"2026-01-01T00:10:53.217015Z","level":"info","event":"    work_item.run()","logger":"task.stdout"}
{"timestamp":"2026-01-01T00:10:53.217047Z","level":"info","event":"    │         └ <function _WorkItem.run at 0xffff937a1da0>","logger":"task.stdout"}
{"timestamp":"2026-01-01T00:10:53.217077Z","level":"info","event":"    └ <concurrent.futures.thread._WorkItem object at 0xffff91874ec0>","logger":"task.stdout"}
{"timestamp":"2026-01-01T00:10:53.217108Z","level":"info","event":"  File \"/usr/python/lib/python3.12/concurrent/futures/thread.py\", line 59, in run","logger":"task.stdout"}
{"timestamp":"2026-01-01T00:10:53.217145Z","level":"info","event":"    result = self.fn(*self.args, **self.kwargs)","logger":"task.stdout"}
{"timestamp":"2026-01-01T00:10:53.217183Z","level":"info","event":"             │    │   │    │       │    └ {}","logger":"task.stdout"}
{"timestamp":"2026-01-01T00:10:53.217221Z","level":"info","event":"             │    │   │    │       └ <concurrent.futures.thread._WorkItem object at 0xffff91874ec0>","logger":"task.stdout"}
{"timestamp":"2026-01-01T00:10:53.217262Z","level":"info","event":"             │    │   │    └ ([('process_flow_year_chunk-e9b21362-2f5c-49ef-a3c0-8c047e9911aa', (<Task 'process_flow_year_chunk-e9b21362-2f5c-49ef-a3c0-8c...","logger":"task.stdout"}
{"timestamp":"2026-01-01T00:10:53.217294Z","level":"info","event":"             │    │   └ <concurrent.futures.thread._WorkItem object at 0xffff91874ec0>","logger":"task.stdout"}
{"timestamp":"2026-01-01T00:10:53.217325Z","level":"info","event":"             │    └ <function batch_execute_tasks at 0xffff8d561d00>","logger":"task.stdout"}
{"timestamp":"2026-01-01T00:10:53.217355Z","level":"info","event":"             └ <concurrent.futures.thread._WorkItem object at 0xffff91874ec0>","logger":"task.stdout"}
{"timestamp":"2026-01-01T00:10:53.217387Z","level":"info","event":"  File \"/home/airflow/.local/lib/python3.12/site-packages/dask/local.py\", line 270, in batch_execute_tasks","logger":"task.stdout"}
{"timestamp":"2026-01-01T00:10:53.217419Z","level":"info","event":"    return [execute_task(*a) for a in it]","logger":"task.stdout"}
{"timestamp":"2026-01-01T00:10:53.217450Z","level":"info","event":"            │             │      │    └ [('process_flow_year_chunk-e9b21362-2f5c-49ef-a3c0-8c047e9911aa', (<Task 'process_flow_year_chunk-e9b21362-2f5c-49ef-a3c0-8c0...","logger":"task.stdout"}
{"timestamp":"2026-01-01T00:10:53.217483Z","level":"info","event":"            │             │      └ ('process_flow_year_chunk-e9b21362-2f5c-49ef-a3c0-8c047e9911aa', (<Task 'process_flow_year_chunk-e9b21362-2f5c-49ef-a3c0-8c04...","logger":"task.stdout"}
{"timestamp":"2026-01-01T00:10:53.217515Z","level":"info","event":"            │             └ ('process_flow_year_chunk-e9b21362-2f5c-49ef-a3c0-8c047e9911aa', (<Task 'process_flow_year_chunk-e9b21362-2f5c-49ef-a3c0-8c04...","logger":"task.stdout"}
{"timestamp":"2026-01-01T00:10:53.217546Z","level":"info","event":"            └ <function execute_task at 0xffff8d561c60>","logger":"task.stdout"}
{"timestamp":"2026-01-01T00:10:53.217578Z","level":"info","event":"  File \"/home/airflow/.local/lib/python3.12/site-packages/dask/local.py\", line 256, in execute_task","logger":"task.stdout"}
{"timestamp":"2026-01-01T00:10:53.217610Z","level":"info","event":"    result = task(data)","logger":"task.stdout"}
{"timestamp":"2026-01-01T00:10:53.217640Z","level":"info","event":"             │    └ {}","logger":"task.stdout"}
{"timestamp":"2026-01-01T00:10:53.217671Z","level":"info","event":"             └ <Task 'process_flow_year_chunk-e9b21362-2f5c-49ef-a3c0-8c047e9911aa' process_flow_year_chunk(...)>","logger":"task.stdout"}
{"timestamp":"2026-01-01T00:10:53.217702Z","level":"info","event":"  File \"/home/airflow/.local/lib/python3.12/site-packages/dask/_task_spec.py\", line 759, in __call__","logger":"task.stdout"}
{"timestamp":"2026-01-01T00:10:53.217732Z","level":"info","event":"    return self.func(*new_argspec)","logger":"task.stdout"}
{"timestamp":"2026-01-01T00:10:53.217788Z","level":"info","event":"           │    │     └ ('IMTS', 'IMF.STA,IMTS,latest', [2018, 2019, 2020, 2021, 2022], IMFConfig(key='all', sub_key='all', base_url='https://api.imf...","logger":"task.stdout"}
{"timestamp":"2026-01-01T00:10:53.217819Z","level":"info","event":"           │    └ <member 'func' of 'Task' objects>","logger":"task.stdout"}
{"timestamp":"2026-01-01T00:10:53.217849Z","level":"info","event":"           └ <Task 'process_flow_year_chunk-e9b21362-2f5c-49ef-a3c0-8c047e9911aa' process_flow_year_chunk(...)>","logger":"task.stdout"}
{"timestamp":"2026-01-01T00:10:53.217882Z","level":"info","event":"","logger":"task.stdout"}
{"timestamp":"2026-01-01T00:10:53.217915Z","level":"info","event":"> File \"/opt/airflow/dags/pipelines/imf/pipeline.py\", line 54, in process_flow_year_chunk","logger":"task.stdout"}
{"timestamp":"2026-01-01T00:10:53.217946Z","level":"info","event":"    if s3_object_exists(s3_cfg.bucket, s3_key, s3_cfg.region):","logger":"task.stdout"}
{"timestamp":"2026-01-01T00:10:53.217978Z","level":"info","event":"       │                │      │       │       │      └ 'eu-west-1'","logger":"task.stdout"}
{"timestamp":"2026-01-01T00:10:53.218011Z","level":"info","event":"       │                │      │       │       └ S3Config(bucket='personal-projectbucket', prefix='imf', region='eu-west-1')","logger":"task.stdout"}
{"timestamp":"2026-01-01T00:10:53.218043Z","level":"info","event":"       │                │      │       └ 'imf/IMTS/year=2018/IMTS_2018.csv'","logger":"task.stdout"}
{"timestamp":"2026-01-01T00:10:53.218125Z","level":"info","event":"       │                │      └ 'personal-projectbucket'","logger":"task.stdout"}
{"timestamp":"2026-01-01T00:10:53.218164Z","level":"info","event":"       │                └ S3Config(bucket='personal-projectbucket', prefix='imf', region='eu-west-1')","logger":"task.stdout"}
{"timestamp":"2026-01-01T00:10:53.218196Z","level":"info","event":"       └ <function s3_object_exists at 0xffff8cfba7a0>","logger":"task.stdout"}
{"timestamp":"2026-01-01T00:10:53.218227Z","level":"info","event":"","logger":"task.stdout"}
{"timestamp":"2026-01-01T00:10:53.218261Z","level":"info","event":"  File \"/opt/airflow/dags/pipelines/common/s3_utils.py\", line 29, in s3_object_exists","logger":"task.stdout"}
{"timestamp":"2026-01-01T00:10:53.218293Z","level":"info","event":"    s3.head_object(Bucket=bucket, Key=key)","logger":"task.stdout"}
{"timestamp":"2026-01-01T00:10:53.218324Z","level":"info","event":"    │  │                  │           └ 'imf/IMTS/year=2018/IMTS_2018.csv'","logger":"task.stdout"}
{"timestamp":"2026-01-01T00:10:53.218354Z","level":"info","event":"    │  │                  └ 'personal-projectbucket'","logger":"task.stdout"}
{"timestamp":"2026-01-01T00:10:53.218384Z","level":"info","event":"    │  └ <function ClientCreator._create_api_method.<locals>._api_call at 0xffff71310680>","logger":"task.stdout"}
{"timestamp":"2026-01-01T00:10:53.218417Z","level":"info","event":"    └ <botocore.client.S3 object at 0xffff717a79e0>","logger":"task.stdout"}
{"timestamp":"2026-01-01T00:10:53.218447Z","level":"info","event":"","logger":"task.stdout"}
{"timestamp":"2026-01-01T00:10:53.218479Z","level":"info","event":"  File \"/home/airflow/.local/lib/python3.12/site-packages/botocore/client.py\", line 602, in _api_call","logger":"task.stdout"}
{"timestamp":"2026-01-01T00:10:53.218510Z","level":"info","event":"    return self._make_api_call(operation_name, kwargs)","logger":"task.stdout"}
{"timestamp":"2026-01-01T00:10:53.218543Z","level":"info","event":"           │    │              │               └ {'Bucket': 'personal-projectbucket', 'Key': 'imf/IMTS/year=2018/IMTS_2018.csv'}","logger":"task.stdout"}
{"timestamp":"2026-01-01T00:10:53.218578Z","level":"info","event":"           │    │              └ 'HeadObject'","logger":"task.stdout"}
{"timestamp":"2026-01-01T00:10:53.218610Z","level":"info","event":"           │    └ <function BaseClient._make_api_call at 0xffff8cf3b060>","logger":"task.stdout"}
{"timestamp":"2026-01-01T00:10:53.218666Z","level":"info","event":"           └ <botocore.client.S3 object at 0xffff717a79e0>","logger":"task.stdout"}
{"timestamp":"2026-01-01T00:10:53.218697Z","level":"info","event":"  File \"/home/airflow/.local/lib/python3.12/site-packages/botocore/context.py\", line 123, in wrapper","logger":"task.stdout"}
{"timestamp":"2026-01-01T00:10:53.218728Z","level":"info","event":"    return func(*args, **kwargs)","logger":"task.stdout"}
{"timestamp":"2026-01-01T00:10:53.218758Z","level":"info","event":"           │     │       └ {}","logger":"task.stdout"}
{"timestamp":"2026-01-01T00:10:53.218798Z","level":"info","event":"           │     └ (<botocore.client.S3 object at 0xffff717a79e0>, 'HeadObject', {'Bucket': 'personal-projectbucket', 'Key': 'imf/IMTS/year=2018...","logger":"task.stdout"}
{"timestamp":"2026-01-01T00:10:53.218832Z","level":"info","event":"           └ <function BaseClient._make_api_call at 0xffff8cf3afc0>","logger":"task.stdout"}
{"timestamp":"2026-01-01T00:10:53.218865Z","level":"info","event":"  File \"/home/airflow/.local/lib/python3.12/site-packages/botocore/client.py\", line 1078, in _make_api_call","logger":"task.stdout"}
{"timestamp":"2026-01-01T00:10:53.218900Z","level":"info","event":"    raise error_class(parsed_response, operation_name)","logger":"task.stdout"}
{"timestamp":"2026-01-01T00:10:53.218932Z","level":"info","event":"          │           │                └ 'HeadObject'","logger":"task.stdout"}
{"timestamp":"2026-01-01T00:10:53.218963Z","level":"info","event":"          │           └ {'Error': {'Code': '403', 'Message': 'Forbidden'}, 'ResponseMetadata': {'RequestId': 'NS13K86YKHAZTGPE', 'HostId': 'rcBD13Hri...","logger":"task.stdout"}
{"timestamp":"2026-01-01T00:10:53.218994Z","level":"info","event":"          └ <class 'botocore.exceptions.ClientError'>","logger":"task.stdout"}
{"timestamp":"2026-01-01T00:10:53.219024Z","level":"info","event":"","logger":"task.stdout"}
{"timestamp":"2026-01-01T00:10:53.219054Z","level":"info","event":"botocore.exceptions.ClientError: An error occurred (403) when calling the HeadObject operation: Forbidden","logger":"task.stdout"}
{"timestamp":"2026-01-01T00:10:53.353397Z","level":"info","event":"2026-01-01 00:10:53 | ERROR | S3 head_object failed | flow=IMTS year=2019 key=imf/IMTS/year=2019/IMTS_2019.csv","logger":"task.stdout"}
{"timestamp":"2026-01-01T00:10:53.353549Z","level":"info","event":"Traceback (most recent call last):","logger":"task.stdout"}
{"timestamp":"2026-01-01T00:10:53.353603Z","level":"info","event":"","logger":"task.stdout"}
{"timestamp":"2026-01-01T00:10:53.353647Z","level":"info","event":"  File \"/usr/python/lib/python3.12/threading.py\", line 1032, in _bootstrap","logger":"task.stdout"}
{"timestamp":"2026-01-01T00:10:53.353690Z","level":"info","event":"    self._bootstrap_inner()","logger":"task.stdout"}
{"timestamp":"2026-01-01T00:10:53.353731Z","level":"info","event":"    │    └ <function Thread._bootstrap_inner at 0xffff99068f40>","logger":"task.stdout"}
{"timestamp":"2026-01-01T00:10:53.353771Z","level":"info","event":"    └ <Thread(ThreadPoolExecutor-1_0, started 281472806220128)>","logger":"task.stdout"}
{"timestamp":"2026-01-01T00:10:53.353810Z","level":"info","event":"  File \"/usr/python/lib/python3.12/threading.py\", line 1075, in _bootstrap_inner","logger":"task.stdout"}
{"timestamp":"2026-01-01T00:10:53.353847Z","level":"info","event":"    self.run()","logger":"task.stdout"}
{"timestamp":"2026-01-01T00:10:53.353884Z","level":"info","event":"    │    └ <function Thread.run at 0xffff99068c20>","logger":"task.stdout"}
{"timestamp":"2026-01-01T00:10:53.356262Z","level":"info","event":"    └ <Thread(ThreadPoolExecutor-1_0, started 281472806220128)>","logger":"task.stdout"}
{"timestamp":"2026-01-01T00:10:53.356316Z","level":"info","event":"  File \"/usr/python/lib/python3.12/threading.py\", line 1012, in run","logger":"task.stdout"}
{"timestamp":"2026-01-01T00:10:53.356390Z","level":"info","event":"    self._target(*self._args, **self._kwargs)","logger":"task.stdout"}
{"timestamp":"2026-01-01T00:10:53.356428Z","level":"info","event":"    │    │        │    │        │    └ {}","logger":"task.stdout"}
{"timestamp":"2026-01-01T00:10:53.356464Z","level":"info","event":"    │    │        │    │        └ <Thread(ThreadPoolExecutor-1_0, started 281472806220128)>","logger":"task.stdout"}
{"timestamp":"2026-01-01T00:10:53.356504Z","level":"info","event":"    │    │        │    └ (<weakref at 0xffff90350ef0; to 'ThreadPoolExecutor' at 0xffff86d3eb70>, <_queue.SimpleQueue object at 0xffff712e3b00>, None,...","logger":"task.stdout"}
{"timestamp":"2026-01-01T00:10:53.356541Z","level":"info","event":"    │    │        └ <Thread(ThreadPoolExecutor-1_0, started 281472806220128)>","logger":"task.stdout"}
{"timestamp":"2026-01-01T00:10:53.356576Z","level":"info","event":"    │    └ <function _worker at 0xffff937a1c60>","logger":"task.stdout"}
{"timestamp":"2026-01-01T00:10:53.356612Z","level":"info","event":"    └ <Thread(ThreadPoolExecutor-1_0, started 281472806220128)>","logger":"task.stdout"}
{"timestamp":"2026-01-01T00:10:53.356648Z","level":"info","event":"  File \"/usr/python/lib/python3.12/concurrent/futures/thread.py\", line 93, in _worker","logger":"task.stdout"}
{"timestamp":"2026-01-01T00:10:53.356683Z","level":"info","event":"    work_item.run()","logger":"task.stdout"}
{"timestamp":"2026-01-01T00:10:53.356718Z","level":"info","event":"    │         └ <function _WorkItem.run at 0xffff937a1da0>","logger":"task.stdout"}
{"timestamp":"2026-01-01T00:10:53.356756Z","level":"info","event":"    └ <concurrent.futures.thread._WorkItem object at 0xffff91874ec0>","logger":"task.stdout"}
{"timestamp":"2026-01-01T00:10:53.356795Z","level":"info","event":"  File \"/usr/python/lib/python3.12/concurrent/futures/thread.py\", line 59, in run","logger":"task.stdout"}
{"timestamp":"2026-01-01T00:10:53.356831Z","level":"info","event":"    result = self.fn(*self.args, **self.kwargs)","logger":"task.stdout"}
{"timestamp":"2026-01-01T00:10:53.356867Z","level":"info","event":"             │    │   │    │       │    └ {}","logger":"task.stdout"}
{"timestamp":"2026-01-01T00:10:53.356905Z","level":"info","event":"             │    │   │    │       └ <concurrent.futures.thread._WorkItem object at 0xffff91874ec0>","logger":"task.stdout"}
{"timestamp":"2026-01-01T00:10:53.356941Z","level":"info","event":"             │    │   │    └ ([('process_flow_year_chunk-e9b21362-2f5c-49ef-a3c0-8c047e9911aa', (<Task 'process_flow_year_chunk-e9b21362-2f5c-49ef-a3c0-8c...","logger":"task.stdout"}
{"timestamp":"2026-01-01T00:10:53.356978Z","level":"info","event":"             │    │   └ <concurrent.futures.thread._WorkItem object at 0xffff91874ec0>","logger":"task.stdout"}
{"timestamp":"2026-01-01T00:10:53.357014Z","level":"info","event":"             │    └ <function batch_execute_tasks at 0xffff8d561d00>","logger":"task.stdout"}
{"timestamp":"2026-01-01T00:10:53.357049Z","level":"info","event":"             └ <concurrent.futures.thread._WorkItem object at 0xffff91874ec0>","logger":"task.stdout"}
{"timestamp":"2026-01-01T00:10:53.357085Z","level":"info","event":"  File \"/home/airflow/.local/lib/python3.12/site-packages/dask/local.py\", line 270, in batch_execute_tasks","logger":"task.stdout"}
{"timestamp":"2026-01-01T00:10:53.357121Z","level":"info","event":"    return [execute_task(*a) for a in it]","logger":"task.stdout"}
{"timestamp":"2026-01-01T00:10:53.357158Z","level":"info","event":"            │             │      │    └ [('process_flow_year_chunk-e9b21362-2f5c-49ef-a3c0-8c047e9911aa', (<Task 'process_flow_year_chunk-e9b21362-2f5c-49ef-a3c0-8c0...","logger":"task.stdout"}
{"timestamp":"2026-01-01T00:10:53.357196Z","level":"info","event":"            │             │      └ ('process_flow_year_chunk-e9b21362-2f5c-49ef-a3c0-8c047e9911aa', (<Task 'process_flow_year_chunk-e9b21362-2f5c-49ef-a3c0-8c04...","logger":"task.stdout"}
{"timestamp":"2026-01-01T00:10:53.357260Z","level":"info","event":"            │             └ ('process_flow_year_chunk-e9b21362-2f5c-49ef-a3c0-8c047e9911aa', (<Task 'process_flow_year_chunk-e9b21362-2f5c-49ef-a3c0-8c04...","logger":"task.stdout"}
{"timestamp":"2026-01-01T00:10:53.357296Z","level":"info","event":"            └ <function execute_task at 0xffff8d561c60>","logger":"task.stdout"}
{"timestamp":"2026-01-01T00:10:53.357332Z","level":"info","event":"  File \"/home/airflow/.local/lib/python3.12/site-packages/dask/local.py\", line 256, in execute_task","logger":"task.stdout"}
{"timestamp":"2026-01-01T00:10:53.357368Z","level":"info","event":"    result = task(data)","logger":"task.stdout"}
{"timestamp":"2026-01-01T00:10:53.357407Z","level":"info","event":"             │    └ {}","logger":"task.stdout"}
{"timestamp":"2026-01-01T00:10:53.357443Z","level":"info","event":"             └ <Task 'process_flow_year_chunk-e9b21362-2f5c-49ef-a3c0-8c047e9911aa' process_flow_year_chunk(...)>","logger":"task.stdout"}
{"timestamp":"2026-01-01T00:10:53.357480Z","level":"info","event":"  File \"/home/airflow/.local/lib/python3.12/site-packages/dask/_task_spec.py\", line 759, in __call__","logger":"task.stdout"}
{"timestamp":"2026-01-01T00:10:53.357517Z","level":"info","event":"    return self.func(*new_argspec)","logger":"task.stdout"}
{"timestamp":"2026-01-01T00:10:53.357553Z","level":"info","event":"           │    │     └ ('IMTS', 'IMF.STA,IMTS,latest', [2018, 2019, 2020, 2021, 2022], IMFConfig(key='all', sub_key='all', base_url='https://api.imf...","logger":"task.stdout"}
{"timestamp":"2026-01-01T00:10:53.357589Z","level":"info","event":"           │    └ <member 'func' of 'Task' objects>","logger":"task.stdout"}
{"timestamp":"2026-01-01T00:10:53.357624Z","level":"info","event":"           └ <Task 'process_flow_year_chunk-e9b21362-2f5c-49ef-a3c0-8c047e9911aa' process_flow_year_chunk(...)>","logger":"task.stdout"}
{"timestamp":"2026-01-01T00:10:53.357660Z","level":"info","event":"","logger":"task.stdout"}
{"timestamp":"2026-01-01T00:10:53.357697Z","level":"info","event":"> File \"/opt/airflow/dags/pipelines/imf/pipeline.py\", line 54, in process_flow_year_chunk","logger":"task.stdout"}
{"timestamp":"2026-01-01T00:10:53.357733Z","level":"info","event":"    if s3_object_exists(s3_cfg.bucket, s3_key, s3_cfg.region):","logger":"task.stdout"}
{"timestamp":"2026-01-01T00:10:53.357769Z","level":"info","event":"       │                │      │       │       │      └ 'eu-west-1'","logger":"task.stdout"}
{"timestamp":"2026-01-01T00:10:53.357804Z","level":"info","event":"       │                │      │       │       └ S3Config(bucket='personal-projectbucket', prefix='imf', region='eu-west-1')","logger":"task.stdout"}
{"timestamp":"2026-01-01T00:10:53.357839Z","level":"info","event":"       │                │      │       └ 'imf/IMTS/year=2019/IMTS_2019.csv'","logger":"task.stdout"}
{"timestamp":"2026-01-01T00:10:53.357911Z","level":"info","event":"       │                │      └ 'personal-projectbucket'","logger":"task.stdout"}
{"timestamp":"2026-01-01T00:10:53.357949Z","level":"info","event":"       │                └ S3Config(bucket='personal-projectbucket', prefix='imf', region='eu-west-1')","logger":"task.stdout"}
{"timestamp":"2026-01-01T00:10:53.357985Z","level":"info","event":"       └ <function s3_object_exists at 0xffff8cfba7a0>","logger":"task.stdout"}
{"timestamp":"2026-01-01T00:10:53.358020Z","level":"info","event":"","logger":"task.stdout"}
{"timestamp":"2026-01-01T00:10:53.358054Z","level":"info","event":"  File \"/opt/airflow/dags/pipelines/common/s3_utils.py\", line 29, in s3_object_exists","logger":"task.stdout"}
{"timestamp":"2026-01-01T00:10:53.358090Z","level":"info","event":"    s3.head_object(Bucket=bucket, Key=key)","logger":"task.stdout"}
{"timestamp":"2026-01-01T00:10:53.358125Z","level":"info","event":"    │  │                  │           └ 'imf/IMTS/year=2019/IMTS_2019.csv'","logger":"task.stdout"}
{"timestamp":"2026-01-01T00:10:53.358194Z","level":"info","event":"    │  │                  └ 'personal-projectbucket'","logger":"task.stdout"}
{"timestamp":"2026-01-01T00:10:53.358229Z","level":"info","event":"    │  └ <function ClientCreator._create_api_method.<locals>._api_call at 0xffff71310680>","logger":"task.stdout"}
{"timestamp":"2026-01-01T00:10:53.358286Z","level":"info","event":"    └ <botocore.client.S3 object at 0xffff717a79e0>","logger":"task.stdout"}
{"timestamp":"2026-01-01T00:10:53.358330Z","level":"info","event":"","logger":"task.stdout"}
{"timestamp":"2026-01-01T00:10:53.358367Z","level":"info","event":"  File \"/home/airflow/.local/lib/python3.12/site-packages/botocore/client.py\", line 602, in _api_call","logger":"task.stdout"}
{"timestamp":"2026-01-01T00:10:53.358403Z","level":"info","event":"    return self._make_api_call(operation_name, kwargs)","logger":"task.stdout"}
{"timestamp":"2026-01-01T00:10:53.358438Z","level":"info","event":"           │    │              │               └ {'Bucket': 'personal-projectbucket', 'Key': 'imf/IMTS/year=2019/IMTS_2019.csv'}","logger":"task.stdout"}
{"timestamp":"2026-01-01T00:10:53.358474Z","level":"info","event":"           │    │              └ 'HeadObject'","logger":"task.stdout"}
{"timestamp":"2026-01-01T00:10:53.358510Z","level":"info","event":"           │    └ <function BaseClient._make_api_call at 0xffff8cf3b060>","logger":"task.stdout"}
{"timestamp":"2026-01-01T00:10:53.358545Z","level":"info","event":"           └ <botocore.client.S3 object at 0xffff717a79e0>","logger":"task.stdout"}
{"timestamp":"2026-01-01T00:10:53.358581Z","level":"info","event":"  File \"/home/airflow/.local/lib/python3.12/site-packages/botocore/context.py\", line 123, in wrapper","logger":"task.stdout"}
{"timestamp":"2026-01-01T00:10:53.358615Z","level":"info","event":"    return func(*args, **kwargs)","logger":"task.stdout"}
{"timestamp":"2026-01-01T00:10:53.358647Z","level":"info","event":"           │     │       └ {}","logger":"task.stdout"}
{"timestamp":"2026-01-01T00:10:53.358686Z","level":"info","event":"           │     └ (<botocore.client.S3 object at 0xffff717a79e0>, 'HeadObject', {'Bucket': 'personal-projectbucket', 'Key': 'imf/IMTS/year=2019...","logger":"task.stdout"}
{"timestamp":"2026-01-01T00:10:53.358721Z","level":"info","event":"           └ <function BaseClient._make_api_call at 0xffff8cf3afc0>","logger":"task.stdout"}
{"timestamp":"2026-01-01T00:10:53.358757Z","level":"info","event":"  File \"/home/airflow/.local/lib/python3.12/site-packages/botocore/client.py\", line 1078, in _make_api_call","logger":"task.stdout"}
{"timestamp":"2026-01-01T00:10:53.358793Z","level":"info","event":"    raise error_class(parsed_response, operation_name)","logger":"task.stdout"}
{"timestamp":"2026-01-01T00:10:53.358828Z","level":"info","event":"          │           │                └ 'HeadObject'","logger":"task.stdout"}
{"timestamp":"2026-01-01T00:10:53.358864Z","level":"info","event":"          │           └ {'Error': {'Code': '403', 'Message': 'Forbidden'}, 'ResponseMetadata': {'RequestId': 'NS17M3SRJH1KJ5TM', 'HostId': 'DfFa4y8nL...","logger":"task.stdout"}
{"timestamp":"2026-01-01T00:10:53.358901Z","level":"info","event":"          └ <class 'botocore.exceptions.ClientError'>","logger":"task.stdout"}
{"timestamp":"2026-01-01T00:10:53.358937Z","level":"info","event":"","logger":"task.stdout"}
{"timestamp":"2026-01-01T00:10:53.358971Z","level":"info","event":"botocore.exceptions.ClientError: An error occurred (403) when calling the HeadObject operation: Forbidden","logger":"task.stdout"}
{"timestamp":"2026-01-01T00:10:53.492871Z","level":"info","event":"2026-01-01 00:10:53 | ERROR | S3 head_object failed | flow=IMTS year=2020 key=imf/IMTS/year=2020/IMTS_2020.csv","logger":"task.stdout"}
{"timestamp":"2026-01-01T00:10:53.492990Z","level":"info","event":"Traceback (most recent call last):","logger":"task.stdout"}
{"timestamp":"2026-01-01T00:10:53.493036Z","level":"info","event":"","logger":"task.stdout"}
{"timestamp":"2026-01-01T00:10:53.493076Z","level":"info","event":"  File \"/usr/python/lib/python3.12/threading.py\", line 1032, in _bootstrap","logger":"task.stdout"}
{"timestamp":"2026-01-01T00:10:53.493169Z","level":"info","event":"    self._bootstrap_inner()","logger":"task.stdout"}
{"timestamp":"2026-01-01T00:10:53.493213Z","level":"info","event":"    │    └ <function Thread._bootstrap_inner at 0xffff99068f40>","logger":"task.stdout"}
{"timestamp":"2026-01-01T00:10:53.493260Z","level":"info","event":"    └ <Thread(ThreadPoolExecutor-1_0, started 281472806220128)>","logger":"task.stdout"}
{"timestamp":"2026-01-01T00:10:53.493298Z","level":"info","event":"  File \"/usr/python/lib/python3.12/threading.py\", line 1075, in _bootstrap_inner","logger":"task.stdout"}
{"timestamp":"2026-01-01T00:10:53.493335Z","level":"info","event":"    self.run()","logger":"task.stdout"}
{"timestamp":"2026-01-01T00:10:53.493372Z","level":"info","event":"    │    └ <function Thread.run at 0xffff99068c20>","logger":"task.stdout"}
{"timestamp":"2026-01-01T00:10:53.493408Z","level":"info","event":"    └ <Thread(ThreadPoolExecutor-1_0, started 281472806220128)>","logger":"task.stdout"}
{"timestamp":"2026-01-01T00:10:53.493445Z","level":"info","event":"  File \"/usr/python/lib/python3.12/threading.py\", line 1012, in run","logger":"task.stdout"}
{"timestamp":"2026-01-01T00:10:53.493480Z","level":"info","event":"    self._target(*self._args, **self._kwargs)","logger":"task.stdout"}
{"timestamp":"2026-01-01T00:10:53.493516Z","level":"info","event":"    │    │        │    │        │    └ {}","logger":"task.stdout"}
{"timestamp":"2026-01-01T00:10:53.493551Z","level":"info","event":"    │    │        │    │        └ <Thread(ThreadPoolExecutor-1_0, started 281472806220128)>","logger":"task.stdout"}
{"timestamp":"2026-01-01T00:10:53.493588Z","level":"info","event":"    │    │        │    └ (<weakref at 0xffff90350ef0; to 'ThreadPoolExecutor' at 0xffff86d3eb70>, <_queue.SimpleQueue object at 0xffff712e3b00>, None,...","logger":"task.stdout"}
{"timestamp":"2026-01-01T00:10:53.493624Z","level":"info","event":"    │    │        └ <Thread(ThreadPoolExecutor-1_0, started 281472806220128)>","logger":"task.stdout"}
{"timestamp":"2026-01-01T00:10:53.493660Z","level":"info","event":"    │    └ <function _worker at 0xffff937a1c60>","logger":"task.stdout"}
{"timestamp":"2026-01-01T00:10:53.493695Z","level":"info","event":"    └ <Thread(ThreadPoolExecutor-1_0, started 281472806220128)>","logger":"task.stdout"}
{"timestamp":"2026-01-01T00:10:53.493730Z","level":"info","event":"  File \"/usr/python/lib/python3.12/concurrent/futures/thread.py\", line 93, in _worker","logger":"task.stdout"}
{"timestamp":"2026-01-01T00:10:53.493765Z","level":"info","event":"    work_item.run()","logger":"task.stdout"}
{"timestamp":"2026-01-01T00:10:53.493799Z","level":"info","event":"    │         └ <function _WorkItem.run at 0xffff937a1da0>","logger":"task.stdout"}
{"timestamp":"2026-01-01T00:10:53.493834Z","level":"info","event":"    └ <concurrent.futures.thread._WorkItem object at 0xffff91874ec0>","logger":"task.stdout"}
{"timestamp":"2026-01-01T00:10:53.493868Z","level":"info","event":"  File \"/usr/python/lib/python3.12/concurrent/futures/thread.py\", line 59, in run","logger":"task.stdout"}
{"timestamp":"2026-01-01T00:10:53.493903Z","level":"info","event":"    result = self.fn(*self.args, **self.kwargs)","logger":"task.stdout"}
{"timestamp":"2026-01-01T00:10:53.493938Z","level":"info","event":"             │    │   │    │       │    └ {}","logger":"task.stdout"}
{"timestamp":"2026-01-01T00:10:53.493972Z","level":"info","event":"             │    │   │    │       └ <concurrent.futures.thread._WorkItem object at 0xffff91874ec0>","logger":"task.stdout"}
{"timestamp":"2026-01-01T00:10:53.494007Z","level":"info","event":"             │    │   │    └ ([('process_flow_year_chunk-e9b21362-2f5c-49ef-a3c0-8c047e9911aa', (<Task 'process_flow_year_chunk-e9b21362-2f5c-49ef-a3c0-8c...","logger":"task.stdout"}
{"timestamp":"2026-01-01T00:10:53.494042Z","level":"info","event":"             │    │   └ <concurrent.futures.thread._WorkItem object at 0xffff91874ec0>","logger":"task.stdout"}
{"timestamp":"2026-01-01T00:10:53.494121Z","level":"info","event":"             │    └ <function batch_execute_tasks at 0xffff8d561d00>","logger":"task.stdout"}
{"timestamp":"2026-01-01T00:10:53.496273Z","level":"info","event":"             └ <concurrent.futures.thread._WorkItem object at 0xffff91874ec0>","logger":"task.stdout"}
{"timestamp":"2026-01-01T00:10:53.496331Z","level":"info","event":"  File \"/home/airflow/.local/lib/python3.12/site-packages/dask/local.py\", line 270, in batch_execute_tasks","logger":"task.stdout"}
{"timestamp":"2026-01-01T00:10:53.496368Z","level":"info","event":"    return [execute_task(*a) for a in it]","logger":"task.stdout"}
{"timestamp":"2026-01-01T00:10:53.496405Z","level":"info","event":"            │             │      │    └ [('process_flow_year_chunk-e9b21362-2f5c-49ef-a3c0-8c047e9911aa', (<Task 'process_flow_year_chunk-e9b21362-2f5c-49ef-a3c0-8c0...","logger":"task.stdout"}
{"timestamp":"2026-01-01T00:10:53.496441Z","level":"info","event":"            │             │      └ ('process_flow_year_chunk-e9b21362-2f5c-49ef-a3c0-8c047e9911aa', (<Task 'process_flow_year_chunk-e9b21362-2f5c-49ef-a3c0-8c04...","logger":"task.stdout"}
{"timestamp":"2026-01-01T00:10:53.496478Z","level":"info","event":"            │             └ ('process_flow_year_chunk-e9b21362-2f5c-49ef-a3c0-8c047e9911aa', (<Task 'process_flow_year_chunk-e9b21362-2f5c-49ef-a3c0-8c04...","logger":"task.stdout"}
{"timestamp":"2026-01-01T00:10:53.496515Z","level":"info","event":"            └ <function execute_task at 0xffff8d561c60>","logger":"task.stdout"}
{"timestamp":"2026-01-01T00:10:53.496550Z","level":"info","event":"  File \"/home/airflow/.local/lib/python3.12/site-packages/dask/local.py\", line 256, in execute_task","logger":"task.stdout"}
{"timestamp":"2026-01-01T00:10:53.496585Z","level":"info","event":"    result = task(data)","logger":"task.stdout"}
{"timestamp":"2026-01-01T00:10:53.496620Z","level":"info","event":"             │    └ {}","logger":"task.stdout"}
{"timestamp":"2026-01-01T00:10:53.496655Z","level":"info","event":"             └ <Task 'process_flow_year_chunk-e9b21362-2f5c-49ef-a3c0-8c047e9911aa' process_flow_year_chunk(...)>","logger":"task.stdout"}
{"timestamp":"2026-01-01T00:10:53.496691Z","level":"info","event":"  File \"/home/airflow/.local/lib/python3.12/site-packages/dask/_task_spec.py\", line 759, in __call__","logger":"task.stdout"}
{"timestamp":"2026-01-01T00:10:53.496727Z","level":"info","event":"    return self.func(*new_argspec)","logger":"task.stdout"}
{"timestamp":"2026-01-01T00:10:53.496761Z","level":"info","event":"           │    │     └ ('IMTS', 'IMF.STA,IMTS,latest', [2018, 2019, 2020, 2021, 2022], IMFConfig(key='all', sub_key='all', base_url='https://api.imf...","logger":"task.stdout"}
{"timestamp":"2026-01-01T00:10:53.496797Z","level":"info","event":"           │    └ <member 'func' of 'Task' objects>","logger":"task.stdout"}
{"timestamp":"2026-01-01T00:10:53.496831Z","level":"info","event":"           └ <Task 'process_flow_year_chunk-e9b21362-2f5c-49ef-a3c0-8c047e9911aa' process_flow_year_chunk(...)>","logger":"task.stdout"}
{"timestamp":"2026-01-01T00:10:53.496866Z","level":"info","event":"","logger":"task.stdout"}
{"timestamp":"2026-01-01T00:10:53.496901Z","level":"info","event":"> File \"/opt/airflow/dags/pipelines/imf/pipeline.py\", line 54, in process_flow_year_chunk","logger":"task.stdout"}
{"timestamp":"2026-01-01T00:10:53.496936Z","level":"info","event":"    if s3_object_exists(s3_cfg.bucket, s3_key, s3_cfg.region):","logger":"task.stdout"}
{"timestamp":"2026-01-01T00:10:53.496971Z","level":"info","event":"       │                │      │       │       │      └ 'eu-west-1'","logger":"task.stdout"}
{"timestamp":"2026-01-01T00:10:53.497006Z","level":"info","event":"       │                │      │       │       └ S3Config(bucket='personal-projectbucket', prefix='imf', region='eu-west-1')","logger":"task.stdout"}
{"timestamp":"2026-01-01T00:10:53.497073Z","level":"info","event":"       │                │      │       └ 'imf/IMTS/year=2020/IMTS_2020.csv'","logger":"task.stdout"}
{"timestamp":"2026-01-01T00:10:53.497150Z","level":"info","event":"       │                │      └ 'personal-projectbucket'","logger":"task.stdout"}
{"timestamp":"2026-01-01T00:10:53.497185Z","level":"info","event":"       │                └ S3Config(bucket='personal-projectbucket', prefix='imf', region='eu-west-1')","logger":"task.stdout"}
{"timestamp":"2026-01-01T00:10:53.497220Z","level":"info","event":"       └ <function s3_object_exists at 0xffff8cfba7a0>","logger":"task.stdout"}
{"timestamp":"2026-01-01T00:10:53.497258Z","level":"info","event":"","logger":"task.stdout"}
{"timestamp":"2026-01-01T00:10:53.497292Z","level":"info","event":"  File \"/opt/airflow/dags/pipelines/common/s3_utils.py\", line 29, in s3_object_exists","logger":"task.stdout"}
{"timestamp":"2026-01-01T00:10:53.497326Z","level":"info","event":"    s3.head_object(Bucket=bucket, Key=key)","logger":"task.stdout"}
{"timestamp":"2026-01-01T00:10:53.497361Z","level":"info","event":"    │  │                  │           └ 'imf/IMTS/year=2020/IMTS_2020.csv'","logger":"task.stdout"}
{"timestamp":"2026-01-01T00:10:53.497395Z","level":"info","event":"    │  │                  └ 'personal-projectbucket'","logger":"task.stdout"}
{"timestamp":"2026-01-01T00:10:53.497429Z","level":"info","event":"    │  └ <function ClientCreator._create_api_method.<locals>._api_call at 0xffff71310680>","logger":"task.stdout"}
{"timestamp":"2026-01-01T00:10:53.497462Z","level":"info","event":"    └ <botocore.client.S3 object at 0xffff717a79e0>","logger":"task.stdout"}
{"timestamp":"2026-01-01T00:10:53.497496Z","level":"info","event":"","logger":"task.stdout"}
{"timestamp":"2026-01-01T00:10:53.497530Z","level":"info","event":"  File \"/home/airflow/.local/lib/python3.12/site-packages/botocore/client.py\", line 602, in _api_call","logger":"task.stdout"}
{"timestamp":"2026-01-01T00:10:53.497564Z","level":"info","event":"    return self._make_api_call(operation_name, kwargs)","logger":"task.stdout"}
{"timestamp":"2026-01-01T00:10:53.497599Z","level":"info","event":"           │    │              │               └ {'Bucket': 'personal-projectbucket', 'Key': 'imf/IMTS/year=2020/IMTS_2020.csv'}","logger":"task.stdout"}
{"timestamp":"2026-01-01T00:10:53.497633Z","level":"info","event":"           │    │              └ 'HeadObject'","logger":"task.stdout"}
{"timestamp":"2026-01-01T00:10:53.497668Z","level":"info","event":"           │    └ <function BaseClient._make_api_call at 0xffff8cf3b060>","logger":"task.stdout"}
{"timestamp":"2026-01-01T00:10:53.497702Z","level":"info","event":"           └ <botocore.client.S3 object at 0xffff717a79e0>","logger":"task.stdout"}
{"timestamp":"2026-01-01T00:10:53.497736Z","level":"info","event":"  File \"/home/airflow/.local/lib/python3.12/site-packages/botocore/context.py\", line 123, in wrapper","logger":"task.stdout"}
{"timestamp":"2026-01-01T00:10:53.497769Z","level":"info","event":"    return func(*args, **kwargs)","logger":"task.stdout"}
{"timestamp":"2026-01-01T00:10:53.497804Z","level":"info","event":"           │     │       └ {}","logger":"task.stdout"}
{"timestamp":"2026-01-01T00:10:53.497839Z","level":"info","event":"           │     └ (<botocore.client.S3 object at 0xffff717a79e0>, 'HeadObject', {'Bucket': 'personal-projectbucket', 'Key': 'imf/IMTS/year=2020...","logger":"task.stdout"}
{"timestamp":"2026-01-01T00:10:53.497873Z","level":"info","event":"           └ <function BaseClient._make_api_call at 0xffff8cf3afc0>","logger":"task.stdout"}
{"timestamp":"2026-01-01T00:10:53.497908Z","level":"info","event":"  File \"/home/airflow/.local/lib/python3.12/site-packages/botocore/client.py\", line 1078, in _make_api_call","logger":"task.stdout"}
{"timestamp":"2026-01-01T00:10:53.497943Z","level":"info","event":"    raise error_class(parsed_response, operation_name)","logger":"task.stdout"}
{"timestamp":"2026-01-01T00:10:53.498009Z","level":"info","event":"          │           │                └ 'HeadObject'","logger":"task.stdout"}
{"timestamp":"2026-01-01T00:10:53.498048Z","level":"info","event":"          │           └ {'Error': {'Code': '403', 'Message': 'Forbidden'}, 'ResponseMetadata': {'RequestId': 'NS1C0DM6Y7A3MW2X', 'HostId': 'PZ5zdSIqM...","logger":"task.stdout"}
{"timestamp":"2026-01-01T00:10:53.498082Z","level":"info","event":"          └ <class 'botocore.exceptions.ClientError'>","logger":"task.stdout"}
{"timestamp":"2026-01-01T00:10:53.498115Z","level":"info","event":"","logger":"task.stdout"}
{"timestamp":"2026-01-01T00:10:53.498148Z","level":"info","event":"botocore.exceptions.ClientError: An error occurred (403) when calling the HeadObject operation: Forbidden","logger":"task.stdout"}
{"timestamp":"2026-01-01T00:10:53.631731Z","level":"info","event":"2026-01-01 00:10:53 | ERROR | S3 head_object failed | flow=IMTS year=2021 key=imf/IMTS/year=2021/IMTS_2021.csv","logger":"task.stdout"}
{"timestamp":"2026-01-01T00:10:53.631858Z","level":"info","event":"Traceback (most recent call last):","logger":"task.stdout"}
{"timestamp":"2026-01-01T00:10:53.631906Z","level":"info","event":"","logger":"task.stdout"}
{"timestamp":"2026-01-01T00:10:53.631947Z","level":"info","event":"  File \"/usr/python/lib/python3.12/threading.py\", line 1032, in _bootstrap","logger":"task.stdout"}
{"timestamp":"2026-01-01T00:10:53.631987Z","level":"info","event":"    self._bootstrap_inner()","logger":"task.stdout"}
{"timestamp":"2026-01-01T00:10:53.632026Z","level":"info","event":"    │    └ <function Thread._bootstrap_inner at 0xffff99068f40>","logger":"task.stdout"}
{"timestamp":"2026-01-01T00:10:53.632064Z","level":"info","event":"    └ <Thread(ThreadPoolExecutor-1_0, started 281472806220128)>","logger":"task.stdout"}
{"timestamp":"2026-01-01T00:10:53.632102Z","level":"info","event":"  File \"/usr/python/lib/python3.12/threading.py\", line 1075, in _bootstrap_inner","logger":"task.stdout"}
{"timestamp":"2026-01-01T00:10:53.632139Z","level":"info","event":"    self.run()","logger":"task.stdout"}
{"timestamp":"2026-01-01T00:10:53.632176Z","level":"info","event":"    │    └ <function Thread.run at 0xffff99068c20>","logger":"task.stdout"}
{"timestamp":"2026-01-01T00:10:53.632214Z","level":"info","event":"    └ <Thread(ThreadPoolExecutor-1_0, started 281472806220128)>","logger":"task.stdout"}
{"timestamp":"2026-01-01T00:10:53.632262Z","level":"info","event":"  File \"/usr/python/lib/python3.12/threading.py\", line 1012, in run","logger":"task.stdout"}
{"timestamp":"2026-01-01T00:10:53.632300Z","level":"info","event":"    self._target(*self._args, **self._kwargs)","logger":"task.stdout"}
{"timestamp":"2026-01-01T00:10:53.632337Z","level":"info","event":"    │    │        │    │        │    └ {}","logger":"task.stdout"}
{"timestamp":"2026-01-01T00:10:53.632373Z","level":"info","event":"    │    │        │    │        └ <Thread(ThreadPoolExecutor-1_0, started 281472806220128)>","logger":"task.stdout"}
{"timestamp":"2026-01-01T00:10:53.632412Z","level":"info","event":"    │    │        │    └ (<weakref at 0xffff90350ef0; to 'ThreadPoolExecutor' at 0xffff86d3eb70>, <_queue.SimpleQueue object at 0xffff712e3b00>, None,...","logger":"task.stdout"}
{"timestamp":"2026-01-01T00:10:53.632450Z","level":"info","event":"    │    │        └ <Thread(ThreadPoolExecutor-1_0, started 281472806220128)>","logger":"task.stdout"}
{"timestamp":"2026-01-01T00:10:53.632486Z","level":"info","event":"    │    └ <function _worker at 0xffff937a1c60>","logger":"task.stdout"}
{"timestamp":"2026-01-01T00:10:53.632522Z","level":"info","event":"    └ <Thread(ThreadPoolExecutor-1_0, started 281472806220128)>","logger":"task.stdout"}
{"timestamp":"2026-01-01T00:10:53.632557Z","level":"info","event":"  File \"/usr/python/lib/python3.12/concurrent/futures/thread.py\", line 93, in _worker","logger":"task.stdout"}
{"timestamp":"2026-01-01T00:10:53.632593Z","level":"info","event":"    work_item.run()","logger":"task.stdout"}
{"timestamp":"2026-01-01T00:10:53.632665Z","level":"info","event":"    │         └ <function _WorkItem.run at 0xffff937a1da0>","logger":"task.stdout"}
{"timestamp":"2026-01-01T00:10:53.632702Z","level":"info","event":"    └ <concurrent.futures.thread._WorkItem object at 0xffff91874ec0>","logger":"task.stdout"}
{"timestamp":"2026-01-01T00:10:53.632737Z","level":"info","event":"  File \"/usr/python/lib/python3.12/concurrent/futures/thread.py\", line 59, in run","logger":"task.stdout"}
{"timestamp":"2026-01-01T00:10:53.632772Z","level":"info","event":"    result = self.fn(*self.args, **self.kwargs)","logger":"task.stdout"}
{"timestamp":"2026-01-01T00:10:53.632809Z","level":"info","event":"             │    │   │    │       │    └ {}","logger":"task.stdout"}
{"timestamp":"2026-01-01T00:10:53.632845Z","level":"info","event":"             │    │   │    │       └ <concurrent.futures.thread._WorkItem object at 0xffff91874ec0>","logger":"task.stdout"}
{"timestamp":"2026-01-01T00:10:53.632880Z","level":"info","event":"             │    │   │    └ ([('process_flow_year_chunk-e9b21362-2f5c-49ef-a3c0-8c047e9911aa', (<Task 'process_flow_year_chunk-e9b21362-2f5c-49ef-a3c0-8c...","logger":"task.stdout"}
{"timestamp":"2026-01-01T00:10:53.632917Z","level":"info","event":"             │    │   └ <concurrent.futures.thread._WorkItem object at 0xffff91874ec0>","logger":"task.stdout"}
{"timestamp":"2026-01-01T00:10:53.632952Z","level":"info","event":"             │    └ <function batch_execute_tasks at 0xffff8d561d00>","logger":"task.stdout"}
{"timestamp":"2026-01-01T00:10:53.632988Z","level":"info","event":"             └ <concurrent.futures.thread._WorkItem object at 0xffff91874ec0>","logger":"task.stdout"}
{"timestamp":"2026-01-01T00:10:53.633023Z","level":"info","event":"  File \"/home/airflow/.local/lib/python3.12/site-packages/dask/local.py\", line 270, in batch_execute_tasks","logger":"task.stdout"}
{"timestamp":"2026-01-01T00:10:53.633058Z","level":"info","event":"    return [execute_task(*a) for a in it]","logger":"task.stdout"}
{"timestamp":"2026-01-01T00:10:53.633094Z","level":"info","event":"            │             │      │    └ [('process_flow_year_chunk-e9b21362-2f5c-49ef-a3c0-8c047e9911aa', (<Task 'process_flow_year_chunk-e9b21362-2f5c-49ef-a3c0-8c0...","logger":"task.stdout"}
{"timestamp":"2026-01-01T00:10:53.633130Z","level":"info","event":"            │             │      └ ('process_flow_year_chunk-e9b21362-2f5c-49ef-a3c0-8c047e9911aa', (<Task 'process_flow_year_chunk-e9b21362-2f5c-49ef-a3c0-8c04...","logger":"task.stdout"}
{"timestamp":"2026-01-01T00:10:53.633166Z","level":"info","event":"            │             └ ('process_flow_year_chunk-e9b21362-2f5c-49ef-a3c0-8c047e9911aa', (<Task 'process_flow_year_chunk-e9b21362-2f5c-49ef-a3c0-8c04...","logger":"task.stdout"}
{"timestamp":"2026-01-01T00:10:53.633202Z","level":"info","event":"            └ <function execute_task at 0xffff8d561c60>","logger":"task.stdout"}
{"timestamp":"2026-01-01T00:10:53.633237Z","level":"info","event":"  File \"/home/airflow/.local/lib/python3.12/site-packages/dask/local.py\", line 256, in execute_task","logger":"task.stdout"}
{"timestamp":"2026-01-01T00:10:53.633280Z","level":"info","event":"    result = task(data)","logger":"task.stdout"}
{"timestamp":"2026-01-01T00:10:53.633316Z","level":"info","event":"             │    └ {}","logger":"task.stdout"}
{"timestamp":"2026-01-01T00:10:53.633351Z","level":"info","event":"             └ <Task 'process_flow_year_chunk-e9b21362-2f5c-49ef-a3c0-8c047e9911aa' process_flow_year_chunk(...)>","logger":"task.stdout"}
{"timestamp":"2026-01-01T00:10:53.635265Z","level":"info","event":"  File \"/home/airflow/.local/lib/python3.12/site-packages/dask/_task_spec.py\", line 759, in __call__","logger":"task.stdout"}
{"timestamp":"2026-01-01T00:10:53.635327Z","level":"info","event":"    return self.func(*new_argspec)","logger":"task.stdout"}
{"timestamp":"2026-01-01T00:10:53.635367Z","level":"info","event":"           │    │     └ ('IMTS', 'IMF.STA,IMTS,latest', [2018, 2019, 2020, 2021, 2022], IMFConfig(key='all', sub_key='all', base_url='https://api.imf...","logger":"task.stdout"}
{"timestamp":"2026-01-01T00:10:53.635434Z","level":"info","event":"           │    └ <member 'func' of 'Task' objects>","logger":"task.stdout"}
{"timestamp":"2026-01-01T00:10:53.635472Z","level":"info","event":"           └ <Task 'process_flow_year_chunk-e9b21362-2f5c-49ef-a3c0-8c047e9911aa' process_flow_year_chunk(...)>","logger":"task.stdout"}
{"timestamp":"2026-01-01T00:10:53.635509Z","level":"info","event":"","logger":"task.stdout"}
{"timestamp":"2026-01-01T00:10:53.635545Z","level":"info","event":"> File \"/opt/airflow/dags/pipelines/imf/pipeline.py\", line 54, in process_flow_year_chunk","logger":"task.stdout"}
{"timestamp":"2026-01-01T00:10:53.635581Z","level":"info","event":"    if s3_object_exists(s3_cfg.bucket, s3_key, s3_cfg.region):","logger":"task.stdout"}
{"timestamp":"2026-01-01T00:10:53.635617Z","level":"info","event":"       │                │      │       │       │      └ 'eu-west-1'","logger":"task.stdout"}
{"timestamp":"2026-01-01T00:10:53.635654Z","level":"info","event":"       │                │      │       │       └ S3Config(bucket='personal-projectbucket', prefix='imf', region='eu-west-1')","logger":"task.stdout"}
{"timestamp":"2026-01-01T00:10:53.635692Z","level":"info","event":"       │                │      │       └ 'imf/IMTS/year=2021/IMTS_2021.csv'","logger":"task.stdout"}
{"timestamp":"2026-01-01T00:10:53.635763Z","level":"info","event":"       │                │      └ 'personal-projectbucket'","logger":"task.stdout"}
{"timestamp":"2026-01-01T00:10:53.635801Z","level":"info","event":"       │                └ S3Config(bucket='personal-projectbucket', prefix='imf', region='eu-west-1')","logger":"task.stdout"}
{"timestamp":"2026-01-01T00:10:53.635838Z","level":"info","event":"       └ <function s3_object_exists at 0xffff8cfba7a0>","logger":"task.stdout"}
{"timestamp":"2026-01-01T00:10:53.635874Z","level":"info","event":"","logger":"task.stdout"}
{"timestamp":"2026-01-01T00:10:53.635910Z","level":"info","event":"  File \"/opt/airflow/dags/pipelines/common/s3_utils.py\", line 29, in s3_object_exists","logger":"task.stdout"}
{"timestamp":"2026-01-01T00:10:53.635946Z","level":"info","event":"    s3.head_object(Bucket=bucket, Key=key)","logger":"task.stdout"}
{"timestamp":"2026-01-01T00:10:53.635982Z","level":"info","event":"    │  │                  │           └ 'imf/IMTS/year=2021/IMTS_2021.csv'","logger":"task.stdout"}
{"timestamp":"2026-01-01T00:10:53.636019Z","level":"info","event":"    │  │                  └ 'personal-projectbucket'","logger":"task.stdout"}
{"timestamp":"2026-01-01T00:10:53.636055Z","level":"info","event":"    │  └ <function ClientCreator._create_api_method.<locals>._api_call at 0xffff71310680>","logger":"task.stdout"}
{"timestamp":"2026-01-01T00:10:53.636092Z","level":"info","event":"    └ <botocore.client.S3 object at 0xffff717a79e0>","logger":"task.stdout"}
{"timestamp":"2026-01-01T00:10:53.636127Z","level":"info","event":"","logger":"task.stdout"}
{"timestamp":"2026-01-01T00:10:53.636162Z","level":"info","event":"  File \"/home/airflow/.local/lib/python3.12/site-packages/botocore/client.py\", line 602, in _api_call","logger":"task.stdout"}
{"timestamp":"2026-01-01T00:10:53.636198Z","level":"info","event":"    return self._make_api_call(operation_name, kwargs)","logger":"task.stdout"}
{"timestamp":"2026-01-01T00:10:53.636235Z","level":"info","event":"           │    │              │               └ {'Bucket': 'personal-projectbucket', 'Key': 'imf/IMTS/year=2021/IMTS_2021.csv'}","logger":"task.stdout"}
{"timestamp":"2026-01-01T00:10:53.636278Z","level":"info","event":"           │    │              └ 'HeadObject'","logger":"task.stdout"}
{"timestamp":"2026-01-01T00:10:53.636313Z","level":"info","event":"           │    └ <function BaseClient._make_api_call at 0xffff8cf3b060>","logger":"task.stdout"}
{"timestamp":"2026-01-01T00:10:53.636371Z","level":"info","event":"           └ <botocore.client.S3 object at 0xffff717a79e0>","logger":"task.stdout"}
{"timestamp":"2026-01-01T00:10:53.636405Z","level":"info","event":"  File \"/home/airflow/.local/lib/python3.12/site-packages/botocore/context.py\", line 123, in wrapper","logger":"task.stdout"}
{"timestamp":"2026-01-01T00:10:53.636442Z","level":"info","event":"    return func(*args, **kwargs)","logger":"task.stdout"}
{"timestamp":"2026-01-01T00:10:53.636476Z","level":"info","event":"           │     │       └ {}","logger":"task.stdout"}
{"timestamp":"2026-01-01T00:10:53.636511Z","level":"info","event":"           │     └ (<botocore.client.S3 object at 0xffff717a79e0>, 'HeadObject', {'Bucket': 'personal-projectbucket', 'Key': 'imf/IMTS/year=2021...","logger":"task.stdout"}
{"timestamp":"2026-01-01T00:10:53.636547Z","level":"info","event":"           └ <function BaseClient._make_api_call at 0xffff8cf3afc0>","logger":"task.stdout"}
{"timestamp":"2026-01-01T00:10:53.636582Z","level":"info","event":"  File \"/home/airflow/.local/lib/python3.12/site-packages/botocore/client.py\", line 1078, in _make_api_call","logger":"task.stdout"}
{"timestamp":"2026-01-01T00:10:53.636617Z","level":"info","event":"    raise error_class(parsed_response, operation_name)","logger":"task.stdout"}
{"timestamp":"2026-01-01T00:10:53.636653Z","level":"info","event":"          │           │                └ 'HeadObject'","logger":"task.stdout"}
{"timestamp":"2026-01-01T00:10:53.636687Z","level":"info","event":"          │           └ {'Error': {'Code': '403', 'Message': 'Forbidden'}, 'ResponseMetadata': {'RequestId': 'NS16X1V2MPBVXTTG', 'HostId': '4IZa8Icz1...","logger":"task.stdout"}
{"timestamp":"2026-01-01T00:10:53.636724Z","level":"info","event":"          └ <class 'botocore.exceptions.ClientError'>","logger":"task.stdout"}
{"timestamp":"2026-01-01T00:10:53.636759Z","level":"info","event":"","logger":"task.stdout"}
{"timestamp":"2026-01-01T00:10:53.636794Z","level":"info","event":"botocore.exceptions.ClientError: An error occurred (403) when calling the HeadObject operation: Forbidden","logger":"task.stdout"}
{"timestamp":"2026-01-01T00:10:53.772496Z","level":"info","event":"2026-01-01 00:10:53 | ERROR | S3 head_object failed | flow=IMTS year=2022 key=imf/IMTS/year=2022/IMTS_2022.csv","logger":"task.stdout"}
{"timestamp":"2026-01-01T00:10:53.772631Z","level":"info","event":"Traceback (most recent call last):","logger":"task.stdout"}
{"timestamp":"2026-01-01T00:10:53.772682Z","level":"info","event":"","logger":"task.stdout"}
{"timestamp":"2026-01-01T00:10:53.772726Z","level":"info","event":"  File \"/usr/python/lib/python3.12/threading.py\", line 1032, in _bootstrap","logger":"task.stdout"}
{"timestamp":"2026-01-01T00:10:53.772768Z","level":"info","event":"    self._bootstrap_inner()","logger":"task.stdout"}
{"timestamp":"2026-01-01T00:10:53.772809Z","level":"info","event":"    │    └ <function Thread._bootstrap_inner at 0xffff99068f40>","logger":"task.stdout"}
{"timestamp":"2026-01-01T00:10:53.772850Z","level":"info","event":"    └ <Thread(ThreadPoolExecutor-1_0, started 281472806220128)>","logger":"task.stdout"}
{"timestamp":"2026-01-01T00:10:53.772890Z","level":"info","event":"  File \"/usr/python/lib/python3.12/threading.py\", line 1075, in _bootstrap_inner","logger":"task.stdout"}
{"timestamp":"2026-01-01T00:10:53.772929Z","level":"info","event":"    self.run()","logger":"task.stdout"}
{"timestamp":"2026-01-01T00:10:53.772969Z","level":"info","event":"    │    └ <function Thread.run at 0xffff99068c20>","logger":"task.stdout"}
{"timestamp":"2026-01-01T00:10:53.773011Z","level":"info","event":"    └ <Thread(ThreadPoolExecutor-1_0, started 281472806220128)>","logger":"task.stdout"}
{"timestamp":"2026-01-01T00:10:53.773051Z","level":"info","event":"  File \"/usr/python/lib/python3.12/threading.py\", line 1012, in run","logger":"task.stdout"}
{"timestamp":"2026-01-01T00:10:53.773089Z","level":"info","event":"    self._target(*self._args, **self._kwargs)","logger":"task.stdout"}
{"timestamp":"2026-01-01T00:10:53.773164Z","level":"info","event":"    │    │        │    │        │    └ {}","logger":"task.stdout"}
{"timestamp":"2026-01-01T00:10:53.773212Z","level":"info","event":"    │    │        │    │        └ <Thread(ThreadPoolExecutor-1_0, started 281472806220128)>","logger":"task.stdout"}
{"timestamp":"2026-01-01T00:10:53.773265Z","level":"info","event":"    │    │        │    └ (<weakref at 0xffff90350ef0; to 'ThreadPoolExecutor' at 0xffff86d3eb70>, <_queue.SimpleQueue object at 0xffff712e3b00>, None,...","logger":"task.stdout"}
{"timestamp":"2026-01-01T00:10:53.773306Z","level":"info","event":"    │    │        └ <Thread(ThreadPoolExecutor-1_0, started 281472806220128)>","logger":"task.stdout"}
{"timestamp":"2026-01-01T00:10:53.773346Z","level":"info","event":"    │    └ <function _worker at 0xffff937a1c60>","logger":"task.stdout"}
{"timestamp":"2026-01-01T00:10:53.773385Z","level":"info","event":"    └ <Thread(ThreadPoolExecutor-1_0, started 281472806220128)>","logger":"task.stdout"}
{"timestamp":"2026-01-01T00:10:53.773424Z","level":"info","event":"  File \"/usr/python/lib/python3.12/concurrent/futures/thread.py\", line 93, in _worker","logger":"task.stdout"}
{"timestamp":"2026-01-01T00:10:53.773462Z","level":"info","event":"    work_item.run()","logger":"task.stdout"}
{"timestamp":"2026-01-01T00:10:53.773500Z","level":"info","event":"    │         └ <function _WorkItem.run at 0xffff937a1da0>","logger":"task.stdout"}
{"timestamp":"2026-01-01T00:10:53.773539Z","level":"info","event":"    └ <concurrent.futures.thread._WorkItem object at 0xffff91874ec0>","logger":"task.stdout"}
{"timestamp":"2026-01-01T00:10:53.773578Z","level":"info","event":"  File \"/usr/python/lib/python3.12/concurrent/futures/thread.py\", line 59, in run","logger":"task.stdout"}
{"timestamp":"2026-01-01T00:10:53.773617Z","level":"info","event":"    result = self.fn(*self.args, **self.kwargs)","logger":"task.stdout"}
{"timestamp":"2026-01-01T00:10:53.773657Z","level":"info","event":"             │    │   │    │       │    └ {}","logger":"task.stdout"}
{"timestamp":"2026-01-01T00:10:53.773695Z","level":"info","event":"             │    │   │    │       └ <concurrent.futures.thread._WorkItem object at 0xffff91874ec0>","logger":"task.stdout"}
{"timestamp":"2026-01-01T00:10:53.773735Z","level":"info","event":"             │    │   │    └ ([('process_flow_year_chunk-e9b21362-2f5c-49ef-a3c0-8c047e9911aa', (<Task 'process_flow_year_chunk-e9b21362-2f5c-49ef-a3c0-8c...","logger":"task.stdout"}
{"timestamp":"2026-01-01T00:10:53.773774Z","level":"info","event":"             │    │   └ <concurrent.futures.thread._WorkItem object at 0xffff91874ec0>","logger":"task.stdout"}
{"timestamp":"2026-01-01T00:10:53.773814Z","level":"info","event":"             │    └ <function batch_execute_tasks at 0xffff8d561d00>","logger":"task.stdout"}
{"timestamp":"2026-01-01T00:10:53.773852Z","level":"info","event":"             └ <concurrent.futures.thread._WorkItem object at 0xffff91874ec0>","logger":"task.stdout"}
{"timestamp":"2026-01-01T00:10:53.773890Z","level":"info","event":"  File \"/home/airflow/.local/lib/python3.12/site-packages/dask/local.py\", line 270, in batch_execute_tasks","logger":"task.stdout"}
{"timestamp":"2026-01-01T00:10:53.773928Z","level":"info","event":"    return [execute_task(*a) for a in it]","logger":"task.stdout"}
{"timestamp":"2026-01-01T00:10:53.773967Z","level":"info","event":"            │             │      │    └ [('process_flow_year_chunk-e9b21362-2f5c-49ef-a3c0-8c047e9911aa', (<Task 'process_flow_year_chunk-e9b21362-2f5c-49ef-a3c0-8c0...","logger":"task.stdout"}
{"timestamp":"2026-01-01T00:10:53.774005Z","level":"info","event":"            │             │      └ ('process_flow_year_chunk-e9b21362-2f5c-49ef-a3c0-8c047e9911aa', (<Task 'process_flow_year_chunk-e9b21362-2f5c-49ef-a3c0-8c04...","logger":"task.stdout"}
{"timestamp":"2026-01-01T00:10:53.776265Z","level":"info","event":"            │             └ ('process_flow_year_chunk-e9b21362-2f5c-49ef-a3c0-8c047e9911aa', (<Task 'process_flow_year_chunk-e9b21362-2f5c-49ef-a3c0-8c04...","logger":"task.stdout"}
{"timestamp":"2026-01-01T00:10:53.776347Z","level":"info","event":"            └ <function execute_task at 0xffff8d561c60>","logger":"task.stdout"}
{"timestamp":"2026-01-01T00:10:53.776387Z","level":"info","event":"  File \"/home/airflow/.local/lib/python3.12/site-packages/dask/local.py\", line 256, in execute_task","logger":"task.stdout"}
{"timestamp":"2026-01-01T00:10:53.776427Z","level":"info","event":"    result = task(data)","logger":"task.stdout"}
{"timestamp":"2026-01-01T00:10:53.776466Z","level":"info","event":"             │    └ {}","logger":"task.stdout"}
{"timestamp":"2026-01-01T00:10:53.776504Z","level":"info","event":"             └ <Task 'process_flow_year_chunk-e9b21362-2f5c-49ef-a3c0-8c047e9911aa' process_flow_year_chunk(...)>","logger":"task.stdout"}
{"timestamp":"2026-01-01T00:10:53.776545Z","level":"info","event":"  File \"/home/airflow/.local/lib/python3.12/site-packages/dask/_task_spec.py\", line 759, in __call__","logger":"task.stdout"}
{"timestamp":"2026-01-01T00:10:53.776584Z","level":"info","event":"    return self.func(*new_argspec)","logger":"task.stdout"}
{"timestamp":"2026-01-01T00:10:53.776621Z","level":"info","event":"           │    │     └ ('IMTS', 'IMF.STA,IMTS,latest', [2018, 2019, 2020, 2021, 2022], IMFConfig(key='all', sub_key='all', base_url='https://api.imf...","logger":"task.stdout"}
{"timestamp":"2026-01-01T00:10:53.776661Z","level":"info","event":"           │    └ <member 'func' of 'Task' objects>","logger":"task.stdout"}
{"timestamp":"2026-01-01T00:10:53.776699Z","level":"info","event":"           └ <Task 'process_flow_year_chunk-e9b21362-2f5c-49ef-a3c0-8c047e9911aa' process_flow_year_chunk(...)>","logger":"task.stdout"}
{"timestamp":"2026-01-01T00:10:53.776737Z","level":"info","event":"","logger":"task.stdout"}
{"timestamp":"2026-01-01T00:10:53.776776Z","level":"info","event":"> File \"/opt/airflow/dags/pipelines/imf/pipeline.py\", line 54, in process_flow_year_chunk","logger":"task.stdout"}
{"timestamp":"2026-01-01T00:10:53.776814Z","level":"info","event":"    if s3_object_exists(s3_cfg.bucket, s3_key, s3_cfg.region):","logger":"task.stdout"}
{"timestamp":"2026-01-01T00:10:53.776853Z","level":"info","event":"       │                │      │       │       │      └ 'eu-west-1'","logger":"task.stdout"}
{"timestamp":"2026-01-01T00:10:53.776893Z","level":"info","event":"       │                │      │       │       └ S3Config(bucket='personal-projectbucket', prefix='imf', region='eu-west-1')","logger":"task.stdout"}
{"timestamp":"2026-01-01T00:10:53.776931Z","level":"info","event":"       │                │      │       └ 'imf/IMTS/year=2022/IMTS_2022.csv'","logger":"task.stdout"}
{"timestamp":"2026-01-01T00:10:53.777008Z","level":"info","event":"       │                │      └ 'personal-projectbucket'","logger":"task.stdout"}
{"timestamp":"2026-01-01T00:10:53.777046Z","level":"info","event":"       │                └ S3Config(bucket='personal-projectbucket', prefix='imf', region='eu-west-1')","logger":"task.stdout"}
{"timestamp":"2026-01-01T00:10:53.777085Z","level":"info","event":"       └ <function s3_object_exists at 0xffff8cfba7a0>","logger":"task.stdout"}
{"timestamp":"2026-01-01T00:10:53.777124Z","level":"info","event":"","logger":"task.stdout"}
{"timestamp":"2026-01-01T00:10:53.777162Z","level":"info","event":"  File \"/opt/airflow/dags/pipelines/common/s3_utils.py\", line 29, in s3_object_exists","logger":"task.stdout"}
{"timestamp":"2026-01-01T00:10:53.777199Z","level":"info","event":"    s3.head_object(Bucket=bucket, Key=key)","logger":"task.stdout"}
{"timestamp":"2026-01-01T00:10:53.777237Z","level":"info","event":"    │  │                  │           └ 'imf/IMTS/year=2022/IMTS_2022.csv'","logger":"task.stdout"}
{"timestamp":"2026-01-01T00:10:53.777283Z","level":"info","event":"    │  │                  └ 'personal-projectbucket'","logger":"task.stdout"}
{"timestamp":"2026-01-01T00:10:53.777354Z","level":"info","event":"    │  └ <function ClientCreator._create_api_method.<locals>._api_call at 0xffff71310680>","logger":"task.stdout"}
{"timestamp":"2026-01-01T00:10:53.777399Z","level":"info","event":"    └ <botocore.client.S3 object at 0xffff717a79e0>","logger":"task.stdout"}
{"timestamp":"2026-01-01T00:10:53.777436Z","level":"info","event":"","logger":"task.stdout"}
{"timestamp":"2026-01-01T00:10:53.777474Z","level":"info","event":"  File \"/home/airflow/.local/lib/python3.12/site-packages/botocore/client.py\", line 602, in _api_call","logger":"task.stdout"}
{"timestamp":"2026-01-01T00:10:53.777512Z","level":"info","event":"    return self._make_api_call(operation_name, kwargs)","logger":"task.stdout"}
{"timestamp":"2026-01-01T00:10:53.777549Z","level":"info","event":"           │    │              │               └ {'Bucket': 'personal-projectbucket', 'Key': 'imf/IMTS/year=2022/IMTS_2022.csv'}","logger":"task.stdout"}
{"timestamp":"2026-01-01T00:10:53.777587Z","level":"info","event":"           │    │              └ 'HeadObject'","logger":"task.stdout"}
{"timestamp":"2026-01-01T00:10:53.777626Z","level":"info","event":"           │    └ <function BaseClient._make_api_call at 0xffff8cf3b060>","logger":"task.stdout"}
{"timestamp":"2026-01-01T00:10:53.777664Z","level":"info","event":"           └ <botocore.client.S3 object at 0xffff717a79e0>","logger":"task.stdout"}
{"timestamp":"2026-01-01T00:10:53.777701Z","level":"info","event":"  File \"/home/airflow/.local/lib/python3.12/site-packages/botocore/context.py\", line 123, in wrapper","logger":"task.stdout"}
{"timestamp":"2026-01-01T00:10:53.777738Z","level":"info","event":"    return func(*args, **kwargs)","logger":"task.stdout"}
{"timestamp":"2026-01-01T00:10:53.777776Z","level":"info","event":"           │     │       └ {}","logger":"task.stdout"}
{"timestamp":"2026-01-01T00:10:53.777815Z","level":"info","event":"           │     └ (<botocore.client.S3 object at 0xffff717a79e0>, 'HeadObject', {'Bucket': 'personal-projectbucket', 'Key': 'imf/IMTS/year=2022...","logger":"task.stdout"}
{"timestamp":"2026-01-01T00:10:53.777853Z","level":"info","event":"           └ <function BaseClient._make_api_call at 0xffff8cf3afc0>","logger":"task.stdout"}
{"timestamp":"2026-01-01T00:10:53.777891Z","level":"info","event":"  File \"/home/airflow/.local/lib/python3.12/site-packages/botocore/client.py\", line 1078, in _make_api_call","logger":"task.stdout"}
{"timestamp":"2026-01-01T00:10:53.777930Z","level":"info","event":"    raise error_class(parsed_response, operation_name)","logger":"task.stdout"}
{"timestamp":"2026-01-01T00:10:53.777967Z","level":"info","event":"          │           │                └ 'HeadObject'","logger":"task.stdout"}
{"timestamp":"2026-01-01T00:10:53.778005Z","level":"info","event":"          │           └ {'Error': {'Code': '403', 'Message': 'Forbidden'}, 'ResponseMetadata': {'RequestId': 'NS1BCF4P6DK8JNSA', 'HostId': 'zfVrUFaRx...","logger":"task.stdout"}
{"timestamp":"2026-01-01T00:10:53.778043Z","level":"info","event":"          └ <class 'botocore.exceptions.ClientError'>","logger":"task.stdout"}
{"timestamp":"2026-01-01T00:10:53.778079Z","level":"info","event":"","logger":"task.stdout"}
{"timestamp":"2026-01-01T00:10:53.778117Z","level":"info","event":"botocore.exceptions.ClientError: An error occurred (403) when calling the HeadObject operation: Forbidden","logger":"task.stdout"}
{"timestamp":"2026-01-01T00:10:53.935730Z","level":"info","event":"2026-01-01 00:10:53 | ERROR | S3 head_object failed | flow=BOP year=2023 key=imf/BOP/year=2023/BOP_2023.csv","logger":"task.stdout"}
{"timestamp":"2026-01-01T00:10:53.935876Z","level":"info","event":"Traceback (most recent call last):","logger":"task.stdout"}
{"timestamp":"2026-01-01T00:10:53.935933Z","level":"info","event":"","logger":"task.stdout"}
{"timestamp":"2026-01-01T00:10:53.935979Z","level":"info","event":"  File \"/usr/python/lib/python3.12/threading.py\", line 1032, in _bootstrap","logger":"task.stdout"}
{"timestamp":"2026-01-01T00:10:53.936099Z","level":"info","event":"    self._bootstrap_inner()","logger":"task.stdout"}
{"timestamp":"2026-01-01T00:10:53.936147Z","level":"info","event":"    │    └ <function Thread._bootstrap_inner at 0xffff99068f40>","logger":"task.stdout"}
{"timestamp":"2026-01-01T00:10:53.936190Z","level":"info","event":"    └ <Thread(ThreadPoolExecutor-1_0, started 281472806220128)>","logger":"task.stdout"}
{"timestamp":"2026-01-01T00:10:53.936234Z","level":"info","event":"  File \"/usr/python/lib/python3.12/threading.py\", line 1075, in _bootstrap_inner","logger":"task.stdout"}
{"timestamp":"2026-01-01T00:10:53.936294Z","level":"info","event":"    self.run()","logger":"task.stdout"}
{"timestamp":"2026-01-01T00:10:53.936339Z","level":"info","event":"    │    └ <function Thread.run at 0xffff99068c20>","logger":"task.stdout"}
{"timestamp":"2026-01-01T00:10:53.936380Z","level":"info","event":"    └ <Thread(ThreadPoolExecutor-1_0, started 281472806220128)>","logger":"task.stdout"}
{"timestamp":"2026-01-01T00:10:53.936424Z","level":"info","event":"  File \"/usr/python/lib/python3.12/threading.py\", line 1012, in run","logger":"task.stdout"}
{"timestamp":"2026-01-01T00:10:53.936468Z","level":"info","event":"    self._target(*self._args, **self._kwargs)","logger":"task.stdout"}
{"timestamp":"2026-01-01T00:10:53.936516Z","level":"info","event":"    │    │        │    │        │    └ {}","logger":"task.stdout"}
{"timestamp":"2026-01-01T00:10:53.936560Z","level":"info","event":"    │    │        │    │        └ <Thread(ThreadPoolExecutor-1_0, started 281472806220128)>","logger":"task.stdout"}
{"timestamp":"2026-01-01T00:10:53.936607Z","level":"info","event":"    │    │        │    └ (<weakref at 0xffff90350ef0; to 'ThreadPoolExecutor' at 0xffff86d3eb70>, <_queue.SimpleQueue object at 0xffff712e3b00>, None,...","logger":"task.stdout"}
{"timestamp":"2026-01-01T00:10:53.936651Z","level":"info","event":"    │    │        └ <Thread(ThreadPoolExecutor-1_0, started 281472806220128)>","logger":"task.stdout"}
{"timestamp":"2026-01-01T00:10:53.936692Z","level":"info","event":"    │    └ <function _worker at 0xffff937a1c60>","logger":"task.stdout"}
{"timestamp":"2026-01-01T00:10:53.936733Z","level":"info","event":"    └ <Thread(ThreadPoolExecutor-1_0, started 281472806220128)>","logger":"task.stdout"}
{"timestamp":"2026-01-01T00:10:53.936774Z","level":"info","event":"  File \"/usr/python/lib/python3.12/concurrent/futures/thread.py\", line 93, in _worker","logger":"task.stdout"}
{"timestamp":"2026-01-01T00:10:53.936814Z","level":"info","event":"    work_item.run()","logger":"task.stdout"}
{"timestamp":"2026-01-01T00:10:53.936854Z","level":"info","event":"    │         └ <function _WorkItem.run at 0xffff937a1da0>","logger":"task.stdout"}
{"timestamp":"2026-01-01T00:10:53.936896Z","level":"info","event":"    └ <concurrent.futures.thread._WorkItem object at 0xffff71325cd0>","logger":"task.stdout"}
{"timestamp":"2026-01-01T00:10:53.936938Z","level":"info","event":"  File \"/usr/python/lib/python3.12/concurrent/futures/thread.py\", line 59, in run","logger":"task.stdout"}
{"timestamp":"2026-01-01T00:10:53.936980Z","level":"info","event":"    result = self.fn(*self.args, **self.kwargs)","logger":"task.stdout"}
{"timestamp":"2026-01-01T00:10:53.937020Z","level":"info","event":"             │    │   │    │       │    └ {}","logger":"task.stdout"}
{"timestamp":"2026-01-01T00:10:53.937065Z","level":"info","event":"             │    │   │    │       └ <concurrent.futures.thread._WorkItem object at 0xffff71325cd0>","logger":"task.stdout"}
{"timestamp":"2026-01-01T00:10:53.937108Z","level":"info","event":"             │    │   │    └ ([('process_flow_year_chunk-e7e8cffd-0232-4da6-b580-9e6ef30d2f1f', (<Task 'process_flow_year_chunk-e7e8cffd-0232-4da6-b580-9e...","logger":"task.stdout"}
{"timestamp":"2026-01-01T00:10:53.937150Z","level":"info","event":"             │    │   └ <concurrent.futures.thread._WorkItem object at 0xffff71325cd0>","logger":"task.stdout"}
{"timestamp":"2026-01-01T00:10:53.937221Z","level":"info","event":"             │    └ <function batch_execute_tasks at 0xffff8d561d00>","logger":"task.stdout"}
{"timestamp":"2026-01-01T00:10:53.937264Z","level":"info","event":"             └ <concurrent.futures.thread._WorkItem object at 0xffff71325cd0>","logger":"task.stdout"}
{"timestamp":"2026-01-01T00:10:53.937307Z","level":"info","event":"  File \"/home/airflow/.local/lib/python3.12/site-packages/dask/local.py\", line 270, in batch_execute_tasks","logger":"task.stdout"}
{"timestamp":"2026-01-01T00:10:53.937350Z","level":"info","event":"    return [execute_task(*a) for a in it]","logger":"task.stdout"}
{"timestamp":"2026-01-01T00:10:53.937391Z","level":"info","event":"            │             │      │    └ [('process_flow_year_chunk-e7e8cffd-0232-4da6-b580-9e6ef30d2f1f', (<Task 'process_flow_year_chunk-e7e8cffd-0232-4da6-b580-9e6...","logger":"task.stdout"}
{"timestamp":"2026-01-01T00:10:53.937434Z","level":"info","event":"            │             │      └ ('process_flow_year_chunk-e7e8cffd-0232-4da6-b580-9e6ef30d2f1f', (<Task 'process_flow_year_chunk-e7e8cffd-0232-4da6-b580-9e6e...","logger":"task.stdout"}
{"timestamp":"2026-01-01T00:10:53.937476Z","level":"info","event":"            │             └ ('process_flow_year_chunk-e7e8cffd-0232-4da6-b580-9e6ef30d2f1f', (<Task 'process_flow_year_chunk-e7e8cffd-0232-4da6-b580-9e6e...","logger":"task.stdout"}
{"timestamp":"2026-01-01T00:10:53.937518Z","level":"info","event":"            └ <function execute_task at 0xffff8d561c60>","logger":"task.stdout"}
{"timestamp":"2026-01-01T00:10:53.937559Z","level":"info","event":"  File \"/home/airflow/.local/lib/python3.12/site-packages/dask/local.py\", line 256, in execute_task","logger":"task.stdout"}
{"timestamp":"2026-01-01T00:10:53.937599Z","level":"info","event":"    result = task(data)","logger":"task.stdout"}
{"timestamp":"2026-01-01T00:10:53.937639Z","level":"info","event":"             │    └ {}","logger":"task.stdout"}
{"timestamp":"2026-01-01T00:10:53.939263Z","level":"info","event":"             └ <Task 'process_flow_year_chunk-e7e8cffd-0232-4da6-b580-9e6ef30d2f1f' process_flow_year_chunk(...)>","logger":"task.stdout"}
{"timestamp":"2026-01-01T00:10:53.939319Z","level":"info","event":"  File \"/home/airflow/.local/lib/python3.12/site-packages/dask/_task_spec.py\", line 759, in __call__","logger":"task.stdout"}
{"timestamp":"2026-01-01T00:10:53.939364Z","level":"info","event":"    return self.func(*new_argspec)","logger":"task.stdout"}
{"timestamp":"2026-01-01T00:10:53.942264Z","level":"info","event":"           │    │     └ ('BOP', 'IMF.STA,BOP,latest', [2023, 2024, 2025], IMFConfig(key='all', sub_key='all', base_url='https://api.imf.org/external/...","logger":"task.stdout"}
{"timestamp":"2026-01-01T00:10:53.942319Z","level":"info","event":"           │    └ <member 'func' of 'Task' objects>","logger":"task.stdout"}
{"timestamp":"2026-01-01T00:10:53.942360Z","level":"info","event":"           └ <Task 'process_flow_year_chunk-e7e8cffd-0232-4da6-b580-9e6ef30d2f1f' process_flow_year_chunk(...)>","logger":"task.stdout"}
{"timestamp":"2026-01-01T00:10:53.942405Z","level":"info","event":"","logger":"task.stdout"}
{"timestamp":"2026-01-01T00:10:53.942447Z","level":"info","event":"> File \"/opt/airflow/dags/pipelines/imf/pipeline.py\", line 54, in process_flow_year_chunk","logger":"task.stdout"}
{"timestamp":"2026-01-01T00:10:53.942490Z","level":"info","event":"    if s3_object_exists(s3_cfg.bucket, s3_key, s3_cfg.region):","logger":"task.stdout"}
{"timestamp":"2026-01-01T00:10:53.942534Z","level":"info","event":"       │                │      │       │       │      └ 'eu-west-1'","logger":"task.stdout"}
{"timestamp":"2026-01-01T00:10:53.942576Z","level":"info","event":"       │                │      │       │       └ S3Config(bucket='personal-projectbucket', prefix='imf', region='eu-west-1')","logger":"task.stdout"}
{"timestamp":"2026-01-01T00:10:53.942654Z","level":"info","event":"       │                │      │       └ 'imf/BOP/year=2023/BOP_2023.csv'","logger":"task.stdout"}
{"timestamp":"2026-01-01T00:10:53.942746Z","level":"info","event":"       │                │      └ 'personal-projectbucket'","logger":"task.stdout"}
{"timestamp":"2026-01-01T00:10:53.942792Z","level":"info","event":"       │                └ S3Config(bucket='personal-projectbucket', prefix='imf', region='eu-west-1')","logger":"task.stdout"}
{"timestamp":"2026-01-01T00:10:53.942833Z","level":"info","event":"       └ <function s3_object_exists at 0xffff8cfba7a0>","logger":"task.stdout"}
{"timestamp":"2026-01-01T00:10:53.942874Z","level":"info","event":"","logger":"task.stdout"}
{"timestamp":"2026-01-01T00:10:53.942914Z","level":"info","event":"  File \"/opt/airflow/dags/pipelines/common/s3_utils.py\", line 29, in s3_object_exists","logger":"task.stdout"}
{"timestamp":"2026-01-01T00:10:53.942957Z","level":"info","event":"    s3.head_object(Bucket=bucket, Key=key)","logger":"task.stdout"}
{"timestamp":"2026-01-01T00:10:53.942998Z","level":"info","event":"    │  │                  │           └ 'imf/BOP/year=2023/BOP_2023.csv'","logger":"task.stdout"}
{"timestamp":"2026-01-01T00:10:53.943038Z","level":"info","event":"    │  │                  └ 'personal-projectbucket'","logger":"task.stdout"}
{"timestamp":"2026-01-01T00:10:53.943079Z","level":"info","event":"    │  └ <function ClientCreator._create_api_method.<locals>._api_call at 0xffff71310680>","logger":"task.stdout"}
{"timestamp":"2026-01-01T00:10:53.943122Z","level":"info","event":"    └ <botocore.client.S3 object at 0xffff717a79e0>","logger":"task.stdout"}
{"timestamp":"2026-01-01T00:10:53.943164Z","level":"info","event":"","logger":"task.stdout"}
{"timestamp":"2026-01-01T00:10:53.943205Z","level":"info","event":"  File \"/home/airflow/.local/lib/python3.12/site-packages/botocore/client.py\", line 602, in _api_call","logger":"task.stdout"}
{"timestamp":"2026-01-01T00:10:53.943252Z","level":"info","event":"    return self._make_api_call(operation_name, kwargs)","logger":"task.stdout"}
{"timestamp":"2026-01-01T00:10:53.943295Z","level":"info","event":"           │    │              │               └ {'Bucket': 'personal-projectbucket', 'Key': 'imf/BOP/year=2023/BOP_2023.csv'}","logger":"task.stdout"}
{"timestamp":"2026-01-01T00:10:53.943337Z","level":"info","event":"           │    │              └ 'HeadObject'","logger":"task.stdout"}
{"timestamp":"2026-01-01T00:10:53.943380Z","level":"info","event":"           │    └ <function BaseClient._make_api_call at 0xffff8cf3b060>","logger":"task.stdout"}
{"timestamp":"2026-01-01T00:10:53.943420Z","level":"info","event":"           └ <botocore.client.S3 object at 0xffff717a79e0>","logger":"task.stdout"}
{"timestamp":"2026-01-01T00:10:53.943465Z","level":"info","event":"  File \"/home/airflow/.local/lib/python3.12/site-packages/botocore/context.py\", line 123, in wrapper","logger":"task.stdout"}
{"timestamp":"2026-01-01T00:10:53.943508Z","level":"info","event":"    return func(*args, **kwargs)","logger":"task.stdout"}
{"timestamp":"2026-01-01T00:10:53.943549Z","level":"info","event":"           │     │       └ {}","logger":"task.stdout"}
{"timestamp":"2026-01-01T00:10:53.943592Z","level":"info","event":"           │     └ (<botocore.client.S3 object at 0xffff717a79e0>, 'HeadObject', {'Bucket': 'personal-projectbucket', 'Key': 'imf/BOP/year=2023/...","logger":"task.stdout"}
{"timestamp":"2026-01-01T00:10:53.943633Z","level":"info","event":"           └ <function BaseClient._make_api_call at 0xffff8cf3afc0>","logger":"task.stdout"}
{"timestamp":"2026-01-01T00:10:53.943674Z","level":"info","event":"  File \"/home/airflow/.local/lib/python3.12/site-packages/botocore/client.py\", line 1078, in _make_api_call","logger":"task.stdout"}
{"timestamp":"2026-01-01T00:10:53.943717Z","level":"info","event":"    raise error_class(parsed_response, operation_name)","logger":"task.stdout"}
{"timestamp":"2026-01-01T00:10:53.943757Z","level":"info","event":"          │           │                └ 'HeadObject'","logger":"task.stdout"}
{"timestamp":"2026-01-01T00:10:53.943836Z","level":"info","event":"          │           └ {'Error': {'Code': '403', 'Message': 'Forbidden'}, 'ResponseMetadata': {'RequestId': '3WRK6KB39KF40WZM', 'HostId': 'bFn6lo64l...","logger":"task.stdout"}
{"timestamp":"2026-01-01T00:10:53.943884Z","level":"info","event":"          └ <class 'botocore.exceptions.ClientError'>","logger":"task.stdout"}
{"timestamp":"2026-01-01T00:10:53.943926Z","level":"info","event":"","logger":"task.stdout"}
{"timestamp":"2026-01-01T00:10:53.943966Z","level":"info","event":"botocore.exceptions.ClientError: An error occurred (403) when calling the HeadObject operation: Forbidden","logger":"task.stdout"}
{"timestamp":"2026-01-01T00:10:54.093332Z","level":"info","event":"2026-01-01 00:10:54 | ERROR | S3 head_object failed | flow=BOP year=2024 key=imf/BOP/year=2024/BOP_2024.csv","logger":"task.stdout"}
{"timestamp":"2026-01-01T00:10:54.093475Z","level":"info","event":"Traceback (most recent call last):","logger":"task.stdout"}
{"timestamp":"2026-01-01T00:10:54.093529Z","level":"info","event":"","logger":"task.stdout"}
{"timestamp":"2026-01-01T00:10:54.093577Z","level":"info","event":"  File \"/usr/python/lib/python3.12/threading.py\", line 1032, in _bootstrap","logger":"task.stdout"}
{"timestamp":"2026-01-01T00:10:54.093623Z","level":"info","event":"    self._bootstrap_inner()","logger":"task.stdout"}
{"timestamp":"2026-01-01T00:10:54.093669Z","level":"info","event":"    │    └ <function Thread._bootstrap_inner at 0xffff99068f40>","logger":"task.stdout"}
{"timestamp":"2026-01-01T00:10:54.093712Z","level":"info","event":"    └ <Thread(ThreadPoolExecutor-1_0, started 281472806220128)>","logger":"task.stdout"}
{"timestamp":"2026-01-01T00:10:54.093755Z","level":"info","event":"  File \"/usr/python/lib/python3.12/threading.py\", line 1075, in _bootstrap_inner","logger":"task.stdout"}
{"timestamp":"2026-01-01T00:10:54.093798Z","level":"info","event":"    self.run()","logger":"task.stdout"}
{"timestamp":"2026-01-01T00:10:54.093840Z","level":"info","event":"    │    └ <function Thread.run at 0xffff99068c20>","logger":"task.stdout"}
{"timestamp":"2026-01-01T00:10:54.093882Z","level":"info","event":"    └ <Thread(ThreadPoolExecutor-1_0, started 281472806220128)>","logger":"task.stdout"}
{"timestamp":"2026-01-01T00:10:54.093927Z","level":"info","event":"  File \"/usr/python/lib/python3.12/threading.py\", line 1012, in run","logger":"task.stdout"}
{"timestamp":"2026-01-01T00:10:54.093969Z","level":"info","event":"    self._target(*self._args, **self._kwargs)","logger":"task.stdout"}
{"timestamp":"2026-01-01T00:10:54.094013Z","level":"info","event":"    │    │        │    │        │    └ {}","logger":"task.stdout"}
{"timestamp":"2026-01-01T00:10:54.094064Z","level":"info","event":"    │    │        │    │        └ <Thread(ThreadPoolExecutor-1_0, started 281472806220128)>","logger":"task.stdout"}
{"timestamp":"2026-01-01T00:10:54.096269Z","level":"info","event":"    │    │        │    └ (<weakref at 0xffff90350ef0; to 'ThreadPoolExecutor' at 0xffff86d3eb70>, <_queue.SimpleQueue object at 0xffff712e3b00>, None,...","logger":"task.stdout"}
{"timestamp":"2026-01-01T00:10:54.096338Z","level":"info","event":"    │    │        └ <Thread(ThreadPoolExecutor-1_0, started 281472806220128)>","logger":"task.stdout"}
{"timestamp":"2026-01-01T00:10:54.096383Z","level":"info","event":"    │    └ <function _worker at 0xffff937a1c60>","logger":"task.stdout"}
{"timestamp":"2026-01-01T00:10:54.096426Z","level":"info","event":"    └ <Thread(ThreadPoolExecutor-1_0, started 281472806220128)>","logger":"task.stdout"}
{"timestamp":"2026-01-01T00:10:54.096469Z","level":"info","event":"  File \"/usr/python/lib/python3.12/concurrent/futures/thread.py\", line 93, in _worker","logger":"task.stdout"}
{"timestamp":"2026-01-01T00:10:54.096511Z","level":"info","event":"    work_item.run()","logger":"task.stdout"}
{"timestamp":"2026-01-01T00:10:54.096583Z","level":"info","event":"    │         └ <function _WorkItem.run at 0xffff937a1da0>","logger":"task.stdout"}
{"timestamp":"2026-01-01T00:10:54.096625Z","level":"info","event":"    └ <concurrent.futures.thread._WorkItem object at 0xffff71325cd0>","logger":"task.stdout"}
{"timestamp":"2026-01-01T00:10:54.096667Z","level":"info","event":"  File \"/usr/python/lib/python3.12/concurrent/futures/thread.py\", line 59, in run","logger":"task.stdout"}
{"timestamp":"2026-01-01T00:10:54.096707Z","level":"info","event":"    result = self.fn(*self.args, **self.kwargs)","logger":"task.stdout"}
{"timestamp":"2026-01-01T00:10:54.096749Z","level":"info","event":"             │    │   │    │       │    └ {}","logger":"task.stdout"}
{"timestamp":"2026-01-01T00:10:54.096789Z","level":"info","event":"             │    │   │    │       └ <concurrent.futures.thread._WorkItem object at 0xffff71325cd0>","logger":"task.stdout"}
{"timestamp":"2026-01-01T00:10:54.096832Z","level":"info","event":"             │    │   │    └ ([('process_flow_year_chunk-e7e8cffd-0232-4da6-b580-9e6ef30d2f1f', (<Task 'process_flow_year_chunk-e7e8cffd-0232-4da6-b580-9e...","logger":"task.stdout"}
{"timestamp":"2026-01-01T00:10:54.096874Z","level":"info","event":"             │    │   └ <concurrent.futures.thread._WorkItem object at 0xffff71325cd0>","logger":"task.stdout"}
{"timestamp":"2026-01-01T00:10:54.096916Z","level":"info","event":"             │    └ <function batch_execute_tasks at 0xffff8d561d00>","logger":"task.stdout"}
{"timestamp":"2026-01-01T00:10:54.096956Z","level":"info","event":"             └ <concurrent.futures.thread._WorkItem object at 0xffff71325cd0>","logger":"task.stdout"}
{"timestamp":"2026-01-01T00:10:54.096997Z","level":"info","event":"  File \"/home/airflow/.local/lib/python3.12/site-packages/dask/local.py\", line 270, in batch_execute_tasks","logger":"task.stdout"}
{"timestamp":"2026-01-01T00:10:54.097039Z","level":"info","event":"    return [execute_task(*a) for a in it]","logger":"task.stdout"}
{"timestamp":"2026-01-01T00:10:54.097082Z","level":"info","event":"            │             │      │    └ [('process_flow_year_chunk-e7e8cffd-0232-4da6-b580-9e6ef30d2f1f', (<Task 'process_flow_year_chunk-e7e8cffd-0232-4da6-b580-9e6...","logger":"task.stdout"}
{"timestamp":"2026-01-01T00:10:54.097124Z","level":"info","event":"            │             │      └ ('process_flow_year_chunk-e7e8cffd-0232-4da6-b580-9e6ef30d2f1f', (<Task 'process_flow_year_chunk-e7e8cffd-0232-4da6-b580-9e6e...","logger":"task.stdout"}
{"timestamp":"2026-01-01T00:10:54.097166Z","level":"info","event":"            │             └ ('process_flow_year_chunk-e7e8cffd-0232-4da6-b580-9e6ef30d2f1f', (<Task 'process_flow_year_chunk-e7e8cffd-0232-4da6-b580-9e6e...","logger":"task.stdout"}
{"timestamp":"2026-01-01T00:10:54.097207Z","level":"info","event":"            └ <function execute_task at 0xffff8d561c60>","logger":"task.stdout"}
{"timestamp":"2026-01-01T00:10:54.097255Z","level":"info","event":"  File \"/home/airflow/.local/lib/python3.12/site-packages/dask/local.py\", line 256, in execute_task","logger":"task.stdout"}
{"timestamp":"2026-01-01T00:10:54.097296Z","level":"info","event":"    result = task(data)","logger":"task.stdout"}
{"timestamp":"2026-01-01T00:10:54.097339Z","level":"info","event":"             │    └ {}","logger":"task.stdout"}
{"timestamp":"2026-01-01T00:10:54.097379Z","level":"info","event":"             └ <Task 'process_flow_year_chunk-e7e8cffd-0232-4da6-b580-9e6ef30d2f1f' process_flow_year_chunk(...)>","logger":"task.stdout"}
{"timestamp":"2026-01-01T00:10:54.097423Z","level":"info","event":"  File \"/home/airflow/.local/lib/python3.12/site-packages/dask/_task_spec.py\", line 759, in __call__","logger":"task.stdout"}
{"timestamp":"2026-01-01T00:10:54.097465Z","level":"info","event":"    return self.func(*new_argspec)","logger":"task.stdout"}
{"timestamp":"2026-01-01T00:10:54.097504Z","level":"info","event":"           │    │     └ ('BOP', 'IMF.STA,BOP,latest', [2023, 2024, 2025], IMFConfig(key='all', sub_key='all', base_url='https://api.imf.org/external/...","logger":"task.stdout"}
{"timestamp":"2026-01-01T00:10:54.097579Z","level":"info","event":"           │    └ <member 'func' of 'Task' objects>","logger":"task.stdout"}
{"timestamp":"2026-01-01T00:10:54.097622Z","level":"info","event":"           └ <Task 'process_flow_year_chunk-e7e8cffd-0232-4da6-b580-9e6ef30d2f1f' process_flow_year_chunk(...)>","logger":"task.stdout"}
{"timestamp":"2026-01-01T00:10:54.097663Z","level":"info","event":"","logger":"task.stdout"}
{"timestamp":"2026-01-01T00:10:54.097703Z","level":"info","event":"> File \"/opt/airflow/dags/pipelines/imf/pipeline.py\", line 54, in process_flow_year_chunk","logger":"task.stdout"}
{"timestamp":"2026-01-01T00:10:54.097745Z","level":"info","event":"    if s3_object_exists(s3_cfg.bucket, s3_key, s3_cfg.region):","logger":"task.stdout"}
{"timestamp":"2026-01-01T00:10:54.097787Z","level":"info","event":"       │                │      │       │       │      └ 'eu-west-1'","logger":"task.stdout"}
{"timestamp":"2026-01-01T00:10:54.097830Z","level":"info","event":"       │                │      │       │       └ S3Config(bucket='personal-projectbucket', prefix='imf', region='eu-west-1')","logger":"task.stdout"}
{"timestamp":"2026-01-01T00:10:54.097871Z","level":"info","event":"       │                │      │       └ 'imf/BOP/year=2024/BOP_2024.csv'","logger":"task.stdout"}
{"timestamp":"2026-01-01T00:10:54.097951Z","level":"info","event":"       │                │      └ 'personal-projectbucket'","logger":"task.stdout"}
{"timestamp":"2026-01-01T00:10:54.097993Z","level":"info","event":"       │                └ S3Config(bucket='personal-projectbucket', prefix='imf', region='eu-west-1')","logger":"task.stdout"}
{"timestamp":"2026-01-01T00:10:54.098037Z","level":"info","event":"       └ <function s3_object_exists at 0xffff8cfba7a0>","logger":"task.stdout"}
{"timestamp":"2026-01-01T00:10:54.098078Z","level":"info","event":"","logger":"task.stdout"}
{"timestamp":"2026-01-01T00:10:54.098120Z","level":"info","event":"  File \"/opt/airflow/dags/pipelines/common/s3_utils.py\", line 29, in s3_object_exists","logger":"task.stdout"}
{"timestamp":"2026-01-01T00:10:54.098161Z","level":"info","event":"    s3.head_object(Bucket=bucket, Key=key)","logger":"task.stdout"}
{"timestamp":"2026-01-01T00:10:54.098203Z","level":"info","event":"    │  │                  │           └ 'imf/BOP/year=2024/BOP_2024.csv'","logger":"task.stdout"}
{"timestamp":"2026-01-01T00:10:54.098243Z","level":"info","event":"    │  │                  └ 'personal-projectbucket'","logger":"task.stdout"}
{"timestamp":"2026-01-01T00:10:54.098293Z","level":"info","event":"    │  └ <function ClientCreator._create_api_method.<locals>._api_call at 0xffff71310680>","logger":"task.stdout"}
{"timestamp":"2026-01-01T00:10:54.098334Z","level":"info","event":"    └ <botocore.client.S3 object at 0xffff717a79e0>","logger":"task.stdout"}
{"timestamp":"2026-01-01T00:10:54.098373Z","level":"info","event":"","logger":"task.stdout"}
{"timestamp":"2026-01-01T00:10:54.098414Z","level":"info","event":"  File \"/home/airflow/.local/lib/python3.12/site-packages/botocore/client.py\", line 602, in _api_call","logger":"task.stdout"}
{"timestamp":"2026-01-01T00:10:54.098454Z","level":"info","event":"    return self._make_api_call(operation_name, kwargs)","logger":"task.stdout"}
{"timestamp":"2026-01-01T00:10:54.098494Z","level":"info","event":"           │    │              │               └ {'Bucket': 'personal-projectbucket', 'Key': 'imf/BOP/year=2024/BOP_2024.csv'}","logger":"task.stdout"}
{"timestamp":"2026-01-01T00:10:54.098535Z","level":"info","event":"           │    │              └ 'HeadObject'","logger":"task.stdout"}
{"timestamp":"2026-01-01T00:10:54.098575Z","level":"info","event":"           │    └ <function BaseClient._make_api_call at 0xffff8cf3b060>","logger":"task.stdout"}
{"timestamp":"2026-01-01T00:10:54.098616Z","level":"info","event":"           └ <botocore.client.S3 object at 0xffff717a79e0>","logger":"task.stdout"}
{"timestamp":"2026-01-01T00:10:54.098682Z","level":"info","event":"  File \"/home/airflow/.local/lib/python3.12/site-packages/botocore/context.py\", line 123, in wrapper","logger":"task.stdout"}
{"timestamp":"2026-01-01T00:10:54.098722Z","level":"info","event":"    return func(*args, **kwargs)","logger":"task.stdout"}
{"timestamp":"2026-01-01T00:10:54.098762Z","level":"info","event":"           │     │       └ {}","logger":"task.stdout"}
{"timestamp":"2026-01-01T00:10:54.098803Z","level":"info","event":"           │     └ (<botocore.client.S3 object at 0xffff717a79e0>, 'HeadObject', {'Bucket': 'personal-projectbucket', 'Key': 'imf/BOP/year=2024/...","logger":"task.stdout"}
{"timestamp":"2026-01-01T00:10:54.098846Z","level":"info","event":"           └ <function BaseClient._make_api_call at 0xffff8cf3afc0>","logger":"task.stdout"}
{"timestamp":"2026-01-01T00:10:54.098888Z","level":"info","event":"  File \"/home/airflow/.local/lib/python3.12/site-packages/botocore/client.py\", line 1078, in _make_api_call","logger":"task.stdout"}
{"timestamp":"2026-01-01T00:10:54.098928Z","level":"info","event":"    raise error_class(parsed_response, operation_name)","logger":"task.stdout"}
{"timestamp":"2026-01-01T00:10:54.098969Z","level":"info","event":"          │           │                └ 'HeadObject'","logger":"task.stdout"}
{"timestamp":"2026-01-01T00:10:54.099011Z","level":"info","event":"          │           └ {'Error': {'Code': '403', 'Message': 'Forbidden'}, 'ResponseMetadata': {'RequestId': '3WRZRAT1T4J5RMD4', 'HostId': '0SJuLfF2G...","logger":"task.stdout"}
{"timestamp":"2026-01-01T00:10:54.099053Z","level":"info","event":"          └ <class 'botocore.exceptions.ClientError'>","logger":"task.stdout"}
{"timestamp":"2026-01-01T00:10:54.099094Z","level":"info","event":"","logger":"task.stdout"}
{"timestamp":"2026-01-01T00:10:54.099134Z","level":"info","event":"botocore.exceptions.ClientError: An error occurred (403) when calling the HeadObject operation: Forbidden","logger":"task.stdout"}
{"timestamp":"2026-01-01T00:10:54.255280Z","level":"info","event":"2026-01-01 00:10:54 | ERROR | S3 head_object failed | flow=BOP year=2025 key=imf/BOP/year=2025/BOP_2025.csv","logger":"task.stdout"}
{"timestamp":"2026-01-01T00:10:54.255545Z","level":"info","event":"Traceback (most recent call last):","logger":"task.stdout"}
{"timestamp":"2026-01-01T00:10:54.255640Z","level":"info","event":"","logger":"task.stdout"}
{"timestamp":"2026-01-01T00:10:54.256010Z","level":"info","event":"  File \"/usr/python/lib/python3.12/threading.py\", line 1032, in _bootstrap","logger":"task.stdout"}
{"timestamp":"2026-01-01T00:10:54.256144Z","level":"info","event":"    self._bootstrap_inner()","logger":"task.stdout"}
{"timestamp":"2026-01-01T00:10:54.256395Z","level":"info","event":"    │    └ <function Thread._bootstrap_inner at 0xffff99068f40>","logger":"task.stdout"}
{"timestamp":"2026-01-01T00:10:54.256649Z","level":"info","event":"    └ <Thread(ThreadPoolExecutor-1_0, started 281472806220128)>","logger":"task.stdout"}
{"timestamp":"2026-01-01T00:10:54.256772Z","level":"info","event":"  File \"/usr/python/lib/python3.12/threading.py\", line 1075, in _bootstrap_inner","logger":"task.stdout"}
{"timestamp":"2026-01-01T00:10:54.256831Z","level":"info","event":"    self.run()","logger":"task.stdout"}
{"timestamp":"2026-01-01T00:10:54.257576Z","level":"info","event":"    │    └ <function Thread.run at 0xffff99068c20>","logger":"task.stdout"}
{"timestamp":"2026-01-01T00:10:54.257980Z","level":"info","event":"    └ <Thread(ThreadPoolExecutor-1_0, started 281472806220128)>","logger":"task.stdout"}
{"timestamp":"2026-01-01T00:10:54.258088Z","level":"info","event":"  File \"/usr/python/lib/python3.12/threading.py\", line 1012, in run","logger":"task.stdout"}
{"timestamp":"2026-01-01T00:10:54.258154Z","level":"info","event":"    self._target(*self._args, **self._kwargs)","logger":"task.stdout"}
{"timestamp":"2026-01-01T00:10:54.258216Z","level":"info","event":"    │    │        │    │        │    └ {}","logger":"task.stdout"}
{"timestamp":"2026-01-01T00:10:54.258370Z","level":"info","event":"    │    │        │    │        └ <Thread(ThreadPoolExecutor-1_0, started 281472806220128)>","logger":"task.stdout"}
{"timestamp":"2026-01-01T00:10:54.258421Z","level":"info","event":"    │    │        │    └ (<weakref at 0xffff90350ef0; to 'ThreadPoolExecutor' at 0xffff86d3eb70>, <_queue.SimpleQueue object at 0xffff712e3b00>, None,...","logger":"task.stdout"}
{"timestamp":"2026-01-01T00:10:54.258466Z","level":"info","event":"    │    │        └ <Thread(ThreadPoolExecutor-1_0, started 281472806220128)>","logger":"task.stdout"}
{"timestamp":"2026-01-01T00:10:54.258557Z","level":"info","event":"    │    └ <function _worker at 0xffff937a1c60>","logger":"task.stdout"}
{"timestamp":"2026-01-01T00:10:54.258625Z","level":"info","event":"    └ <Thread(ThreadPoolExecutor-1_0, started 281472806220128)>","logger":"task.stdout"}
{"timestamp":"2026-01-01T00:10:54.258718Z","level":"info","event":"  File \"/usr/python/lib/python3.12/concurrent/futures/thread.py\", line 93, in _worker","logger":"task.stdout"}
{"timestamp":"2026-01-01T00:10:54.258797Z","level":"info","event":"    work_item.run()","logger":"task.stdout"}
{"timestamp":"2026-01-01T00:10:54.258991Z","level":"info","event":"    │         └ <function _WorkItem.run at 0xffff937a1da0>","logger":"task.stdout"}
{"timestamp":"2026-01-01T00:10:54.260719Z","level":"info","event":"    └ <concurrent.futures.thread._WorkItem object at 0xffff71325cd0>","logger":"task.stdout"}
{"timestamp":"2026-01-01T00:10:54.261322Z","level":"info","event":"  File \"/usr/python/lib/python3.12/concurrent/futures/thread.py\", line 59, in run","logger":"task.stdout"}
{"timestamp":"2026-01-01T00:10:54.261790Z","level":"info","event":"    result = self.fn(*self.args, **self.kwargs)","logger":"task.stdout"}
{"timestamp":"2026-01-01T00:10:54.261849Z","level":"info","event":"             │    │   │    │       │    └ {}","logger":"task.stdout"}
{"timestamp":"2026-01-01T00:10:54.261932Z","level":"info","event":"             │    │   │    │       └ <concurrent.futures.thread._WorkItem object at 0xffff71325cd0>","logger":"task.stdout"}
{"timestamp":"2026-01-01T00:10:54.261988Z","level":"info","event":"             │    │   │    └ ([('process_flow_year_chunk-e7e8cffd-0232-4da6-b580-9e6ef30d2f1f', (<Task 'process_flow_year_chunk-e7e8cffd-0232-4da6-b580-9e...","logger":"task.stdout"}
{"timestamp":"2026-01-01T00:10:54.262043Z","level":"info","event":"             │    │   └ <concurrent.futures.thread._WorkItem object at 0xffff71325cd0>","logger":"task.stdout"}
{"timestamp":"2026-01-01T00:10:54.262195Z","level":"info","event":"             │    └ <function batch_execute_tasks at 0xffff8d561d00>","logger":"task.stdout"}
{"timestamp":"2026-01-01T00:10:54.263485Z","level":"info","event":"             └ <concurrent.futures.thread._WorkItem object at 0xffff71325cd0>","logger":"task.stdout"}
{"timestamp":"2026-01-01T00:10:54.264274Z","level":"info","event":"  File \"/home/airflow/.local/lib/python3.12/site-packages/dask/local.py\", line 270, in batch_execute_tasks","logger":"task.stdout"}
{"timestamp":"2026-01-01T00:10:54.264403Z","level":"info","event":"    return [execute_task(*a) for a in it]","logger":"task.stdout"}
{"timestamp":"2026-01-01T00:10:54.264468Z","level":"info","event":"            │             │      │    └ [('process_flow_year_chunk-e7e8cffd-0232-4da6-b580-9e6ef30d2f1f', (<Task 'process_flow_year_chunk-e7e8cffd-0232-4da6-b580-9e6...","logger":"task.stdout"}
{"timestamp":"2026-01-01T00:10:54.264593Z","level":"info","event":"            │             │      └ ('process_flow_year_chunk-e7e8cffd-0232-4da6-b580-9e6ef30d2f1f', (<Task 'process_flow_year_chunk-e7e8cffd-0232-4da6-b580-9e6e...","logger":"task.stdout"}
{"timestamp":"2026-01-01T00:10:54.264725Z","level":"info","event":"            │             └ ('process_flow_year_chunk-e7e8cffd-0232-4da6-b580-9e6ef30d2f1f', (<Task 'process_flow_year_chunk-e7e8cffd-0232-4da6-b580-9e6e...","logger":"task.stdout"}
{"timestamp":"2026-01-01T00:10:54.264861Z","level":"info","event":"            └ <function execute_task at 0xffff8d561c60>","logger":"task.stdout"}
{"timestamp":"2026-01-01T00:10:54.264969Z","level":"info","event":"  File \"/home/airflow/.local/lib/python3.12/site-packages/dask/local.py\", line 256, in execute_task","logger":"task.stdout"}
{"timestamp":"2026-01-01T00:10:54.265087Z","level":"info","event":"    result = task(data)","logger":"task.stdout"}
{"timestamp":"2026-01-01T00:10:54.265168Z","level":"info","event":"             │    └ {}","logger":"task.stdout"}
{"timestamp":"2026-01-01T00:10:54.265831Z","level":"info","event":"             └ <Task 'process_flow_year_chunk-e7e8cffd-0232-4da6-b580-9e6ef30d2f1f' process_flow_year_chunk(...)>","logger":"task.stdout"}
{"timestamp":"2026-01-01T00:10:54.266076Z","level":"info","event":"  File \"/home/airflow/.local/lib/python3.12/site-packages/dask/_task_spec.py\", line 759, in __call__","logger":"task.stdout"}
{"timestamp":"2026-01-01T00:10:54.266267Z","level":"info","event":"    return self.func(*new_argspec)","logger":"task.stdout"}
{"timestamp":"2026-01-01T00:10:54.266359Z","level":"info","event":"           │    │     └ ('BOP', 'IMF.STA,BOP,latest', [2023, 2024, 2025], IMFConfig(key='all', sub_key='all', base_url='https://api.imf.org/external/...","logger":"task.stdout"}
{"timestamp":"2026-01-01T00:10:54.266423Z","level":"info","event":"           │    └ <member 'func' of 'Task' objects>","logger":"task.stdout"}
{"timestamp":"2026-01-01T00:10:54.266519Z","level":"info","event":"           └ <Task 'process_flow_year_chunk-e7e8cffd-0232-4da6-b580-9e6ef30d2f1f' process_flow_year_chunk(...)>","logger":"task.stdout"}
{"timestamp":"2026-01-01T00:10:54.266964Z","level":"info","event":"","logger":"task.stdout"}
{"timestamp":"2026-01-01T00:10:54.269269Z","level":"info","event":"> File \"/opt/airflow/dags/pipelines/imf/pipeline.py\", line 54, in process_flow_year_chunk","logger":"task.stdout"}
{"timestamp":"2026-01-01T00:10:54.269330Z","level":"info","event":"    if s3_object_exists(s3_cfg.bucket, s3_key, s3_cfg.region):","logger":"task.stdout"}
{"timestamp":"2026-01-01T00:10:54.269374Z","level":"info","event":"       │                │      │       │       │      └ 'eu-west-1'","logger":"task.stdout"}
{"timestamp":"2026-01-01T00:10:54.269421Z","level":"info","event":"       │                │      │       │       └ S3Config(bucket='personal-projectbucket', prefix='imf', region='eu-west-1')","logger":"task.stdout"}
{"timestamp":"2026-01-01T00:10:54.269467Z","level":"info","event":"       │                │      │       └ 'imf/BOP/year=2025/BOP_2025.csv'","logger":"task.stdout"}
{"timestamp":"2026-01-01T00:10:54.269572Z","level":"info","event":"       │                │      └ 'personal-projectbucket'","logger":"task.stdout"}
{"timestamp":"2026-01-01T00:10:54.269621Z","level":"info","event":"       │                └ S3Config(bucket='personal-projectbucket', prefix='imf', region='eu-west-1')","logger":"task.stdout"}
{"timestamp":"2026-01-01T00:10:54.269667Z","level":"info","event":"       └ <function s3_object_exists at 0xffff8cfba7a0>","logger":"task.stdout"}
{"timestamp":"2026-01-01T00:10:54.269714Z","level":"info","event":"","logger":"task.stdout"}
{"timestamp":"2026-01-01T00:10:54.269755Z","level":"info","event":"  File \"/opt/airflow/dags/pipelines/common/s3_utils.py\", line 29, in s3_object_exists","logger":"task.stdout"}
{"timestamp":"2026-01-01T00:10:54.269796Z","level":"info","event":"    s3.head_object(Bucket=bucket, Key=key)","logger":"task.stdout"}
{"timestamp":"2026-01-01T00:10:54.269837Z","level":"info","event":"    │  │                  │           └ 'imf/BOP/year=2025/BOP_2025.csv'","logger":"task.stdout"}
{"timestamp":"2026-01-01T00:10:54.269931Z","level":"info","event":"    │  │                  └ 'personal-projectbucket'","logger":"task.stdout"}
{"timestamp":"2026-01-01T00:10:54.269976Z","level":"info","event":"    │  └ <function ClientCreator._create_api_method.<locals>._api_call at 0xffff71310680>","logger":"task.stdout"}
{"timestamp":"2026-01-01T00:10:54.270050Z","level":"info","event":"    └ <botocore.client.S3 object at 0xffff717a79e0>","logger":"task.stdout"}
{"timestamp":"2026-01-01T00:10:54.270099Z","level":"info","event":"","logger":"task.stdout"}
{"timestamp":"2026-01-01T00:10:54.270142Z","level":"info","event":"  File \"/home/airflow/.local/lib/python3.12/site-packages/botocore/client.py\", line 602, in _api_call","logger":"task.stdout"}
{"timestamp":"2026-01-01T00:10:54.270183Z","level":"info","event":"    return self._make_api_call(operation_name, kwargs)","logger":"task.stdout"}
{"timestamp":"2026-01-01T00:10:54.270223Z","level":"info","event":"           │    │              │               └ {'Bucket': 'personal-projectbucket', 'Key': 'imf/BOP/year=2025/BOP_2025.csv'}","logger":"task.stdout"}
{"timestamp":"2026-01-01T00:10:54.270265Z","level":"info","event":"           │    │              └ 'HeadObject'","logger":"task.stdout"}
{"timestamp":"2026-01-01T00:10:54.270309Z","level":"info","event":"           │    └ <function BaseClient._make_api_call at 0xffff8cf3b060>","logger":"task.stdout"}
{"timestamp":"2026-01-01T00:10:54.270350Z","level":"info","event":"           └ <botocore.client.S3 object at 0xffff717a79e0>","logger":"task.stdout"}
{"timestamp":"2026-01-01T00:10:54.270391Z","level":"info","event":"  File \"/home/airflow/.local/lib/python3.12/site-packages/botocore/context.py\", line 123, in wrapper","logger":"task.stdout"}
{"timestamp":"2026-01-01T00:10:54.270433Z","level":"info","event":"    return func(*args, **kwargs)","logger":"task.stdout"}
{"timestamp":"2026-01-01T00:10:54.270474Z","level":"info","event":"           │     │       └ {}","logger":"task.stdout"}
{"timestamp":"2026-01-01T00:10:54.270515Z","level":"info","event":"           │     └ (<botocore.client.S3 object at 0xffff717a79e0>, 'HeadObject', {'Bucket': 'personal-projectbucket', 'Key': 'imf/BOP/year=2025/...","logger":"task.stdout"}
{"timestamp":"2026-01-01T00:10:54.270559Z","level":"info","event":"           └ <function BaseClient._make_api_call at 0xffff8cf3afc0>","logger":"task.stdout"}
{"timestamp":"2026-01-01T00:10:54.270601Z","level":"info","event":"  File \"/home/airflow/.local/lib/python3.12/site-packages/botocore/client.py\", line 1078, in _make_api_call","logger":"task.stdout"}
{"timestamp":"2026-01-01T00:10:54.270641Z","level":"info","event":"    raise error_class(parsed_response, operation_name)","logger":"task.stdout"}
{"timestamp":"2026-01-01T00:10:54.270683Z","level":"info","event":"          │           │                └ 'HeadObject'","logger":"task.stdout"}
{"timestamp":"2026-01-01T00:10:54.270725Z","level":"info","event":"          │           └ {'Error': {'Code': '403', 'Message': 'Forbidden'}, 'ResponseMetadata': {'RequestId': '3WRZ560095E13X32', 'HostId': 'fDBBrtPBx...","logger":"task.stdout"}
{"timestamp":"2026-01-01T00:10:54.270768Z","level":"info","event":"          └ <class 'botocore.exceptions.ClientError'>","logger":"task.stdout"}
{"timestamp":"2026-01-01T00:10:54.270807Z","level":"info","event":"","logger":"task.stdout"}
{"timestamp":"2026-01-01T00:10:54.270847Z","level":"info","event":"botocore.exceptions.ClientError: An error occurred (403) when calling the HeadObject operation: Forbidden","logger":"task.stdout"}
{"timestamp":"2026-01-01T00:10:54.441871Z","level":"info","event":"2026-01-01 00:10:54 | ERROR | S3 head_object failed | flow=BOP year=1968 key=imf/BOP/year=1968/BOP_1968.csv","logger":"task.stdout"}
{"timestamp":"2026-01-01T00:10:54.442047Z","level":"info","event":"Traceback (most recent call last):","logger":"task.stdout"}
{"timestamp":"2026-01-01T00:10:54.442119Z","level":"info","event":"","logger":"task.stdout"}
{"timestamp":"2026-01-01T00:10:54.442177Z","level":"info","event":"  File \"/usr/python/lib/python3.12/threading.py\", line 1032, in _bootstrap","logger":"task.stdout"}
{"timestamp":"2026-01-01T00:10:54.442232Z","level":"info","event":"    self._bootstrap_inner()","logger":"task.stdout"}
{"timestamp":"2026-01-01T00:10:54.442341Z","level":"info","event":"    │    └ <function Thread._bootstrap_inner at 0xffff99068f40>","logger":"task.stdout"}
{"timestamp":"2026-01-01T00:10:54.442403Z","level":"info","event":"    └ <Thread(ThreadPoolExecutor-1_0, started 281472806220128)>","logger":"task.stdout"}
{"timestamp":"2026-01-01T00:10:54.442458Z","level":"info","event":"  File \"/usr/python/lib/python3.12/threading.py\", line 1075, in _bootstrap_inner","logger":"task.stdout"}
{"timestamp":"2026-01-01T00:10:54.442511Z","level":"info","event":"    self.run()","logger":"task.stdout"}
{"timestamp":"2026-01-01T00:10:54.442563Z","level":"info","event":"    │    └ <function Thread.run at 0xffff99068c20>","logger":"task.stdout"}
{"timestamp":"2026-01-01T00:10:54.442618Z","level":"info","event":"    └ <Thread(ThreadPoolExecutor-1_0, started 281472806220128)>","logger":"task.stdout"}
{"timestamp":"2026-01-01T00:10:54.442669Z","level":"info","event":"  File \"/usr/python/lib/python3.12/threading.py\", line 1012, in run","logger":"task.stdout"}
{"timestamp":"2026-01-01T00:10:54.442723Z","level":"info","event":"    self._target(*self._args, **self._kwargs)","logger":"task.stdout"}
{"timestamp":"2026-01-01T00:10:54.442776Z","level":"info","event":"    │    │        │    │        │    └ {}","logger":"task.stdout"}
{"timestamp":"2026-01-01T00:10:54.442829Z","level":"info","event":"    │    │        │    │        └ <Thread(ThreadPoolExecutor-1_0, started 281472806220128)>","logger":"task.stdout"}
{"timestamp":"2026-01-01T00:10:54.442881Z","level":"info","event":"    │    │        │    └ (<weakref at 0xffff90350ef0; to 'ThreadPoolExecutor' at 0xffff86d3eb70>, <_queue.SimpleQueue object at 0xffff712e3b00>, None,...","logger":"task.stdout"}
{"timestamp":"2026-01-01T00:10:54.442935Z","level":"info","event":"    │    │        └ <Thread(ThreadPoolExecutor-1_0, started 281472806220128)>","logger":"task.stdout"}
{"timestamp":"2026-01-01T00:10:54.442986Z","level":"info","event":"    │    └ <function _worker at 0xffff937a1c60>","logger":"task.stdout"}
{"timestamp":"2026-01-01T00:10:54.443036Z","level":"info","event":"    └ <Thread(ThreadPoolExecutor-1_0, started 281472806220128)>","logger":"task.stdout"}
{"timestamp":"2026-01-01T00:10:54.443084Z","level":"info","event":"  File \"/usr/python/lib/python3.12/concurrent/futures/thread.py\", line 93, in _worker","logger":"task.stdout"}
{"timestamp":"2026-01-01T00:10:54.443142Z","level":"info","event":"    work_item.run()","logger":"task.stdout"}
{"timestamp":"2026-01-01T00:10:54.443199Z","level":"info","event":"    │         └ <function _WorkItem.run at 0xffff937a1da0>","logger":"task.stdout"}
{"timestamp":"2026-01-01T00:10:54.443257Z","level":"info","event":"    └ <concurrent.futures.thread._WorkItem object at 0xffff8d8a6ff0>","logger":"task.stdout"}
{"timestamp":"2026-01-01T00:10:54.443311Z","level":"info","event":"  File \"/usr/python/lib/python3.12/concurrent/futures/thread.py\", line 59, in run","logger":"task.stdout"}
{"timestamp":"2026-01-01T00:10:54.443362Z","level":"info","event":"    result = self.fn(*self.args, **self.kwargs)","logger":"task.stdout"}
{"timestamp":"2026-01-01T00:10:54.443412Z","level":"info","event":"             │    │   │    │       │    └ {}","logger":"task.stdout"}
{"timestamp":"2026-01-01T00:10:54.443461Z","level":"info","event":"             │    │   │    │       └ <concurrent.futures.thread._WorkItem object at 0xffff8d8a6ff0>","logger":"task.stdout"}
{"timestamp":"2026-01-01T00:10:54.443511Z","level":"info","event":"             │    │   │    └ ([('process_flow_year_chunk-d5def2f1-f11e-4e91-874d-e29e81cea0d3', (<Task 'process_flow_year_chunk-d5def2f1-f11e-4e91-874d-e2...","logger":"task.stdout"}
{"timestamp":"2026-01-01T00:10:54.443560Z","level":"info","event":"             │    │   └ <concurrent.futures.thread._WorkItem object at 0xffff8d8a6ff0>","logger":"task.stdout"}
{"timestamp":"2026-01-01T00:10:54.443661Z","level":"info","event":"             │    └ <function batch_execute_tasks at 0xffff8d561d00>","logger":"task.stdout"}
{"timestamp":"2026-01-01T00:10:54.443711Z","level":"info","event":"             └ <concurrent.futures.thread._WorkItem object at 0xffff8d8a6ff0>","logger":"task.stdout"}
{"timestamp":"2026-01-01T00:10:54.443761Z","level":"info","event":"  File \"/home/airflow/.local/lib/python3.12/site-packages/dask/local.py\", line 270, in batch_execute_tasks","logger":"task.stdout"}
{"timestamp":"2026-01-01T00:10:54.445271Z","level":"info","event":"    return [execute_task(*a) for a in it]","logger":"task.stdout"}
{"timestamp":"2026-01-01T00:10:54.445422Z","level":"info","event":"            │             │      │    └ [('process_flow_year_chunk-d5def2f1-f11e-4e91-874d-e29e81cea0d3', (<Task 'process_flow_year_chunk-d5def2f1-f11e-4e91-874d-e29...","logger":"task.stdout"}
{"timestamp":"2026-01-01T00:10:54.445477Z","level":"info","event":"            │             │      └ ('process_flow_year_chunk-d5def2f1-f11e-4e91-874d-e29e81cea0d3', (<Task 'process_flow_year_chunk-d5def2f1-f11e-4e91-874d-e29e...","logger":"task.stdout"}
{"timestamp":"2026-01-01T00:10:54.445530Z","level":"info","event":"            │             └ ('process_flow_year_chunk-d5def2f1-f11e-4e91-874d-e29e81cea0d3', (<Task 'process_flow_year_chunk-d5def2f1-f11e-4e91-874d-e29e...","logger":"task.stdout"}
{"timestamp":"2026-01-01T00:10:54.445579Z","level":"info","event":"            └ <function execute_task at 0xffff8d561c60>","logger":"task.stdout"}
{"timestamp":"2026-01-01T00:10:54.445628Z","level":"info","event":"  File \"/home/airflow/.local/lib/python3.12/site-packages/dask/local.py\", line 256, in execute_task","logger":"task.stdout"}
{"timestamp":"2026-01-01T00:10:54.445675Z","level":"info","event":"    result = task(data)","logger":"task.stdout"}
{"timestamp":"2026-01-01T00:10:54.445724Z","level":"info","event":"             │    └ {}","logger":"task.stdout"}
{"timestamp":"2026-01-01T00:10:54.445773Z","level":"info","event":"             └ <Task 'process_flow_year_chunk-d5def2f1-f11e-4e91-874d-e29e81cea0d3' process_flow_year_chunk(...)>","logger":"task.stdout"}
{"timestamp":"2026-01-01T00:10:54.445823Z","level":"info","event":"  File \"/home/airflow/.local/lib/python3.12/site-packages/dask/_task_spec.py\", line 759, in __call__","logger":"task.stdout"}
{"timestamp":"2026-01-01T00:10:54.445871Z","level":"info","event":"    return self.func(*new_argspec)","logger":"task.stdout"}
{"timestamp":"2026-01-01T00:10:54.445920Z","level":"info","event":"           │    │     └ ('BOP', 'IMF.STA,BOP,latest', [1968, 1969, 1970, 1971, 1972], IMFConfig(key='all', sub_key='all', base_url='https://api.imf.o...","logger":"task.stdout"}
{"timestamp":"2026-01-01T00:10:54.445968Z","level":"info","event":"           │    └ <member 'func' of 'Task' objects>","logger":"task.stdout"}
{"timestamp":"2026-01-01T00:10:54.446017Z","level":"info","event":"           └ <Task 'process_flow_year_chunk-d5def2f1-f11e-4e91-874d-e29e81cea0d3' process_flow_year_chunk(...)>","logger":"task.stdout"}
{"timestamp":"2026-01-01T00:10:54.446065Z","level":"info","event":"","logger":"task.stdout"}
{"timestamp":"2026-01-01T00:10:54.446113Z","level":"info","event":"> File \"/opt/airflow/dags/pipelines/imf/pipeline.py\", line 54, in process_flow_year_chunk","logger":"task.stdout"}
{"timestamp":"2026-01-01T00:10:54.446161Z","level":"info","event":"    if s3_object_exists(s3_cfg.bucket, s3_key, s3_cfg.region):","logger":"task.stdout"}
{"timestamp":"2026-01-01T00:10:54.446213Z","level":"info","event":"       │                │      │       │       │      └ 'eu-west-1'","logger":"task.stdout"}
{"timestamp":"2026-01-01T00:10:54.446268Z","level":"info","event":"       │                │      │       │       └ S3Config(bucket='personal-projectbucket', prefix='imf', region='eu-west-1')","logger":"task.stdout"}
{"timestamp":"2026-01-01T00:10:54.446317Z","level":"info","event":"       │                │      │       └ 'imf/BOP/year=1968/BOP_1968.csv'","logger":"task.stdout"}
{"timestamp":"2026-01-01T00:10:54.446467Z","level":"info","event":"       │                │      └ 'personal-projectbucket'","logger":"task.stdout"}
{"timestamp":"2026-01-01T00:10:54.446547Z","level":"info","event":"       │                └ S3Config(bucket='personal-projectbucket', prefix='imf', region='eu-west-1')","logger":"task.stdout"}
{"timestamp":"2026-01-01T00:10:54.446618Z","level":"info","event":"       └ <function s3_object_exists at 0xffff8cfba7a0>","logger":"task.stdout"}
{"timestamp":"2026-01-01T00:10:54.446680Z","level":"info","event":"","logger":"task.stdout"}
{"timestamp":"2026-01-01T00:10:54.446736Z","level":"info","event":"  File \"/opt/airflow/dags/pipelines/common/s3_utils.py\", line 29, in s3_object_exists","logger":"task.stdout"}
{"timestamp":"2026-01-01T00:10:54.446791Z","level":"info","event":"    s3.head_object(Bucket=bucket, Key=key)","logger":"task.stdout"}
{"timestamp":"2026-01-01T00:10:54.446857Z","level":"info","event":"    │  │                  │           └ 'imf/BOP/year=1968/BOP_1968.csv'","logger":"task.stdout"}
{"timestamp":"2026-01-01T00:10:54.446939Z","level":"info","event":"    │  │                  └ 'personal-projectbucket'","logger":"task.stdout"}
{"timestamp":"2026-01-01T00:10:54.446996Z","level":"info","event":"    │  └ <function ClientCreator._create_api_method.<locals>._api_call at 0xffff71310680>","logger":"task.stdout"}
{"timestamp":"2026-01-01T00:10:54.447042Z","level":"info","event":"    └ <botocore.client.S3 object at 0xffff717a79e0>","logger":"task.stdout"}
{"timestamp":"2026-01-01T00:10:54.447091Z","level":"info","event":"","logger":"task.stdout"}
{"timestamp":"2026-01-01T00:10:54.447140Z","level":"info","event":"  File \"/home/airflow/.local/lib/python3.12/site-packages/botocore/client.py\", line 602, in _api_call","logger":"task.stdout"}
{"timestamp":"2026-01-01T00:10:54.447190Z","level":"info","event":"    return self._make_api_call(operation_name, kwargs)","logger":"task.stdout"}
{"timestamp":"2026-01-01T00:10:54.447237Z","level":"info","event":"           │    │              │               └ {'Bucket': 'personal-projectbucket', 'Key': 'imf/BOP/year=1968/BOP_1968.csv'}","logger":"task.stdout"}
{"timestamp":"2026-01-01T00:10:54.447297Z","level":"info","event":"           │    │              └ 'HeadObject'","logger":"task.stdout"}
{"timestamp":"2026-01-01T00:10:54.447345Z","level":"info","event":"           │    └ <function BaseClient._make_api_call at 0xffff8cf3b060>","logger":"task.stdout"}
{"timestamp":"2026-01-01T00:10:54.447389Z","level":"info","event":"           └ <botocore.client.S3 object at 0xffff717a79e0>","logger":"task.stdout"}
{"timestamp":"2026-01-01T00:10:54.447433Z","level":"info","event":"  File \"/home/airflow/.local/lib/python3.12/site-packages/botocore/context.py\", line 123, in wrapper","logger":"task.stdout"}
{"timestamp":"2026-01-01T00:10:54.447481Z","level":"info","event":"    return func(*args, **kwargs)","logger":"task.stdout"}
{"timestamp":"2026-01-01T00:10:54.447531Z","level":"info","event":"           │     │       └ {}","logger":"task.stdout"}
{"timestamp":"2026-01-01T00:10:54.447580Z","level":"info","event":"           │     └ (<botocore.client.S3 object at 0xffff717a79e0>, 'HeadObject', {'Bucket': 'personal-projectbucket', 'Key': 'imf/BOP/year=1968/...","logger":"task.stdout"}
{"timestamp":"2026-01-01T00:10:54.447628Z","level":"info","event":"           └ <function BaseClient._make_api_call at 0xffff8cf3afc0>","logger":"task.stdout"}
{"timestamp":"2026-01-01T00:10:54.447677Z","level":"info","event":"  File \"/home/airflow/.local/lib/python3.12/site-packages/botocore/client.py\", line 1078, in _make_api_call","logger":"task.stdout"}
{"timestamp":"2026-01-01T00:10:54.447725Z","level":"info","event":"    raise error_class(parsed_response, operation_name)","logger":"task.stdout"}
{"timestamp":"2026-01-01T00:10:54.447774Z","level":"info","event":"          │           │                └ 'HeadObject'","logger":"task.stdout"}
{"timestamp":"2026-01-01T00:10:54.447851Z","level":"info","event":"          │           └ {'Error': {'Code': '403', 'Message': 'Forbidden'}, 'ResponseMetadata': {'RequestId': '3WRWBZQSPJ22W460', 'HostId': 'BPelhtrY3...","logger":"task.stdout"}
{"timestamp":"2026-01-01T00:10:54.449574Z","level":"info","event":"          └ <class 'botocore.exceptions.ClientError'>","logger":"task.stdout"}
{"timestamp":"2026-01-01T00:10:54.449740Z","level":"info","event":"","logger":"task.stdout"}
{"timestamp":"2026-01-01T00:10:54.450265Z","level":"info","event":"botocore.exceptions.ClientError: An error occurred (403) when calling the HeadObject operation: Forbidden","logger":"task.stdout"}
{"timestamp":"2026-01-01T00:10:54.601602Z","level":"info","event":"2026-01-01 00:10:54 | ERROR | S3 head_object failed | flow=BOP year=1969 key=imf/BOP/year=1969/BOP_1969.csv","logger":"task.stdout"}
{"timestamp":"2026-01-01T00:10:54.601777Z","level":"info","event":"Traceback (most recent call last):","logger":"task.stdout"}
{"timestamp":"2026-01-01T00:10:54.601846Z","level":"info","event":"","logger":"task.stdout"}
{"timestamp":"2026-01-01T00:10:54.601903Z","level":"info","event":"  File \"/usr/python/lib/python3.12/threading.py\", line 1032, in _bootstrap","logger":"task.stdout"}
{"timestamp":"2026-01-01T00:10:54.601959Z","level":"info","event":"    self._bootstrap_inner()","logger":"task.stdout"}
{"timestamp":"2026-01-01T00:10:54.602012Z","level":"info","event":"    │    └ <function Thread._bootstrap_inner at 0xffff99068f40>","logger":"task.stdout"}
{"timestamp":"2026-01-01T00:10:54.602066Z","level":"info","event":"    └ <Thread(ThreadPoolExecutor-1_0, started 281472806220128)>","logger":"task.stdout"}
{"timestamp":"2026-01-01T00:10:54.604268Z","level":"info","event":"  File \"/usr/python/lib/python3.12/threading.py\", line 1075, in _bootstrap_inner","logger":"task.stdout"}
{"timestamp":"2026-01-01T00:10:54.604340Z","level":"info","event":"    self.run()","logger":"task.stdout"}
{"timestamp":"2026-01-01T00:10:54.604392Z","level":"info","event":"    │    └ <function Thread.run at 0xffff99068c20>","logger":"task.stdout"}
{"timestamp":"2026-01-01T00:10:54.604445Z","level":"info","event":"    └ <Thread(ThreadPoolExecutor-1_0, started 281472806220128)>","logger":"task.stdout"}
{"timestamp":"2026-01-01T00:10:54.604495Z","level":"info","event":"  File \"/usr/python/lib/python3.12/threading.py\", line 1012, in run","logger":"task.stdout"}
{"timestamp":"2026-01-01T00:10:54.604550Z","level":"info","event":"    self._target(*self._args, **self._kwargs)","logger":"task.stdout"}
{"timestamp":"2026-01-01T00:10:54.604598Z","level":"info","event":"    │    │        │    │        │    └ {}","logger":"task.stdout"}
{"timestamp":"2026-01-01T00:10:54.604650Z","level":"info","event":"    │    │        │    │        └ <Thread(ThreadPoolExecutor-1_0, started 281472806220128)>","logger":"task.stdout"}
{"timestamp":"2026-01-01T00:10:54.604701Z","level":"info","event":"    │    │        │    └ (<weakref at 0xffff90350ef0; to 'ThreadPoolExecutor' at 0xffff86d3eb70>, <_queue.SimpleQueue object at 0xffff712e3b00>, None,...","logger":"task.stdout"}
{"timestamp":"2026-01-01T00:10:54.604750Z","level":"info","event":"    │    │        └ <Thread(ThreadPoolExecutor-1_0, started 281472806220128)>","logger":"task.stdout"}
{"timestamp":"2026-01-01T00:10:54.604799Z","level":"info","event":"    │    └ <function _worker at 0xffff937a1c60>","logger":"task.stdout"}
{"timestamp":"2026-01-01T00:10:54.604847Z","level":"info","event":"    └ <Thread(ThreadPoolExecutor-1_0, started 281472806220128)>","logger":"task.stdout"}
{"timestamp":"2026-01-01T00:10:54.604897Z","level":"info","event":"  File \"/usr/python/lib/python3.12/concurrent/futures/thread.py\", line 93, in _worker","logger":"task.stdout"}
{"timestamp":"2026-01-01T00:10:54.604945Z","level":"info","event":"    work_item.run()","logger":"task.stdout"}
{"timestamp":"2026-01-01T00:10:54.604994Z","level":"info","event":"    │         └ <function _WorkItem.run at 0xffff937a1da0>","logger":"task.stdout"}
{"timestamp":"2026-01-01T00:10:54.605075Z","level":"info","event":"    └ <concurrent.futures.thread._WorkItem object at 0xffff8d8a6ff0>","logger":"task.stdout"}
{"timestamp":"2026-01-01T00:10:54.605123Z","level":"info","event":"  File \"/usr/python/lib/python3.12/concurrent/futures/thread.py\", line 59, in run","logger":"task.stdout"}
{"timestamp":"2026-01-01T00:10:54.605171Z","level":"info","event":"    result = self.fn(*self.args, **self.kwargs)","logger":"task.stdout"}
{"timestamp":"2026-01-01T00:10:54.605222Z","level":"info","event":"             │    │   │    │       │    └ {}","logger":"task.stdout"}
{"timestamp":"2026-01-01T00:10:54.605271Z","level":"info","event":"             │    │   │    │       └ <concurrent.futures.thread._WorkItem object at 0xffff8d8a6ff0>","logger":"task.stdout"}
{"timestamp":"2026-01-01T00:10:54.605322Z","level":"info","event":"             │    │   │    └ ([('process_flow_year_chunk-d5def2f1-f11e-4e91-874d-e29e81cea0d3', (<Task 'process_flow_year_chunk-d5def2f1-f11e-4e91-874d-e2...","logger":"task.stdout"}
{"timestamp":"2026-01-01T00:10:54.605371Z","level":"info","event":"             │    │   └ <concurrent.futures.thread._WorkItem object at 0xffff8d8a6ff0>","logger":"task.stdout"}
{"timestamp":"2026-01-01T00:10:54.605418Z","level":"info","event":"             │    └ <function batch_execute_tasks at 0xffff8d561d00>","logger":"task.stdout"}
{"timestamp":"2026-01-01T00:10:54.605468Z","level":"info","event":"             └ <concurrent.futures.thread._WorkItem object at 0xffff8d8a6ff0>","logger":"task.stdout"}
{"timestamp":"2026-01-01T00:10:54.605517Z","level":"info","event":"  File \"/home/airflow/.local/lib/python3.12/site-packages/dask/local.py\", line 270, in batch_execute_tasks","logger":"task.stdout"}
{"timestamp":"2026-01-01T00:10:54.605564Z","level":"info","event":"    return [execute_task(*a) for a in it]","logger":"task.stdout"}
{"timestamp":"2026-01-01T00:10:54.605612Z","level":"info","event":"            │             │      │    └ [('process_flow_year_chunk-d5def2f1-f11e-4e91-874d-e29e81cea0d3', (<Task 'process_flow_year_chunk-d5def2f1-f11e-4e91-874d-e29...","logger":"task.stdout"}
{"timestamp":"2026-01-01T00:10:54.605661Z","level":"info","event":"            │             │      └ ('process_flow_year_chunk-d5def2f1-f11e-4e91-874d-e29e81cea0d3', (<Task 'process_flow_year_chunk-d5def2f1-f11e-4e91-874d-e29e...","logger":"task.stdout"}
{"timestamp":"2026-01-01T00:10:54.605707Z","level":"info","event":"            │             └ ('process_flow_year_chunk-d5def2f1-f11e-4e91-874d-e29e81cea0d3', (<Task 'process_flow_year_chunk-d5def2f1-f11e-4e91-874d-e29e...","logger":"task.stdout"}
{"timestamp":"2026-01-01T00:10:54.605755Z","level":"info","event":"            └ <function execute_task at 0xffff8d561c60>","logger":"task.stdout"}
{"timestamp":"2026-01-01T00:10:54.605804Z","level":"info","event":"  File \"/home/airflow/.local/lib/python3.12/site-packages/dask/local.py\", line 256, in execute_task","logger":"task.stdout"}
{"timestamp":"2026-01-01T00:10:54.605854Z","level":"info","event":"    result = task(data)","logger":"task.stdout"}
{"timestamp":"2026-01-01T00:10:54.605902Z","level":"info","event":"             │    └ {}","logger":"task.stdout"}
{"timestamp":"2026-01-01T00:10:54.605953Z","level":"info","event":"             └ <Task 'process_flow_year_chunk-d5def2f1-f11e-4e91-874d-e29e81cea0d3' process_flow_year_chunk(...)>","logger":"task.stdout"}
{"timestamp":"2026-01-01T00:10:54.606003Z","level":"info","event":"  File \"/home/airflow/.local/lib/python3.12/site-packages/dask/_task_spec.py\", line 759, in __call__","logger":"task.stdout"}
{"timestamp":"2026-01-01T00:10:54.606052Z","level":"info","event":"    return self.func(*new_argspec)","logger":"task.stdout"}
{"timestamp":"2026-01-01T00:10:54.606100Z","level":"info","event":"           │    │     └ ('BOP', 'IMF.STA,BOP,latest', [1968, 1969, 1970, 1971, 1972], IMFConfig(key='all', sub_key='all', base_url='https://api.imf.o...","logger":"task.stdout"}
{"timestamp":"2026-01-01T00:10:54.606183Z","level":"info","event":"           │    └ <member 'func' of 'Task' objects>","logger":"task.stdout"}
{"timestamp":"2026-01-01T00:10:54.606231Z","level":"info","event":"           └ <Task 'process_flow_year_chunk-d5def2f1-f11e-4e91-874d-e29e81cea0d3' process_flow_year_chunk(...)>","logger":"task.stdout"}
{"timestamp":"2026-01-01T00:10:54.606288Z","level":"info","event":"","logger":"task.stdout"}
{"timestamp":"2026-01-01T00:10:54.606340Z","level":"info","event":"> File \"/opt/airflow/dags/pipelines/imf/pipeline.py\", line 54, in process_flow_year_chunk","logger":"task.stdout"}
{"timestamp":"2026-01-01T00:10:54.606387Z","level":"info","event":"    if s3_object_exists(s3_cfg.bucket, s3_key, s3_cfg.region):","logger":"task.stdout"}
{"timestamp":"2026-01-01T00:10:54.606436Z","level":"info","event":"       │                │      │       │       │      └ 'eu-west-1'","logger":"task.stdout"}
{"timestamp":"2026-01-01T00:10:54.606484Z","level":"info","event":"       │                │      │       │       └ S3Config(bucket='personal-projectbucket', prefix='imf', region='eu-west-1')","logger":"task.stdout"}
{"timestamp":"2026-01-01T00:10:54.606531Z","level":"info","event":"       │                │      │       └ 'imf/BOP/year=1969/BOP_1969.csv'","logger":"task.stdout"}
{"timestamp":"2026-01-01T00:10:54.606625Z","level":"info","event":"       │                │      └ 'personal-projectbucket'","logger":"task.stdout"}
{"timestamp":"2026-01-01T00:10:54.606674Z","level":"info","event":"       │                └ S3Config(bucket='personal-projectbucket', prefix='imf', region='eu-west-1')","logger":"task.stdout"}
{"timestamp":"2026-01-01T00:10:54.606722Z","level":"info","event":"       └ <function s3_object_exists at 0xffff8cfba7a0>","logger":"task.stdout"}
{"timestamp":"2026-01-01T00:10:54.606769Z","level":"info","event":"","logger":"task.stdout"}
{"timestamp":"2026-01-01T00:10:54.606817Z","level":"info","event":"  File \"/opt/airflow/dags/pipelines/common/s3_utils.py\", line 29, in s3_object_exists","logger":"task.stdout"}
{"timestamp":"2026-01-01T00:10:54.606865Z","level":"info","event":"    s3.head_object(Bucket=bucket, Key=key)","logger":"task.stdout"}
{"timestamp":"2026-01-01T00:10:54.606912Z","level":"info","event":"    │  │                  │           └ 'imf/BOP/year=1969/BOP_1969.csv'","logger":"task.stdout"}
{"timestamp":"2026-01-01T00:10:54.606959Z","level":"info","event":"    │  │                  └ 'personal-projectbucket'","logger":"task.stdout"}
{"timestamp":"2026-01-01T00:10:54.607006Z","level":"info","event":"    │  └ <function ClientCreator._create_api_method.<locals>._api_call at 0xffff71310680>","logger":"task.stdout"}
{"timestamp":"2026-01-01T00:10:54.607055Z","level":"info","event":"    └ <botocore.client.S3 object at 0xffff717a79e0>","logger":"task.stdout"}
{"timestamp":"2026-01-01T00:10:54.607104Z","level":"info","event":"","logger":"task.stdout"}
{"timestamp":"2026-01-01T00:10:54.607152Z","level":"info","event":"  File \"/home/airflow/.local/lib/python3.12/site-packages/botocore/client.py\", line 602, in _api_call","logger":"task.stdout"}
{"timestamp":"2026-01-01T00:10:54.607199Z","level":"info","event":"    return self._make_api_call(operation_name, kwargs)","logger":"task.stdout"}
{"timestamp":"2026-01-01T00:10:54.607254Z","level":"info","event":"           │    │              │               └ {'Bucket': 'personal-projectbucket', 'Key': 'imf/BOP/year=1969/BOP_1969.csv'}","logger":"task.stdout"}
{"timestamp":"2026-01-01T00:10:54.607303Z","level":"info","event":"           │    │              └ 'HeadObject'","logger":"task.stdout"}
{"timestamp":"2026-01-01T00:10:54.607349Z","level":"info","event":"           │    └ <function BaseClient._make_api_call at 0xffff8cf3b060>","logger":"task.stdout"}
{"timestamp":"2026-01-01T00:10:54.607396Z","level":"info","event":"           └ <botocore.client.S3 object at 0xffff717a79e0>","logger":"task.stdout"}
{"timestamp":"2026-01-01T00:10:54.607474Z","level":"info","event":"  File \"/home/airflow/.local/lib/python3.12/site-packages/botocore/context.py\", line 123, in wrapper","logger":"task.stdout"}
{"timestamp":"2026-01-01T00:10:54.607522Z","level":"info","event":"    return func(*args, **kwargs)","logger":"task.stdout"}
{"timestamp":"2026-01-01T00:10:54.607568Z","level":"info","event":"           │     │       └ {}","logger":"task.stdout"}
{"timestamp":"2026-01-01T00:10:54.607617Z","level":"info","event":"           │     └ (<botocore.client.S3 object at 0xffff717a79e0>, 'HeadObject', {'Bucket': 'personal-projectbucket', 'Key': 'imf/BOP/year=1969/...","logger":"task.stdout"}
{"timestamp":"2026-01-01T00:10:54.607668Z","level":"info","event":"           └ <function BaseClient._make_api_call at 0xffff8cf3afc0>","logger":"task.stdout"}
{"timestamp":"2026-01-01T00:10:54.607715Z","level":"info","event":"  File \"/home/airflow/.local/lib/python3.12/site-packages/botocore/client.py\", line 1078, in _make_api_call","logger":"task.stdout"}
{"timestamp":"2026-01-01T00:10:54.607762Z","level":"info","event":"    raise error_class(parsed_response, operation_name)","logger":"task.stdout"}
{"timestamp":"2026-01-01T00:10:54.607811Z","level":"info","event":"          │           │                └ 'HeadObject'","logger":"task.stdout"}
{"timestamp":"2026-01-01T00:10:54.607861Z","level":"info","event":"          │           └ {'Error': {'Code': '403', 'Message': 'Forbidden'}, 'ResponseMetadata': {'RequestId': '3WRHVJM86P9GR023', 'HostId': 'XncLKS+cy...","logger":"task.stdout"}
{"timestamp":"2026-01-01T00:10:54.607908Z","level":"info","event":"          └ <class 'botocore.exceptions.ClientError'>","logger":"task.stdout"}
{"timestamp":"2026-01-01T00:10:54.607957Z","level":"info","event":"","logger":"task.stdout"}
{"timestamp":"2026-01-01T00:10:54.608002Z","level":"info","event":"botocore.exceptions.ClientError: An error occurred (403) when calling the HeadObject operation: Forbidden","logger":"task.stdout"}
{"timestamp":"2026-01-01T00:10:54.793568Z","level":"info","event":"2026-01-01 00:10:54 | ERROR | S3 head_object failed | flow=BOP year=1970 key=imf/BOP/year=1970/BOP_1970.csv","logger":"task.stdout"}
{"timestamp":"2026-01-01T00:10:54.797332Z","level":"info","event":"Traceback (most recent call last):","logger":"task.stdout"}
{"timestamp":"2026-01-01T00:10:54.799284Z","level":"info","event":"","logger":"task.stdout"}
{"timestamp":"2026-01-01T00:10:54.799439Z","level":"info","event":"  File \"/usr/python/lib/python3.12/threading.py\", line 1032, in _bootstrap","logger":"task.stdout"}
{"timestamp":"2026-01-01T00:10:54.799514Z","level":"info","event":"    self._bootstrap_inner()","logger":"task.stdout"}
{"timestamp":"2026-01-01T00:10:54.799576Z","level":"info","event":"    │    └ <function Thread._bootstrap_inner at 0xffff99068f40>","logger":"task.stdout"}
{"timestamp":"2026-01-01T00:10:54.799637Z","level":"info","event":"    └ <Thread(ThreadPoolExecutor-1_0, started 281472806220128)>","logger":"task.stdout"}
{"timestamp":"2026-01-01T00:10:54.799695Z","level":"info","event":"  File \"/usr/python/lib/python3.12/threading.py\", line 1075, in _bootstrap_inner","logger":"task.stdout"}
{"timestamp":"2026-01-01T00:10:54.799760Z","level":"info","event":"    self.run()","logger":"task.stdout"}
{"timestamp":"2026-01-01T00:10:54.799824Z","level":"info","event":"    │    └ <function Thread.run at 0xffff99068c20>","logger":"task.stdout"}
{"timestamp":"2026-01-01T00:10:54.799882Z","level":"info","event":"    └ <Thread(ThreadPoolExecutor-1_0, started 281472806220128)>","logger":"task.stdout"}
{"timestamp":"2026-01-01T00:10:54.799945Z","level":"info","event":"  File \"/usr/python/lib/python3.12/threading.py\", line 1012, in run","logger":"task.stdout"}
{"timestamp":"2026-01-01T00:10:54.800007Z","level":"info","event":"    self._target(*self._args, **self._kwargs)","logger":"task.stdout"}
{"timestamp":"2026-01-01T00:10:54.800060Z","level":"info","event":"    │    │        │    │        │    └ {}","logger":"task.stdout"}
{"timestamp":"2026-01-01T00:10:54.800167Z","level":"info","event":"    │    │        │    │        └ <Thread(ThreadPoolExecutor-1_0, started 281472806220128)>","logger":"task.stdout"}
{"timestamp":"2026-01-01T00:10:54.800242Z","level":"info","event":"    │    │        │    └ (<weakref at 0xffff90350ef0; to 'ThreadPoolExecutor' at 0xffff86d3eb70>, <_queue.SimpleQueue object at 0xffff712e3b00>, None,...","logger":"task.stdout"}
{"timestamp":"2026-01-01T00:10:54.800328Z","level":"info","event":"    │    │        └ <Thread(ThreadPoolExecutor-1_0, started 281472806220128)>","logger":"task.stdout"}
{"timestamp":"2026-01-01T00:10:54.800382Z","level":"info","event":"    │    └ <function _worker at 0xffff937a1c60>","logger":"task.stdout"}
{"timestamp":"2026-01-01T00:10:54.800438Z","level":"info","event":"    └ <Thread(ThreadPoolExecutor-1_0, started 281472806220128)>","logger":"task.stdout"}
{"timestamp":"2026-01-01T00:10:54.800494Z","level":"info","event":"  File \"/usr/python/lib/python3.12/concurrent/futures/thread.py\", line 93, in _worker","logger":"task.stdout"}
{"timestamp":"2026-01-01T00:10:54.800626Z","level":"info","event":"    work_item.run()","logger":"task.stdout"}
{"timestamp":"2026-01-01T00:10:54.800681Z","level":"info","event":"    │         └ <function _WorkItem.run at 0xffff937a1da0>","logger":"task.stdout"}
{"timestamp":"2026-01-01T00:10:54.800742Z","level":"info","event":"    └ <concurrent.futures.thread._WorkItem object at 0xffff8d8a6ff0>","logger":"task.stdout"}
{"timestamp":"2026-01-01T00:10:54.800820Z","level":"info","event":"  File \"/usr/python/lib/python3.12/concurrent/futures/thread.py\", line 59, in run","logger":"task.stdout"}
{"timestamp":"2026-01-01T00:10:54.800881Z","level":"info","event":"    result = self.fn(*self.args, **self.kwargs)","logger":"task.stdout"}
{"timestamp":"2026-01-01T00:10:54.800944Z","level":"info","event":"             │    │   │    │       │    └ {}","logger":"task.stdout"}
{"timestamp":"2026-01-01T00:10:54.801000Z","level":"info","event":"             │    │   │    │       └ <concurrent.futures.thread._WorkItem object at 0xffff8d8a6ff0>","logger":"task.stdout"}
{"timestamp":"2026-01-01T00:10:54.801064Z","level":"info","event":"             │    │   │    └ ([('process_flow_year_chunk-d5def2f1-f11e-4e91-874d-e29e81cea0d3', (<Task 'process_flow_year_chunk-d5def2f1-f11e-4e91-874d-e2...","logger":"task.stdout"}
{"timestamp":"2026-01-01T00:10:54.801120Z","level":"info","event":"             │    │   └ <concurrent.futures.thread._WorkItem object at 0xffff8d8a6ff0>","logger":"task.stdout"}
{"timestamp":"2026-01-01T00:10:54.801174Z","level":"info","event":"             │    └ <function batch_execute_tasks at 0xffff8d561d00>","logger":"task.stdout"}
{"timestamp":"2026-01-01T00:10:54.801263Z","level":"info","event":"             └ <concurrent.futures.thread._WorkItem object at 0xffff8d8a6ff0>","logger":"task.stdout"}
{"timestamp":"2026-01-01T00:10:54.801384Z","level":"info","event":"  File \"/home/airflow/.local/lib/python3.12/site-packages/dask/local.py\", line 270, in batch_execute_tasks","logger":"task.stdout"}
{"timestamp":"2026-01-01T00:10:54.801448Z","level":"info","event":"    return [execute_task(*a) for a in it]","logger":"task.stdout"}
{"timestamp":"2026-01-01T00:10:54.801502Z","level":"info","event":"            │             │      │    └ [('process_flow_year_chunk-d5def2f1-f11e-4e91-874d-e29e81cea0d3', (<Task 'process_flow_year_chunk-d5def2f1-f11e-4e91-874d-e29...","logger":"task.stdout"}
{"timestamp":"2026-01-01T00:10:54.801556Z","level":"info","event":"            │             │      └ ('process_flow_year_chunk-d5def2f1-f11e-4e91-874d-e29e81cea0d3', (<Task 'process_flow_year_chunk-d5def2f1-f11e-4e91-874d-e29e...","logger":"task.stdout"}
{"timestamp":"2026-01-01T00:10:54.801633Z","level":"info","event":"            │             └ ('process_flow_year_chunk-d5def2f1-f11e-4e91-874d-e29e81cea0d3', (<Task 'process_flow_year_chunk-d5def2f1-f11e-4e91-874d-e29e...","logger":"task.stdout"}
{"timestamp":"2026-01-01T00:10:54.801733Z","level":"info","event":"            └ <function execute_task at 0xffff8d561c60>","logger":"task.stdout"}
{"timestamp":"2026-01-01T00:10:54.801795Z","level":"info","event":"  File \"/home/airflow/.local/lib/python3.12/site-packages/dask/local.py\", line 256, in execute_task","logger":"task.stdout"}
{"timestamp":"2026-01-01T00:10:54.801849Z","level":"info","event":"    result = task(data)","logger":"task.stdout"}
{"timestamp":"2026-01-01T00:10:54.801904Z","level":"info","event":"             │    └ {}","logger":"task.stdout"}
{"timestamp":"2026-01-01T00:10:54.801958Z","level":"info","event":"             └ <Task 'process_flow_year_chunk-d5def2f1-f11e-4e91-874d-e29e81cea0d3' process_flow_year_chunk(...)>","logger":"task.stdout"}
{"timestamp":"2026-01-01T00:10:54.802014Z","level":"info","event":"  File \"/home/airflow/.local/lib/python3.12/site-packages/dask/_task_spec.py\", line 759, in __call__","logger":"task.stdout"}
{"timestamp":"2026-01-01T00:10:54.802066Z","level":"info","event":"    return self.func(*new_argspec)","logger":"task.stdout"}
{"timestamp":"2026-01-01T00:10:54.802120Z","level":"info","event":"           │    │     └ ('BOP', 'IMF.STA,BOP,latest', [1968, 1969, 1970, 1971, 1972], IMFConfig(key='all', sub_key='all', base_url='https://api.imf.o...","logger":"task.stdout"}
{"timestamp":"2026-01-01T00:10:54.802174Z","level":"info","event":"           │    └ <member 'func' of 'Task' objects>","logger":"task.stdout"}
{"timestamp":"2026-01-01T00:10:54.802238Z","level":"info","event":"           └ <Task 'process_flow_year_chunk-d5def2f1-f11e-4e91-874d-e29e81cea0d3' process_flow_year_chunk(...)>","logger":"task.stdout"}
{"timestamp":"2026-01-01T00:10:54.802354Z","level":"info","event":"","logger":"task.stdout"}
{"timestamp":"2026-01-01T00:10:54.802441Z","level":"info","event":"> File \"/opt/airflow/dags/pipelines/imf/pipeline.py\", line 54, in process_flow_year_chunk","logger":"task.stdout"}
{"timestamp":"2026-01-01T00:10:54.803379Z","level":"info","event":"    if s3_object_exists(s3_cfg.bucket, s3_key, s3_cfg.region):","logger":"task.stdout"}
{"timestamp":"2026-01-01T00:10:54.804270Z","level":"info","event":"       │                │      │       │       │      └ 'eu-west-1'","logger":"task.stdout"}
{"timestamp":"2026-01-01T00:10:54.804335Z","level":"info","event":"       │                │      │       │       └ S3Config(bucket='personal-projectbucket', prefix='imf', region='eu-west-1')","logger":"task.stdout"}
{"timestamp":"2026-01-01T00:10:54.804389Z","level":"info","event":"       │                │      │       └ 'imf/BOP/year=1970/BOP_1970.csv'","logger":"task.stdout"}
{"timestamp":"2026-01-01T00:10:54.804525Z","level":"info","event":"       │                │      └ 'personal-projectbucket'","logger":"task.stdout"}
{"timestamp":"2026-01-01T00:10:54.804592Z","level":"info","event":"       │                └ S3Config(bucket='personal-projectbucket', prefix='imf', region='eu-west-1')","logger":"task.stdout"}
{"timestamp":"2026-01-01T00:10:54.804661Z","level":"info","event":"       └ <function s3_object_exists at 0xffff8cfba7a0>","logger":"task.stdout"}
{"timestamp":"2026-01-01T00:10:54.804752Z","level":"info","event":"","logger":"task.stdout"}
{"timestamp":"2026-01-01T00:10:54.804806Z","level":"info","event":"  File \"/opt/airflow/dags/pipelines/common/s3_utils.py\", line 29, in s3_object_exists","logger":"task.stdout"}
{"timestamp":"2026-01-01T00:10:54.804860Z","level":"info","event":"    s3.head_object(Bucket=bucket, Key=key)","logger":"task.stdout"}
{"timestamp":"2026-01-01T00:10:54.804913Z","level":"info","event":"    │  │                  │           └ 'imf/BOP/year=1970/BOP_1970.csv'","logger":"task.stdout"}
{"timestamp":"2026-01-01T00:10:54.804966Z","level":"info","event":"    │  │                  └ 'personal-projectbucket'","logger":"task.stdout"}
{"timestamp":"2026-01-01T00:10:54.805019Z","level":"info","event":"    │  └ <function ClientCreator._create_api_method.<locals>._api_call at 0xffff71310680>","logger":"task.stdout"}
{"timestamp":"2026-01-01T00:10:54.805126Z","level":"info","event":"    └ <botocore.client.S3 object at 0xffff717a79e0>","logger":"task.stdout"}
{"timestamp":"2026-01-01T00:10:54.805186Z","level":"info","event":"","logger":"task.stdout"}
{"timestamp":"2026-01-01T00:10:54.805240Z","level":"info","event":"  File \"/home/airflow/.local/lib/python3.12/site-packages/botocore/client.py\", line 602, in _api_call","logger":"task.stdout"}
{"timestamp":"2026-01-01T00:10:54.805310Z","level":"info","event":"    return self._make_api_call(operation_name, kwargs)","logger":"task.stdout"}
{"timestamp":"2026-01-01T00:10:54.805389Z","level":"info","event":"           │    │              │               └ {'Bucket': 'personal-projectbucket', 'Key': 'imf/BOP/year=1970/BOP_1970.csv'}","logger":"task.stdout"}
{"timestamp":"2026-01-01T00:10:54.805444Z","level":"info","event":"           │    │              └ 'HeadObject'","logger":"task.stdout"}
{"timestamp":"2026-01-01T00:10:54.805497Z","level":"info","event":"           │    └ <function BaseClient._make_api_call at 0xffff8cf3b060>","logger":"task.stdout"}
{"timestamp":"2026-01-01T00:10:54.805577Z","level":"info","event":"           └ <botocore.client.S3 object at 0xffff717a79e0>","logger":"task.stdout"}
{"timestamp":"2026-01-01T00:10:54.807376Z","level":"info","event":"  File \"/home/airflow/.local/lib/python3.12/site-packages/botocore/context.py\", line 123, in wrapper","logger":"task.stdout"}
{"timestamp":"2026-01-01T00:10:54.808267Z","level":"info","event":"    return func(*args, **kwargs)","logger":"task.stdout"}
{"timestamp":"2026-01-01T00:10:54.808336Z","level":"info","event":"           │     │       └ {}","logger":"task.stdout"}
{"timestamp":"2026-01-01T00:10:54.808397Z","level":"info","event":"           │     └ (<botocore.client.S3 object at 0xffff717a79e0>, 'HeadObject', {'Bucket': 'personal-projectbucket', 'Key': 'imf/BOP/year=1970/...","logger":"task.stdout"}
{"timestamp":"2026-01-01T00:10:54.808452Z","level":"info","event":"           └ <function BaseClient._make_api_call at 0xffff8cf3afc0>","logger":"task.stdout"}
{"timestamp":"2026-01-01T00:10:54.808514Z","level":"info","event":"  File \"/home/airflow/.local/lib/python3.12/site-packages/botocore/client.py\", line 1078, in _make_api_call","logger":"task.stdout"}
{"timestamp":"2026-01-01T00:10:54.808577Z","level":"info","event":"    raise error_class(parsed_response, operation_name)","logger":"task.stdout"}
{"timestamp":"2026-01-01T00:10:54.808630Z","level":"info","event":"          │           │                └ 'HeadObject'","logger":"task.stdout"}
{"timestamp":"2026-01-01T00:10:54.808682Z","level":"info","event":"          │           └ {'Error': {'Code': '403', 'Message': 'Forbidden'}, 'ResponseMetadata': {'RequestId': '3WRXTDZPC6P6WJ3R', 'HostId': 'Ev4e9l/jS...","logger":"task.stdout"}
{"timestamp":"2026-01-01T00:10:54.808745Z","level":"info","event":"          └ <class 'botocore.exceptions.ClientError'>","logger":"task.stdout"}
{"timestamp":"2026-01-01T00:10:54.808809Z","level":"info","event":"","logger":"task.stdout"}
{"timestamp":"2026-01-01T00:10:54.808861Z","level":"info","event":"botocore.exceptions.ClientError: An error occurred (403) when calling the HeadObject operation: Forbidden","logger":"task.stdout"}
{"timestamp":"2026-01-01T00:10:55.033136Z","level":"info","event":"2026-01-01 00:10:55 | ERROR | S3 head_object failed | flow=BOP year=1971 key=imf/BOP/year=1971/BOP_1971.csv","logger":"task.stdout"}
{"timestamp":"2026-01-01T00:10:55.034301Z","level":"info","event":"Traceback (most recent call last):","logger":"task.stdout"}
{"timestamp":"2026-01-01T00:10:55.034431Z","level":"info","event":"","logger":"task.stdout"}
{"timestamp":"2026-01-01T00:10:55.034556Z","level":"info","event":"  File \"/usr/python/lib/python3.12/threading.py\", line 1032, in _bootstrap","logger":"task.stdout"}
{"timestamp":"2026-01-01T00:10:55.034673Z","level":"info","event":"    self._bootstrap_inner()","logger":"task.stdout"}
{"timestamp":"2026-01-01T00:10:55.034820Z","level":"info","event":"    │    └ <function Thread._bootstrap_inner at 0xffff99068f40>","logger":"task.stdout"}
{"timestamp":"2026-01-01T00:10:55.034907Z","level":"info","event":"    └ <Thread(ThreadPoolExecutor-1_0, started 281472806220128)>","logger":"task.stdout"}
{"timestamp":"2026-01-01T00:10:55.034979Z","level":"info","event":"  File \"/usr/python/lib/python3.12/threading.py\", line 1075, in _bootstrap_inner","logger":"task.stdout"}
{"timestamp":"2026-01-01T00:10:55.035051Z","level":"info","event":"    self.run()","logger":"task.stdout"}
{"timestamp":"2026-01-01T00:10:55.035136Z","level":"info","event":"    │    └ <function Thread.run at 0xffff99068c20>","logger":"task.stdout"}
{"timestamp":"2026-01-01T00:10:55.035218Z","level":"info","event":"    └ <Thread(ThreadPoolExecutor-1_0, started 281472806220128)>","logger":"task.stdout"}
{"timestamp":"2026-01-01T00:10:55.035303Z","level":"info","event":"  File \"/usr/python/lib/python3.12/threading.py\", line 1012, in run","logger":"task.stdout"}
{"timestamp":"2026-01-01T00:10:55.038284Z","level":"info","event":"    self._target(*self._args, **self._kwargs)","logger":"task.stdout"}
{"timestamp":"2026-01-01T00:10:55.038396Z","level":"info","event":"    │    │        │    │        │    └ {}","logger":"task.stdout"}
{"timestamp":"2026-01-01T00:10:55.038485Z","level":"info","event":"    │    │        │    │        └ <Thread(ThreadPoolExecutor-1_0, started 281472806220128)>","logger":"task.stdout"}
{"timestamp":"2026-01-01T00:10:55.038588Z","level":"info","event":"    │    │        │    └ (<weakref at 0xffff90350ef0; to 'ThreadPoolExecutor' at 0xffff86d3eb70>, <_queue.SimpleQueue object at 0xffff712e3b00>, None,...","logger":"task.stdout"}
{"timestamp":"2026-01-01T00:10:55.038670Z","level":"info","event":"    │    │        └ <Thread(ThreadPoolExecutor-1_0, started 281472806220128)>","logger":"task.stdout"}
{"timestamp":"2026-01-01T00:10:55.038741Z","level":"info","event":"    │    └ <function _worker at 0xffff937a1c60>","logger":"task.stdout"}
{"timestamp":"2026-01-01T00:10:55.038813Z","level":"info","event":"    └ <Thread(ThreadPoolExecutor-1_0, started 281472806220128)>","logger":"task.stdout"}
{"timestamp":"2026-01-01T00:10:55.038884Z","level":"info","event":"  File \"/usr/python/lib/python3.12/concurrent/futures/thread.py\", line 93, in _worker","logger":"task.stdout"}
{"timestamp":"2026-01-01T00:10:55.038953Z","level":"info","event":"    work_item.run()","logger":"task.stdout"}
{"timestamp":"2026-01-01T00:10:55.039022Z","level":"info","event":"    │         └ <function _WorkItem.run at 0xffff937a1da0>","logger":"task.stdout"}
{"timestamp":"2026-01-01T00:10:55.039091Z","level":"info","event":"    └ <concurrent.futures.thread._WorkItem object at 0xffff8d8a6ff0>","logger":"task.stdout"}
{"timestamp":"2026-01-01T00:10:55.039163Z","level":"info","event":"  File \"/usr/python/lib/python3.12/concurrent/futures/thread.py\", line 59, in run","logger":"task.stdout"}
{"timestamp":"2026-01-01T00:10:55.039283Z","level":"info","event":"    result = self.fn(*self.args, **self.kwargs)","logger":"task.stdout"}
{"timestamp":"2026-01-01T00:10:55.039387Z","level":"info","event":"             │    │   │    │       │    └ {}","logger":"task.stdout"}
{"timestamp":"2026-01-01T00:10:55.039471Z","level":"info","event":"             │    │   │    │       └ <concurrent.futures.thread._WorkItem object at 0xffff8d8a6ff0>","logger":"task.stdout"}
{"timestamp":"2026-01-01T00:10:55.039583Z","level":"info","event":"             │    │   │    └ ([('process_flow_year_chunk-d5def2f1-f11e-4e91-874d-e29e81cea0d3', (<Task 'process_flow_year_chunk-d5def2f1-f11e-4e91-874d-e2...","logger":"task.stdout"}
{"timestamp":"2026-01-01T00:10:55.039690Z","level":"info","event":"             │    │   └ <concurrent.futures.thread._WorkItem object at 0xffff8d8a6ff0>","logger":"task.stdout"}
{"timestamp":"2026-01-01T00:10:55.039790Z","level":"info","event":"             │    └ <function batch_execute_tasks at 0xffff8d561d00>","logger":"task.stdout"}
{"timestamp":"2026-01-01T00:10:55.039954Z","level":"info","event":"             └ <concurrent.futures.thread._WorkItem object at 0xffff8d8a6ff0>","logger":"task.stdout"}
{"timestamp":"2026-01-01T00:10:55.040101Z","level":"info","event":"  File \"/home/airflow/.local/lib/python3.12/site-packages/dask/local.py\", line 270, in batch_execute_tasks","logger":"task.stdout"}
{"timestamp":"2026-01-01T00:10:55.040215Z","level":"info","event":"    return [execute_task(*a) for a in it]","logger":"task.stdout"}
{"timestamp":"2026-01-01T00:10:55.040368Z","level":"info","event":"            │             │      │    └ [('process_flow_year_chunk-d5def2f1-f11e-4e91-874d-e29e81cea0d3', (<Task 'process_flow_year_chunk-d5def2f1-f11e-4e91-874d-e29...","logger":"task.stdout"}
{"timestamp":"2026-01-01T00:10:55.040498Z","level":"info","event":"            │             │      └ ('process_flow_year_chunk-d5def2f1-f11e-4e91-874d-e29e81cea0d3', (<Task 'process_flow_year_chunk-d5def2f1-f11e-4e91-874d-e29e...","logger":"task.stdout"}
{"timestamp":"2026-01-01T00:10:55.040588Z","level":"info","event":"            │             └ ('process_flow_year_chunk-d5def2f1-f11e-4e91-874d-e29e81cea0d3', (<Task 'process_flow_year_chunk-d5def2f1-f11e-4e91-874d-e29e...","logger":"task.stdout"}
{"timestamp":"2026-01-01T00:10:55.040695Z","level":"info","event":"            └ <function execute_task at 0xffff8d561c60>","logger":"task.stdout"}
{"timestamp":"2026-01-01T00:10:55.040784Z","level":"info","event":"  File \"/home/airflow/.local/lib/python3.12/site-packages/dask/local.py\", line 256, in execute_task","logger":"task.stdout"}
{"timestamp":"2026-01-01T00:10:55.040878Z","level":"info","event":"    result = task(data)","logger":"task.stdout"}
{"timestamp":"2026-01-01T00:10:55.040982Z","level":"info","event":"             │    └ {}","logger":"task.stdout"}
{"timestamp":"2026-01-01T00:10:55.041065Z","level":"info","event":"             └ <Task 'process_flow_year_chunk-d5def2f1-f11e-4e91-874d-e29e81cea0d3' process_flow_year_chunk(...)>","logger":"task.stdout"}
{"timestamp":"2026-01-01T00:10:55.041158Z","level":"info","event":"  File \"/home/airflow/.local/lib/python3.12/site-packages/dask/_task_spec.py\", line 759, in __call__","logger":"task.stdout"}
{"timestamp":"2026-01-01T00:10:55.041236Z","level":"info","event":"    return self.func(*new_argspec)","logger":"task.stdout"}
{"timestamp":"2026-01-01T00:10:55.041341Z","level":"info","event":"           │    │     └ ('BOP', 'IMF.STA,BOP,latest', [1968, 1969, 1970, 1971, 1972], IMFConfig(key='all', sub_key='all', base_url='https://api.imf.o...","logger":"task.stdout"}
{"timestamp":"2026-01-01T00:10:55.041432Z","level":"info","event":"           │    └ <member 'func' of 'Task' objects>","logger":"task.stdout"}
{"timestamp":"2026-01-01T00:10:55.041518Z","level":"info","event":"           └ <Task 'process_flow_year_chunk-d5def2f1-f11e-4e91-874d-e29e81cea0d3' process_flow_year_chunk(...)>","logger":"task.stdout"}
{"timestamp":"2026-01-01T00:10:55.041592Z","level":"info","event":"","logger":"task.stdout"}
{"timestamp":"2026-01-01T00:10:55.041662Z","level":"info","event":"> File \"/opt/airflow/dags/pipelines/imf/pipeline.py\", line 54, in process_flow_year_chunk","logger":"task.stdout"}
{"timestamp":"2026-01-01T00:10:55.041743Z","level":"info","event":"    if s3_object_exists(s3_cfg.bucket, s3_key, s3_cfg.region):","logger":"task.stdout"}
{"timestamp":"2026-01-01T00:10:55.041859Z","level":"info","event":"       │                │      │       │       │      └ 'eu-west-1'","logger":"task.stdout"}
{"timestamp":"2026-01-01T00:10:55.041958Z","level":"info","event":"       │                │      │       │       └ S3Config(bucket='personal-projectbucket', prefix='imf', region='eu-west-1')","logger":"task.stdout"}
{"timestamp":"2026-01-01T00:10:55.042036Z","level":"info","event":"       │                │      │       └ 'imf/BOP/year=1971/BOP_1971.csv'","logger":"task.stdout"}
{"timestamp":"2026-01-01T00:10:55.042229Z","level":"info","event":"       │                │      └ 'personal-projectbucket'","logger":"task.stdout"}
{"timestamp":"2026-01-01T00:10:55.042431Z","level":"info","event":"       │                └ S3Config(bucket='personal-projectbucket', prefix='imf', region='eu-west-1')","logger":"task.stdout"}
{"timestamp":"2026-01-01T00:10:55.042550Z","level":"info","event":"       └ <function s3_object_exists at 0xffff8cfba7a0>","logger":"task.stdout"}
{"timestamp":"2026-01-01T00:10:55.042672Z","level":"info","event":"","logger":"task.stdout"}
{"timestamp":"2026-01-01T00:10:55.042773Z","level":"info","event":"  File \"/opt/airflow/dags/pipelines/common/s3_utils.py\", line 29, in s3_object_exists","logger":"task.stdout"}
{"timestamp":"2026-01-01T00:10:55.042844Z","level":"info","event":"    s3.head_object(Bucket=bucket, Key=key)","logger":"task.stdout"}
{"timestamp":"2026-01-01T00:10:55.043473Z","level":"info","event":"    │  │                  │           └ 'imf/BOP/year=1971/BOP_1971.csv'","logger":"task.stdout"}
{"timestamp":"2026-01-01T00:10:55.043751Z","level":"info","event":"    │  │                  └ 'personal-projectbucket'","logger":"task.stdout"}
{"timestamp":"2026-01-01T00:10:55.044231Z","level":"info","event":"    │  └ <function ClientCreator._create_api_method.<locals>._api_call at 0xffff71310680>","logger":"task.stdout"}
{"timestamp":"2026-01-01T00:10:55.045262Z","level":"info","event":"    └ <botocore.client.S3 object at 0xffff717a79e0>","logger":"task.stdout"}
{"timestamp":"2026-01-01T00:10:55.048282Z","level":"info","event":"","logger":"task.stdout"}
{"timestamp":"2026-01-01T00:10:55.048422Z","level":"info","event":"  File \"/home/airflow/.local/lib/python3.12/site-packages/botocore/client.py\", line 602, in _api_call","logger":"task.stdout"}
{"timestamp":"2026-01-01T00:10:55.048503Z","level":"info","event":"    return self._make_api_call(operation_name, kwargs)","logger":"task.stdout"}
{"timestamp":"2026-01-01T00:10:55.048604Z","level":"info","event":"           │    │              │               └ {'Bucket': 'personal-projectbucket', 'Key': 'imf/BOP/year=1971/BOP_1971.csv'}","logger":"task.stdout"}
{"timestamp":"2026-01-01T00:10:55.048713Z","level":"info","event":"           │    │              └ 'HeadObject'","logger":"task.stdout"}
{"timestamp":"2026-01-01T00:10:55.048819Z","level":"info","event":"           │    └ <function BaseClient._make_api_call at 0xffff8cf3b060>","logger":"task.stdout"}
{"timestamp":"2026-01-01T00:10:55.048959Z","level":"info","event":"           └ <botocore.client.S3 object at 0xffff717a79e0>","logger":"task.stdout"}
{"timestamp":"2026-01-01T00:10:55.049059Z","level":"info","event":"  File \"/home/airflow/.local/lib/python3.12/site-packages/botocore/context.py\", line 123, in wrapper","logger":"task.stdout"}
{"timestamp":"2026-01-01T00:10:55.049140Z","level":"info","event":"    return func(*args, **kwargs)","logger":"task.stdout"}
{"timestamp":"2026-01-01T00:10:55.049223Z","level":"info","event":"           │     │       └ {}","logger":"task.stdout"}
{"timestamp":"2026-01-01T00:10:55.049328Z","level":"info","event":"           │     └ (<botocore.client.S3 object at 0xffff717a79e0>, 'HeadObject', {'Bucket': 'personal-projectbucket', 'Key': 'imf/BOP/year=1971/...","logger":"task.stdout"}
{"timestamp":"2026-01-01T00:10:55.049414Z","level":"info","event":"           └ <function BaseClient._make_api_call at 0xffff8cf3afc0>","logger":"task.stdout"}
{"timestamp":"2026-01-01T00:10:55.049505Z","level":"info","event":"  File \"/home/airflow/.local/lib/python3.12/site-packages/botocore/client.py\", line 1078, in _make_api_call","logger":"task.stdout"}
{"timestamp":"2026-01-01T00:10:55.049587Z","level":"info","event":"    raise error_class(parsed_response, operation_name)","logger":"task.stdout"}
{"timestamp":"2026-01-01T00:10:55.049659Z","level":"info","event":"          │           │                └ 'HeadObject'","logger":"task.stdout"}
{"timestamp":"2026-01-01T00:10:55.049731Z","level":"info","event":"          │           └ {'Error': {'Code': '403', 'Message': 'Forbidden'}, 'ResponseMetadata': {'RequestId': 'GAS7C734Y2N4MM6Q', 'HostId': 'uC8sqvcwK...","logger":"task.stdout"}
{"timestamp":"2026-01-01T00:10:55.049874Z","level":"info","event":"          └ <class 'botocore.exceptions.ClientError'>","logger":"task.stdout"}
{"timestamp":"2026-01-01T00:10:55.049954Z","level":"info","event":"","logger":"task.stdout"}
{"timestamp":"2026-01-01T00:10:55.050026Z","level":"info","event":"botocore.exceptions.ClientError: An error occurred (403) when calling the HeadObject operation: Forbidden","logger":"task.stdout"}
{"timestamp":"2026-01-01T00:10:55.268896Z","level":"info","event":"2026-01-01 00:10:55 | ERROR | S3 head_object failed | flow=BOP year=1972 key=imf/BOP/year=1972/BOP_1972.csv","logger":"task.stdout"}
{"timestamp":"2026-01-01T00:10:55.270333Z","level":"info","event":"Traceback (most recent call last):","logger":"task.stdout"}
{"timestamp":"2026-01-01T00:10:55.270474Z","level":"info","event":"","logger":"task.stdout"}
{"timestamp":"2026-01-01T00:10:55.270640Z","level":"info","event":"  File \"/usr/python/lib/python3.12/threading.py\", line 1032, in _bootstrap","logger":"task.stdout"}
{"timestamp":"2026-01-01T00:10:55.270724Z","level":"info","event":"    self._bootstrap_inner()","logger":"task.stdout"}
{"timestamp":"2026-01-01T00:10:55.270847Z","level":"info","event":"    │    └ <function Thread._bootstrap_inner at 0xffff99068f40>","logger":"task.stdout"}
{"timestamp":"2026-01-01T00:10:55.270959Z","level":"info","event":"    └ <Thread(ThreadPoolExecutor-1_0, started 281472806220128)>","logger":"task.stdout"}
{"timestamp":"2026-01-01T00:10:55.271058Z","level":"info","event":"  File \"/usr/python/lib/python3.12/threading.py\", line 1075, in _bootstrap_inner","logger":"task.stdout"}
{"timestamp":"2026-01-01T00:10:55.271134Z","level":"info","event":"    self.run()","logger":"task.stdout"}
{"timestamp":"2026-01-01T00:10:55.271203Z","level":"info","event":"    │    └ <function Thread.run at 0xffff99068c20>","logger":"task.stdout"}
{"timestamp":"2026-01-01T00:10:55.271309Z","level":"info","event":"    └ <Thread(ThreadPoolExecutor-1_0, started 281472806220128)>","logger":"task.stdout"}
{"timestamp":"2026-01-01T00:10:55.271390Z","level":"info","event":"  File \"/usr/python/lib/python3.12/threading.py\", line 1012, in run","logger":"task.stdout"}
{"timestamp":"2026-01-01T00:10:55.271470Z","level":"info","event":"    self._target(*self._args, **self._kwargs)","logger":"task.stdout"}
{"timestamp":"2026-01-01T00:10:55.271555Z","level":"info","event":"    │    │        │    │        │    └ {}","logger":"task.stdout"}
{"timestamp":"2026-01-01T00:10:55.271624Z","level":"info","event":"    │    │        │    │        └ <Thread(ThreadPoolExecutor-1_0, started 281472806220128)>","logger":"task.stdout"}
{"timestamp":"2026-01-01T00:10:55.271693Z","level":"info","event":"    │    │        │    └ (<weakref at 0xffff90350ef0; to 'ThreadPoolExecutor' at 0xffff86d3eb70>, <_queue.SimpleQueue object at 0xffff712e3b00>, None,...","logger":"task.stdout"}
{"timestamp":"2026-01-01T00:10:55.271757Z","level":"info","event":"    │    │        └ <Thread(ThreadPoolExecutor-1_0, started 281472806220128)>","logger":"task.stdout"}
{"timestamp":"2026-01-01T00:10:55.271824Z","level":"info","event":"    │    └ <function _worker at 0xffff937a1c60>","logger":"task.stdout"}
{"timestamp":"2026-01-01T00:10:55.271888Z","level":"info","event":"    └ <Thread(ThreadPoolExecutor-1_0, started 281472806220128)>","logger":"task.stdout"}
{"timestamp":"2026-01-01T00:10:55.271954Z","level":"info","event":"  File \"/usr/python/lib/python3.12/concurrent/futures/thread.py\", line 93, in _worker","logger":"task.stdout"}
{"timestamp":"2026-01-01T00:10:55.272018Z","level":"info","event":"    work_item.run()","logger":"task.stdout"}
{"timestamp":"2026-01-01T00:10:55.272084Z","level":"info","event":"    │         └ <function _WorkItem.run at 0xffff937a1da0>","logger":"task.stdout"}
{"timestamp":"2026-01-01T00:10:55.272148Z","level":"info","event":"    └ <concurrent.futures.thread._WorkItem object at 0xffff8d8a6ff0>","logger":"task.stdout"}
{"timestamp":"2026-01-01T00:10:55.272263Z","level":"info","event":"  File \"/usr/python/lib/python3.12/concurrent/futures/thread.py\", line 59, in run","logger":"task.stdout"}
{"timestamp":"2026-01-01T00:10:55.272326Z","level":"info","event":"    result = self.fn(*self.args, **self.kwargs)","logger":"task.stdout"}
{"timestamp":"2026-01-01T00:10:55.272388Z","level":"info","event":"             │    │   │    │       │    └ {}","logger":"task.stdout"}
{"timestamp":"2026-01-01T00:10:55.272451Z","level":"info","event":"             │    │   │    │       └ <concurrent.futures.thread._WorkItem object at 0xffff8d8a6ff0>","logger":"task.stdout"}
{"timestamp":"2026-01-01T00:10:55.272518Z","level":"info","event":"             │    │   │    └ ([('process_flow_year_chunk-d5def2f1-f11e-4e91-874d-e29e81cea0d3', (<Task 'process_flow_year_chunk-d5def2f1-f11e-4e91-874d-e2...","logger":"task.stdout"}
{"timestamp":"2026-01-01T00:10:55.272584Z","level":"info","event":"             │    │   └ <concurrent.futures.thread._WorkItem object at 0xffff8d8a6ff0>","logger":"task.stdout"}
{"timestamp":"2026-01-01T00:10:55.272646Z","level":"info","event":"             │    └ <function batch_execute_tasks at 0xffff8d561d00>","logger":"task.stdout"}
{"timestamp":"2026-01-01T00:10:55.272706Z","level":"info","event":"             └ <concurrent.futures.thread._WorkItem object at 0xffff8d8a6ff0>","logger":"task.stdout"}
{"timestamp":"2026-01-01T00:10:55.275284Z","level":"info","event":"  File \"/home/airflow/.local/lib/python3.12/site-packages/dask/local.py\", line 270, in batch_execute_tasks","logger":"task.stdout"}
{"timestamp":"2026-01-01T00:10:55.275395Z","level":"info","event":"    return [execute_task(*a) for a in it]","logger":"task.stdout"}
{"timestamp":"2026-01-01T00:10:55.275461Z","level":"info","event":"            │             │      │    └ [('process_flow_year_chunk-d5def2f1-f11e-4e91-874d-e29e81cea0d3', (<Task 'process_flow_year_chunk-d5def2f1-f11e-4e91-874d-e29...","logger":"task.stdout"}
{"timestamp":"2026-01-01T00:10:55.275528Z","level":"info","event":"            │             │      └ ('process_flow_year_chunk-d5def2f1-f11e-4e91-874d-e29e81cea0d3', (<Task 'process_flow_year_chunk-d5def2f1-f11e-4e91-874d-e29e...","logger":"task.stdout"}
{"timestamp":"2026-01-01T00:10:55.275596Z","level":"info","event":"            │             └ ('process_flow_year_chunk-d5def2f1-f11e-4e91-874d-e29e81cea0d3', (<Task 'process_flow_year_chunk-d5def2f1-f11e-4e91-874d-e29e...","logger":"task.stdout"}
{"timestamp":"2026-01-01T00:10:55.275676Z","level":"info","event":"            └ <function execute_task at 0xffff8d561c60>","logger":"task.stdout"}
{"timestamp":"2026-01-01T00:10:55.275753Z","level":"info","event":"  File \"/home/airflow/.local/lib/python3.12/site-packages/dask/local.py\", line 256, in execute_task","logger":"task.stdout"}
{"timestamp":"2026-01-01T00:10:55.275818Z","level":"info","event":"    result = task(data)","logger":"task.stdout"}
{"timestamp":"2026-01-01T00:10:55.275879Z","level":"info","event":"             │    └ {}","logger":"task.stdout"}
{"timestamp":"2026-01-01T00:10:55.275942Z","level":"info","event":"             └ <Task 'process_flow_year_chunk-d5def2f1-f11e-4e91-874d-e29e81cea0d3' process_flow_year_chunk(...)>","logger":"task.stdout"}
{"timestamp":"2026-01-01T00:10:55.276007Z","level":"info","event":"  File \"/home/airflow/.local/lib/python3.12/site-packages/dask/_task_spec.py\", line 759, in __call__","logger":"task.stdout"}
{"timestamp":"2026-01-01T00:10:55.276069Z","level":"info","event":"    return self.func(*new_argspec)","logger":"task.stdout"}
{"timestamp":"2026-01-01T00:10:55.276135Z","level":"info","event":"           │    │     └ ('BOP', 'IMF.STA,BOP,latest', [1968, 1969, 1970, 1971, 1972], IMFConfig(key='all', sub_key='all', base_url='https://api.imf.o...","logger":"task.stdout"}
{"timestamp":"2026-01-01T00:10:55.276197Z","level":"info","event":"           │    └ <member 'func' of 'Task' objects>","logger":"task.stdout"}
{"timestamp":"2026-01-01T00:10:55.276307Z","level":"info","event":"           └ <Task 'process_flow_year_chunk-d5def2f1-f11e-4e91-874d-e29e81cea0d3' process_flow_year_chunk(...)>","logger":"task.stdout"}
{"timestamp":"2026-01-01T00:10:55.276371Z","level":"info","event":"","logger":"task.stdout"}
{"timestamp":"2026-01-01T00:10:55.276437Z","level":"info","event":"> File \"/opt/airflow/dags/pipelines/imf/pipeline.py\", line 54, in process_flow_year_chunk","logger":"task.stdout"}
{"timestamp":"2026-01-01T00:10:55.276501Z","level":"info","event":"    if s3_object_exists(s3_cfg.bucket, s3_key, s3_cfg.region):","logger":"task.stdout"}
{"timestamp":"2026-01-01T00:10:55.276564Z","level":"info","event":"       │                │      │       │       │      └ 'eu-west-1'","logger":"task.stdout"}
{"timestamp":"2026-01-01T00:10:55.276631Z","level":"info","event":"       │                │      │       │       └ S3Config(bucket='personal-projectbucket', prefix='imf', region='eu-west-1')","logger":"task.stdout"}
{"timestamp":"2026-01-01T00:10:55.276692Z","level":"info","event":"       │                │      │       └ 'imf/BOP/year=1972/BOP_1972.csv'","logger":"task.stdout"}
{"timestamp":"2026-01-01T00:10:55.276862Z","level":"info","event":"       │                │      └ 'personal-projectbucket'","logger":"task.stdout"}
{"timestamp":"2026-01-01T00:10:55.276941Z","level":"info","event":"       │                └ S3Config(bucket='personal-projectbucket', prefix='imf', region='eu-west-1')","logger":"task.stdout"}
{"timestamp":"2026-01-01T00:10:55.277004Z","level":"info","event":"       └ <function s3_object_exists at 0xffff8cfba7a0>","logger":"task.stdout"}
{"timestamp":"2026-01-01T00:10:55.277065Z","level":"info","event":"","logger":"task.stdout"}
{"timestamp":"2026-01-01T00:10:55.277130Z","level":"info","event":"  File \"/opt/airflow/dags/pipelines/common/s3_utils.py\", line 29, in s3_object_exists","logger":"task.stdout"}
{"timestamp":"2026-01-01T00:10:55.277194Z","level":"info","event":"    s3.head_object(Bucket=bucket, Key=key)","logger":"task.stdout"}
{"timestamp":"2026-01-01T00:10:55.277274Z","level":"info","event":"    │  │                  │           └ 'imf/BOP/year=1972/BOP_1972.csv'","logger":"task.stdout"}
{"timestamp":"2026-01-01T00:10:55.279653Z","level":"info","event":"    │  │                  └ 'personal-projectbucket'","logger":"task.stdout"}
{"timestamp":"2026-01-01T00:10:55.279747Z","level":"info","event":"    │  └ <function ClientCreator._create_api_method.<locals>._api_call at 0xffff71310680>","logger":"task.stdout"}
{"timestamp":"2026-01-01T00:10:55.279813Z","level":"info","event":"    └ <botocore.client.S3 object at 0xffff717a79e0>","logger":"task.stdout"}
{"timestamp":"2026-01-01T00:10:55.279877Z","level":"info","event":"","logger":"task.stdout"}
{"timestamp":"2026-01-01T00:10:55.279939Z","level":"info","event":"  File \"/home/airflow/.local/lib/python3.12/site-packages/botocore/client.py\", line 602, in _api_call","logger":"task.stdout"}
{"timestamp":"2026-01-01T00:10:55.280002Z","level":"info","event":"    return self._make_api_call(operation_name, kwargs)","logger":"task.stdout"}
{"timestamp":"2026-01-01T00:10:55.280065Z","level":"info","event":"           │    │              │               └ {'Bucket': 'personal-projectbucket', 'Key': 'imf/BOP/year=1972/BOP_1972.csv'}","logger":"task.stdout"}
{"timestamp":"2026-01-01T00:10:55.280126Z","level":"info","event":"           │    │              └ 'HeadObject'","logger":"task.stdout"}
{"timestamp":"2026-01-01T00:10:55.280190Z","level":"info","event":"           │    └ <function BaseClient._make_api_call at 0xffff8cf3b060>","logger":"task.stdout"}
{"timestamp":"2026-01-01T00:10:55.280274Z","level":"info","event":"           └ <botocore.client.S3 object at 0xffff717a79e0>","logger":"task.stdout"}
{"timestamp":"2026-01-01T00:10:55.280339Z","level":"info","event":"  File \"/home/airflow/.local/lib/python3.12/site-packages/botocore/context.py\", line 123, in wrapper","logger":"task.stdout"}
{"timestamp":"2026-01-01T00:10:55.280449Z","level":"info","event":"    return func(*args, **kwargs)","logger":"task.stdout"}
{"timestamp":"2026-01-01T00:10:55.280513Z","level":"info","event":"           │     │       └ {}","logger":"task.stdout"}
{"timestamp":"2026-01-01T00:10:55.280576Z","level":"info","event":"           │     └ (<botocore.client.S3 object at 0xffff717a79e0>, 'HeadObject', {'Bucket': 'personal-projectbucket', 'Key': 'imf/BOP/year=1972/...","logger":"task.stdout"}
{"timestamp":"2026-01-01T00:10:55.280639Z","level":"info","event":"           └ <function BaseClient._make_api_call at 0xffff8cf3afc0>","logger":"task.stdout"}
{"timestamp":"2026-01-01T00:10:55.280704Z","level":"info","event":"  File \"/home/airflow/.local/lib/python3.12/site-packages/botocore/client.py\", line 1078, in _make_api_call","logger":"task.stdout"}
{"timestamp":"2026-01-01T00:10:55.280768Z","level":"info","event":"    raise error_class(parsed_response, operation_name)","logger":"task.stdout"}
{"timestamp":"2026-01-01T00:10:55.280830Z","level":"info","event":"          │           │                └ 'HeadObject'","logger":"task.stdout"}
{"timestamp":"2026-01-01T00:10:55.280891Z","level":"info","event":"          │           └ {'Error': {'Code': '403', 'Message': 'Forbidden'}, 'ResponseMetadata': {'RequestId': 'GAS6QR2W54K4HJ49', 'HostId': 't8vy3VvHV...","logger":"task.stdout"}
{"timestamp":"2026-01-01T00:10:55.280956Z","level":"info","event":"          └ <class 'botocore.exceptions.ClientError'>","logger":"task.stdout"}
{"timestamp":"2026-01-01T00:10:55.281018Z","level":"info","event":"","logger":"task.stdout"}
{"timestamp":"2026-01-01T00:10:55.281082Z","level":"info","event":"botocore.exceptions.ClientError: An error occurred (403) when calling the HeadObject operation: Forbidden","logger":"task.stdout"}
{"timestamp":"2026-01-01T00:10:55.499814Z","level":"info","event":"2026-01-01 00:10:55 | ERROR | S3 head_object failed | flow=IMTS year=2023 key=imf/IMTS/year=2023/IMTS_2023.csv","logger":"task.stdout"}
{"timestamp":"2026-01-01T00:10:55.501303Z","level":"info","event":"Traceback (most recent call last):","logger":"task.stdout"}
{"timestamp":"2026-01-01T00:10:55.501451Z","level":"info","event":"","logger":"task.stdout"}
{"timestamp":"2026-01-01T00:10:55.501550Z","level":"info","event":"  File \"/usr/python/lib/python3.12/threading.py\", line 1032, in _bootstrap","logger":"task.stdout"}
{"timestamp":"2026-01-01T00:10:55.501644Z","level":"info","event":"    self._bootstrap_inner()","logger":"task.stdout"}
{"timestamp":"2026-01-01T00:10:55.501732Z","level":"info","event":"    │    └ <function Thread._bootstrap_inner at 0xffff99068f40>","logger":"task.stdout"}
{"timestamp":"2026-01-01T00:10:55.501820Z","level":"info","event":"    └ <Thread(ThreadPoolExecutor-1_0, started 281472806220128)>","logger":"task.stdout"}
{"timestamp":"2026-01-01T00:10:55.501906Z","level":"info","event":"  File \"/usr/python/lib/python3.12/threading.py\", line 1075, in _bootstrap_inner","logger":"task.stdout"}
{"timestamp":"2026-01-01T00:10:55.501988Z","level":"info","event":"    self.run()","logger":"task.stdout"}
{"timestamp":"2026-01-01T00:10:55.502072Z","level":"info","event":"    │    └ <function Thread.run at 0xffff99068c20>","logger":"task.stdout"}
{"timestamp":"2026-01-01T00:10:55.502156Z","level":"info","event":"    └ <Thread(ThreadPoolExecutor-1_0, started 281472806220128)>","logger":"task.stdout"}
{"timestamp":"2026-01-01T00:10:55.502238Z","level":"info","event":"  File \"/usr/python/lib/python3.12/threading.py\", line 1012, in run","logger":"task.stdout"}
{"timestamp":"2026-01-01T00:10:55.502342Z","level":"info","event":"    self._target(*self._args, **self._kwargs)","logger":"task.stdout"}
{"timestamp":"2026-01-01T00:10:55.502426Z","level":"info","event":"    │    │        │    │        │    └ {}","logger":"task.stdout"}
{"timestamp":"2026-01-01T00:10:55.502508Z","level":"info","event":"    │    │        │    │        └ <Thread(ThreadPoolExecutor-1_0, started 281472806220128)>","logger":"task.stdout"}
{"timestamp":"2026-01-01T00:10:55.502678Z","level":"info","event":"    │    │        │    └ (<weakref at 0xffff90350ef0; to 'ThreadPoolExecutor' at 0xffff86d3eb70>, <_queue.SimpleQueue object at 0xffff712e3b00>, None,...","logger":"task.stdout"}
{"timestamp":"2026-01-01T00:10:55.502763Z","level":"info","event":"    │    │        └ <Thread(ThreadPoolExecutor-1_0, started 281472806220128)>","logger":"task.stdout"}
{"timestamp":"2026-01-01T00:10:55.502846Z","level":"info","event":"    │    └ <function _worker at 0xffff937a1c60>","logger":"task.stdout"}
{"timestamp":"2026-01-01T00:10:55.502927Z","level":"info","event":"    └ <Thread(ThreadPoolExecutor-1_0, started 281472806220128)>","logger":"task.stdout"}
{"timestamp":"2026-01-01T00:10:55.503008Z","level":"info","event":"  File \"/usr/python/lib/python3.12/concurrent/futures/thread.py\", line 93, in _worker","logger":"task.stdout"}
{"timestamp":"2026-01-01T00:10:55.503089Z","level":"info","event":"    work_item.run()","logger":"task.stdout"}
{"timestamp":"2026-01-01T00:10:55.503185Z","level":"info","event":"    │         └ <function _WorkItem.run at 0xffff937a1da0>","logger":"task.stdout"}
{"timestamp":"2026-01-01T00:10:55.505866Z","level":"info","event":"    └ <concurrent.futures.thread._WorkItem object at 0xffff92a51a30>","logger":"task.stdout"}
{"timestamp":"2026-01-01T00:10:55.508426Z","level":"info","event":"  File \"/usr/python/lib/python3.12/concurrent/futures/thread.py\", line 59, in run","logger":"task.stdout"}
{"timestamp":"2026-01-01T00:10:55.509283Z","level":"info","event":"    result = self.fn(*self.args, **self.kwargs)","logger":"task.stdout"}
{"timestamp":"2026-01-01T00:10:55.509386Z","level":"info","event":"             │    │   │    │       │    └ {}","logger":"task.stdout"}
{"timestamp":"2026-01-01T00:10:55.509471Z","level":"info","event":"             │    │   │    │       └ <concurrent.futures.thread._WorkItem object at 0xffff92a51a30>","logger":"task.stdout"}
{"timestamp":"2026-01-01T00:10:55.509556Z","level":"info","event":"             │    │   │    └ ([('process_flow_year_chunk-cac56405-64ee-44b7-8543-c40411410698', (<Task 'process_flow_year_chunk-cac56405-64ee-44b7-8543-c4...","logger":"task.stdout"}
{"timestamp":"2026-01-01T00:10:55.509640Z","level":"info","event":"             │    │   └ <concurrent.futures.thread._WorkItem object at 0xffff92a51a30>","logger":"task.stdout"}
{"timestamp":"2026-01-01T00:10:55.509723Z","level":"info","event":"             │    └ <function batch_execute_tasks at 0xffff8d561d00>","logger":"task.stdout"}
{"timestamp":"2026-01-01T00:10:55.509803Z","level":"info","event":"             └ <concurrent.futures.thread._WorkItem object at 0xffff92a51a30>","logger":"task.stdout"}
{"timestamp":"2026-01-01T00:10:55.509882Z","level":"info","event":"  File \"/home/airflow/.local/lib/python3.12/site-packages/dask/local.py\", line 270, in batch_execute_tasks","logger":"task.stdout"}
{"timestamp":"2026-01-01T00:10:55.509961Z","level":"info","event":"    return [execute_task(*a) for a in it]","logger":"task.stdout"}
{"timestamp":"2026-01-01T00:10:55.510040Z","level":"info","event":"            │             │      │    └ [('process_flow_year_chunk-cac56405-64ee-44b7-8543-c40411410698', (<Task 'process_flow_year_chunk-cac56405-64ee-44b7-8543-c40...","logger":"task.stdout"}
{"timestamp":"2026-01-01T00:10:55.510120Z","level":"info","event":"            │             │      └ ('process_flow_year_chunk-cac56405-64ee-44b7-8543-c40411410698', (<Task 'process_flow_year_chunk-cac56405-64ee-44b7-8543-c404...","logger":"task.stdout"}
{"timestamp":"2026-01-01T00:10:55.510200Z","level":"info","event":"            │             └ ('process_flow_year_chunk-cac56405-64ee-44b7-8543-c40411410698', (<Task 'process_flow_year_chunk-cac56405-64ee-44b7-8543-c404...","logger":"task.stdout"}
{"timestamp":"2026-01-01T00:10:55.510281Z","level":"info","event":"            └ <function execute_task at 0xffff8d561c60>","logger":"task.stdout"}
{"timestamp":"2026-01-01T00:10:55.510422Z","level":"info","event":"  File \"/home/airflow/.local/lib/python3.12/site-packages/dask/local.py\", line 256, in execute_task","logger":"task.stdout"}
{"timestamp":"2026-01-01T00:10:55.510504Z","level":"info","event":"    result = task(data)","logger":"task.stdout"}
{"timestamp":"2026-01-01T00:10:55.512364Z","level":"info","event":"             │    └ {}","logger":"task.stdout"}
{"timestamp":"2026-01-01T00:10:55.513287Z","level":"info","event":"             └ <Task 'process_flow_year_chunk-cac56405-64ee-44b7-8543-c40411410698' process_flow_year_chunk(...)>","logger":"task.stdout"}
{"timestamp":"2026-01-01T00:10:55.513387Z","level":"info","event":"  File \"/home/airflow/.local/lib/python3.12/site-packages/dask/_task_spec.py\", line 759, in __call__","logger":"task.stdout"}
{"timestamp":"2026-01-01T00:10:55.513468Z","level":"info","event":"    return self.func(*new_argspec)","logger":"task.stdout"}
{"timestamp":"2026-01-01T00:10:55.513549Z","level":"info","event":"           │    │     └ ('IMTS', 'IMF.STA,IMTS,latest', [2023, 2024, 2025], IMFConfig(key='all', sub_key='all', base_url='https://api.imf.org/externa...","logger":"task.stdout"}
{"timestamp":"2026-01-01T00:10:55.513629Z","level":"info","event":"           │    └ <member 'func' of 'Task' objects>","logger":"task.stdout"}
{"timestamp":"2026-01-01T00:10:55.513709Z","level":"info","event":"           └ <Task 'process_flow_year_chunk-cac56405-64ee-44b7-8543-c40411410698' process_flow_year_chunk(...)>","logger":"task.stdout"}
{"timestamp":"2026-01-01T00:10:55.513793Z","level":"info","event":"","logger":"task.stdout"}
{"timestamp":"2026-01-01T00:10:55.513872Z","level":"info","event":"> File \"/opt/airflow/dags/pipelines/imf/pipeline.py\", line 54, in process_flow_year_chunk","logger":"task.stdout"}
{"timestamp":"2026-01-01T00:10:55.513953Z","level":"info","event":"    if s3_object_exists(s3_cfg.bucket, s3_key, s3_cfg.region):","logger":"task.stdout"}
{"timestamp":"2026-01-01T00:10:55.514034Z","level":"info","event":"       │                │      │       │       │      └ 'eu-west-1'","logger":"task.stdout"}
{"timestamp":"2026-01-01T00:10:55.514117Z","level":"info","event":"       │                │      │       │       └ S3Config(bucket='personal-projectbucket', prefix='imf', region='eu-west-1')","logger":"task.stdout"}
{"timestamp":"2026-01-01T00:10:55.514198Z","level":"info","event":"       │                │      │       └ 'imf/IMTS/year=2023/IMTS_2023.csv'","logger":"task.stdout"}
{"timestamp":"2026-01-01T00:10:55.514381Z","level":"info","event":"       │                │      └ 'personal-projectbucket'","logger":"task.stdout"}
{"timestamp":"2026-01-01T00:10:55.514477Z","level":"info","event":"       │                └ S3Config(bucket='personal-projectbucket', prefix='imf', region='eu-west-1')","logger":"task.stdout"}
{"timestamp":"2026-01-01T00:10:55.517275Z","level":"info","event":"       └ <function s3_object_exists at 0xffff8cfba7a0>","logger":"task.stdout"}
{"timestamp":"2026-01-01T00:10:55.517373Z","level":"info","event":"","logger":"task.stdout"}
{"timestamp":"2026-01-01T00:10:55.517458Z","level":"info","event":"  File \"/opt/airflow/dags/pipelines/common/s3_utils.py\", line 29, in s3_object_exists","logger":"task.stdout"}
{"timestamp":"2026-01-01T00:10:55.517538Z","level":"info","event":"    s3.head_object(Bucket=bucket, Key=key)","logger":"task.stdout"}
{"timestamp":"2026-01-01T00:10:55.517618Z","level":"info","event":"    │  │                  │           └ 'imf/IMTS/year=2023/IMTS_2023.csv'","logger":"task.stdout"}
{"timestamp":"2026-01-01T00:10:55.517698Z","level":"info","event":"    │  │                  └ 'personal-projectbucket'","logger":"task.stdout"}
{"timestamp":"2026-01-01T00:10:55.517781Z","level":"info","event":"    │  └ <function ClientCreator._create_api_method.<locals>._api_call at 0xffff71310680>","logger":"task.stdout"}
{"timestamp":"2026-01-01T00:10:55.517861Z","level":"info","event":"    └ <botocore.client.S3 object at 0xffff717a79e0>","logger":"task.stdout"}
{"timestamp":"2026-01-01T00:10:55.517992Z","level":"info","event":"","logger":"task.stdout"}
{"timestamp":"2026-01-01T00:10:55.518070Z","level":"info","event":"  File \"/home/airflow/.local/lib/python3.12/site-packages/botocore/client.py\", line 602, in _api_call","logger":"task.stdout"}
{"timestamp":"2026-01-01T00:10:55.518147Z","level":"info","event":"    return self._make_api_call(operation_name, kwargs)","logger":"task.stdout"}
{"timestamp":"2026-01-01T00:10:55.518228Z","level":"info","event":"           │    │              │               └ {'Bucket': 'personal-projectbucket', 'Key': 'imf/IMTS/year=2023/IMTS_2023.csv'}","logger":"task.stdout"}
{"timestamp":"2026-01-01T00:10:55.518328Z","level":"info","event":"           │    │              └ 'HeadObject'","logger":"task.stdout"}
{"timestamp":"2026-01-01T00:10:55.518412Z","level":"info","event":"           │    └ <function BaseClient._make_api_call at 0xffff8cf3b060>","logger":"task.stdout"}
{"timestamp":"2026-01-01T00:10:55.518492Z","level":"info","event":"           └ <botocore.client.S3 object at 0xffff717a79e0>","logger":"task.stdout"}
{"timestamp":"2026-01-01T00:10:55.518573Z","level":"info","event":"  File \"/home/airflow/.local/lib/python3.12/site-packages/botocore/context.py\", line 123, in wrapper","logger":"task.stdout"}
{"timestamp":"2026-01-01T00:10:55.518653Z","level":"info","event":"    return func(*args, **kwargs)","logger":"task.stdout"}
{"timestamp":"2026-01-01T00:10:55.518733Z","level":"info","event":"           │     │       └ {}","logger":"task.stdout"}
{"timestamp":"2026-01-01T00:10:55.518812Z","level":"info","event":"           │     └ (<botocore.client.S3 object at 0xffff717a79e0>, 'HeadObject', {'Bucket': 'personal-projectbucket', 'Key': 'imf/IMTS/year=2023...","logger":"task.stdout"}
{"timestamp":"2026-01-01T00:10:55.518893Z","level":"info","event":"           └ <function BaseClient._make_api_call at 0xffff8cf3afc0>","logger":"task.stdout"}
{"timestamp":"2026-01-01T00:10:55.518970Z","level":"info","event":"  File \"/home/airflow/.local/lib/python3.12/site-packages/botocore/client.py\", line 1078, in _make_api_call","logger":"task.stdout"}
{"timestamp":"2026-01-01T00:10:55.519053Z","level":"info","event":"    raise error_class(parsed_response, operation_name)","logger":"task.stdout"}
{"timestamp":"2026-01-01T00:10:55.519153Z","level":"info","event":"          │           │                └ 'HeadObject'","logger":"task.stdout"}
{"timestamp":"2026-01-01T00:10:55.519409Z","level":"info","event":"          │           └ {'Error': {'Code': '403', 'Message': 'Forbidden'}, 'ResponseMetadata': {'RequestId': 'GASECBV60XKE9XMY', 'HostId': 'mbD84hnLO...","logger":"task.stdout"}
{"timestamp":"2026-01-01T00:10:55.519640Z","level":"info","event":"          └ <class 'botocore.exceptions.ClientError'>","logger":"task.stdout"}
{"timestamp":"2026-01-01T00:10:55.519787Z","level":"info","event":"","logger":"task.stdout"}
{"timestamp":"2026-01-01T00:10:55.519914Z","level":"info","event":"botocore.exceptions.ClientError: An error occurred (403) when calling the HeadObject operation: Forbidden","logger":"task.stdout"}
{"timestamp":"2026-01-01T00:10:55.707393Z","level":"info","event":"2026-01-01 00:10:55 | ERROR | S3 head_object failed | flow=IMTS year=2024 key=imf/IMTS/year=2024/IMTS_2024.csv","logger":"task.stdout"}
{"timestamp":"2026-01-01T00:10:55.713292Z","level":"info","event":"Traceback (most recent call last):","logger":"task.stdout"}
{"timestamp":"2026-01-01T00:10:55.713468Z","level":"info","event":"","logger":"task.stdout"}
{"timestamp":"2026-01-01T00:10:55.713571Z","level":"info","event":"  File \"/usr/python/lib/python3.12/threading.py\", line 1032, in _bootstrap","logger":"task.stdout"}
{"timestamp":"2026-01-01T00:10:55.713656Z","level":"info","event":"    self._bootstrap_inner()","logger":"task.stdout"}
{"timestamp":"2026-01-01T00:10:55.713740Z","level":"info","event":"    │    └ <function Thread._bootstrap_inner at 0xffff99068f40>","logger":"task.stdout"}
{"timestamp":"2026-01-01T00:10:55.713877Z","level":"info","event":"    └ <Thread(ThreadPoolExecutor-1_0, started 281472806220128)>","logger":"task.stdout"}
{"timestamp":"2026-01-01T00:10:55.713958Z","level":"info","event":"  File \"/usr/python/lib/python3.12/threading.py\", line 1075, in _bootstrap_inner","logger":"task.stdout"}
{"timestamp":"2026-01-01T00:10:55.714039Z","level":"info","event":"    self.run()","logger":"task.stdout"}
{"timestamp":"2026-01-01T00:10:55.714121Z","level":"info","event":"    │    └ <function Thread.run at 0xffff99068c20>","logger":"task.stdout"}
{"timestamp":"2026-01-01T00:10:55.714203Z","level":"info","event":"    └ <Thread(ThreadPoolExecutor-1_0, started 281472806220128)>","logger":"task.stdout"}
{"timestamp":"2026-01-01T00:10:55.714291Z","level":"info","event":"  File \"/usr/python/lib/python3.12/threading.py\", line 1012, in run","logger":"task.stdout"}
{"timestamp":"2026-01-01T00:10:55.714374Z","level":"info","event":"    self._target(*self._args, **self._kwargs)","logger":"task.stdout"}
{"timestamp":"2026-01-01T00:10:55.714496Z","level":"info","event":"    │    │        │    │        │    └ {}","logger":"task.stdout"}
{"timestamp":"2026-01-01T00:10:55.714641Z","level":"info","event":"    │    │        │    │        └ <Thread(ThreadPoolExecutor-1_0, started 281472806220128)>","logger":"task.stdout"}
{"timestamp":"2026-01-01T00:10:55.714745Z","level":"info","event":"    │    │        │    └ (<weakref at 0xffff90350ef0; to 'ThreadPoolExecutor' at 0xffff86d3eb70>, <_queue.SimpleQueue object at 0xffff712e3b00>, None,...","logger":"task.stdout"}
{"timestamp":"2026-01-01T00:10:55.714839Z","level":"info","event":"    │    │        └ <Thread(ThreadPoolExecutor-1_0, started 281472806220128)>","logger":"task.stdout"}
{"timestamp":"2026-01-01T00:10:55.714928Z","level":"info","event":"    │    └ <function _worker at 0xffff937a1c60>","logger":"task.stdout"}
{"timestamp":"2026-01-01T00:10:55.715014Z","level":"info","event":"    └ <Thread(ThreadPoolExecutor-1_0, started 281472806220128)>","logger":"task.stdout"}
{"timestamp":"2026-01-01T00:10:55.715098Z","level":"info","event":"  File \"/usr/python/lib/python3.12/concurrent/futures/thread.py\", line 93, in _worker","logger":"task.stdout"}
{"timestamp":"2026-01-01T00:10:55.715183Z","level":"info","event":"    work_item.run()","logger":"task.stdout"}
{"timestamp":"2026-01-01T00:10:55.715279Z","level":"info","event":"    │         └ <function _WorkItem.run at 0xffff937a1da0>","logger":"task.stdout"}
{"timestamp":"2026-01-01T00:10:55.715364Z","level":"info","event":"    └ <concurrent.futures.thread._WorkItem object at 0xffff92a51a30>","logger":"task.stdout"}
{"timestamp":"2026-01-01T00:10:55.715449Z","level":"info","event":"  File \"/usr/python/lib/python3.12/concurrent/futures/thread.py\", line 59, in run","logger":"task.stdout"}
{"timestamp":"2026-01-01T00:10:55.715553Z","level":"info","event":"    result = self.fn(*self.args, **self.kwargs)","logger":"task.stdout"}
{"timestamp":"2026-01-01T00:10:55.715660Z","level":"info","event":"             │    │   │    │       │    └ {}","logger":"task.stdout"}
{"timestamp":"2026-01-01T00:10:55.715749Z","level":"info","event":"             │    │   │    │       └ <concurrent.futures.thread._WorkItem object at 0xffff92a51a30>","logger":"task.stdout"}
{"timestamp":"2026-01-01T00:10:55.715838Z","level":"info","event":"             │    │   │    └ ([('process_flow_year_chunk-cac56405-64ee-44b7-8543-c40411410698', (<Task 'process_flow_year_chunk-cac56405-64ee-44b7-8543-c4...","logger":"task.stdout"}
{"timestamp":"2026-01-01T00:10:55.715927Z","level":"info","event":"             │    │   └ <concurrent.futures.thread._WorkItem object at 0xffff92a51a30>","logger":"task.stdout"}
{"timestamp":"2026-01-01T00:10:55.716008Z","level":"info","event":"             │    └ <function batch_execute_tasks at 0xffff8d561d00>","logger":"task.stdout"}
{"timestamp":"2026-01-01T00:10:55.716089Z","level":"info","event":"             └ <concurrent.futures.thread._WorkItem object at 0xffff92a51a30>","logger":"task.stdout"}
{"timestamp":"2026-01-01T00:10:55.716274Z","level":"info","event":"  File \"/home/airflow/.local/lib/python3.12/site-packages/dask/local.py\", line 270, in batch_execute_tasks","logger":"task.stdout"}
{"timestamp":"2026-01-01T00:10:55.716370Z","level":"info","event":"    return [execute_task(*a) for a in it]","logger":"task.stdout"}
{"timestamp":"2026-01-01T00:10:55.716456Z","level":"info","event":"            │             │      │    └ [('process_flow_year_chunk-cac56405-64ee-44b7-8543-c40411410698', (<Task 'process_flow_year_chunk-cac56405-64ee-44b7-8543-c40...","logger":"task.stdout"}
{"timestamp":"2026-01-01T00:10:55.716540Z","level":"info","event":"            │             │      └ ('process_flow_year_chunk-cac56405-64ee-44b7-8543-c40411410698', (<Task 'process_flow_year_chunk-cac56405-64ee-44b7-8543-c404...","logger":"task.stdout"}
{"timestamp":"2026-01-01T00:10:55.716632Z","level":"info","event":"            │             └ ('process_flow_year_chunk-cac56405-64ee-44b7-8543-c40411410698', (<Task 'process_flow_year_chunk-cac56405-64ee-44b7-8543-c404...","logger":"task.stdout"}
{"timestamp":"2026-01-01T00:10:55.716716Z","level":"info","event":"            └ <function execute_task at 0xffff8d561c60>","logger":"task.stdout"}
{"timestamp":"2026-01-01T00:10:55.716797Z","level":"info","event":"  File \"/home/airflow/.local/lib/python3.12/site-packages/dask/local.py\", line 256, in execute_task","logger":"task.stdout"}
{"timestamp":"2026-01-01T00:10:55.716878Z","level":"info","event":"    result = task(data)","logger":"task.stdout"}
{"timestamp":"2026-01-01T00:10:55.716961Z","level":"info","event":"             │    └ {}","logger":"task.stdout"}
{"timestamp":"2026-01-01T00:10:55.717042Z","level":"info","event":"             └ <Task 'process_flow_year_chunk-cac56405-64ee-44b7-8543-c40411410698' process_flow_year_chunk(...)>","logger":"task.stdout"}
{"timestamp":"2026-01-01T00:10:55.717126Z","level":"info","event":"  File \"/home/airflow/.local/lib/python3.12/site-packages/dask/_task_spec.py\", line 759, in __call__","logger":"task.stdout"}
{"timestamp":"2026-01-01T00:10:55.717210Z","level":"info","event":"    return self.func(*new_argspec)","logger":"task.stdout"}
{"timestamp":"2026-01-01T00:10:55.717298Z","level":"info","event":"           │    │     └ ('IMTS', 'IMF.STA,IMTS,latest', [2023, 2024, 2025], IMFConfig(key='all', sub_key='all', base_url='https://api.imf.org/externa...","logger":"task.stdout"}
{"timestamp":"2026-01-01T00:10:55.717383Z","level":"info","event":"           │    └ <member 'func' of 'Task' objects>","logger":"task.stdout"}
{"timestamp":"2026-01-01T00:10:55.717465Z","level":"info","event":"           └ <Task 'process_flow_year_chunk-cac56405-64ee-44b7-8543-c40411410698' process_flow_year_chunk(...)>","logger":"task.stdout"}
{"timestamp":"2026-01-01T00:10:55.717547Z","level":"info","event":"","logger":"task.stdout"}
{"timestamp":"2026-01-01T00:10:55.717699Z","level":"info","event":"> File \"/opt/airflow/dags/pipelines/imf/pipeline.py\", line 54, in process_flow_year_chunk","logger":"task.stdout"}
{"timestamp":"2026-01-01T00:10:55.717810Z","level":"info","event":"    if s3_object_exists(s3_cfg.bucket, s3_key, s3_cfg.region):","logger":"task.stdout"}
{"timestamp":"2026-01-01T00:10:55.717895Z","level":"info","event":"       │                │      │       │       │      └ 'eu-west-1'","logger":"task.stdout"}
{"timestamp":"2026-01-01T00:10:55.717976Z","level":"info","event":"       │                │      │       │       └ S3Config(bucket='personal-projectbucket', prefix='imf', region='eu-west-1')","logger":"task.stdout"}
{"timestamp":"2026-01-01T00:10:55.718057Z","level":"info","event":"       │                │      │       └ 'imf/IMTS/year=2024/IMTS_2024.csv'","logger":"task.stdout"}
{"timestamp":"2026-01-01T00:10:55.718219Z","level":"info","event":"       │                │      └ 'personal-projectbucket'","logger":"task.stdout"}
{"timestamp":"2026-01-01T00:10:55.718407Z","level":"info","event":"       │                └ S3Config(bucket='personal-projectbucket', prefix='imf', region='eu-west-1')","logger":"task.stdout"}
{"timestamp":"2026-01-01T00:10:55.718502Z","level":"info","event":"       └ <function s3_object_exists at 0xffff8cfba7a0>","logger":"task.stdout"}
{"timestamp":"2026-01-01T00:10:55.718581Z","level":"info","event":"","logger":"task.stdout"}
{"timestamp":"2026-01-01T00:10:55.718662Z","level":"info","event":"  File \"/opt/airflow/dags/pipelines/common/s3_utils.py\", line 29, in s3_object_exists","logger":"task.stdout"}
{"timestamp":"2026-01-01T00:10:55.718741Z","level":"info","event":"    s3.head_object(Bucket=bucket, Key=key)","logger":"task.stdout"}
{"timestamp":"2026-01-01T00:10:55.718822Z","level":"info","event":"    │  │                  │           └ 'imf/IMTS/year=2024/IMTS_2024.csv'","logger":"task.stdout"}
{"timestamp":"2026-01-01T00:10:55.718901Z","level":"info","event":"    │  │                  └ 'personal-projectbucket'","logger":"task.stdout"}
{"timestamp":"2026-01-01T00:10:55.718981Z","level":"info","event":"    │  └ <function ClientCreator._create_api_method.<locals>._api_call at 0xffff71310680>","logger":"task.stdout"}
{"timestamp":"2026-01-01T00:10:55.719059Z","level":"info","event":"    └ <botocore.client.S3 object at 0xffff717a79e0>","logger":"task.stdout"}
{"timestamp":"2026-01-01T00:10:55.719140Z","level":"info","event":"","logger":"task.stdout"}
{"timestamp":"2026-01-01T00:10:55.719222Z","level":"info","event":"  File \"/home/airflow/.local/lib/python3.12/site-packages/botocore/client.py\", line 602, in _api_call","logger":"task.stdout"}
{"timestamp":"2026-01-01T00:10:55.719319Z","level":"info","event":"    return self._make_api_call(operation_name, kwargs)","logger":"task.stdout"}
{"timestamp":"2026-01-01T00:10:55.719397Z","level":"info","event":"           │    │              │               └ {'Bucket': 'personal-projectbucket', 'Key': 'imf/IMTS/year=2024/IMTS_2024.csv'}","logger":"task.stdout"}
{"timestamp":"2026-01-01T00:10:55.719477Z","level":"info","event":"           │    │              └ 'HeadObject'","logger":"task.stdout"}
{"timestamp":"2026-01-01T00:10:55.719556Z","level":"info","event":"           │    └ <function BaseClient._make_api_call at 0xffff8cf3b060>","logger":"task.stdout"}
{"timestamp":"2026-01-01T00:10:55.719638Z","level":"info","event":"           └ <botocore.client.S3 object at 0xffff717a79e0>","logger":"task.stdout"}
{"timestamp":"2026-01-01T00:10:55.719716Z","level":"info","event":"  File \"/home/airflow/.local/lib/python3.12/site-packages/botocore/context.py\", line 123, in wrapper","logger":"task.stdout"}
{"timestamp":"2026-01-01T00:10:55.719797Z","level":"info","event":"    return func(*args, **kwargs)","logger":"task.stdout"}
{"timestamp":"2026-01-01T00:10:55.719880Z","level":"info","event":"           │     │       └ {}","logger":"task.stdout"}
{"timestamp":"2026-01-01T00:10:55.721274Z","level":"info","event":"           │     └ (<botocore.client.S3 object at 0xffff717a79e0>, 'HeadObject', {'Bucket': 'personal-projectbucket', 'Key': 'imf/IMTS/year=2024...","logger":"task.stdout"}
{"timestamp":"2026-01-01T00:10:55.721369Z","level":"info","event":"           └ <function BaseClient._make_api_call at 0xffff8cf3afc0>","logger":"task.stdout"}
{"timestamp":"2026-01-01T00:10:55.721449Z","level":"info","event":"  File \"/home/airflow/.local/lib/python3.12/site-packages/botocore/client.py\", line 1078, in _make_api_call","logger":"task.stdout"}
{"timestamp":"2026-01-01T00:10:55.721534Z","level":"info","event":"    raise error_class(parsed_response, operation_name)","logger":"task.stdout"}
{"timestamp":"2026-01-01T00:10:55.721619Z","level":"info","event":"          │           │                └ 'HeadObject'","logger":"task.stdout"}
{"timestamp":"2026-01-01T00:10:55.721697Z","level":"info","event":"          │           └ {'Error': {'Code': '403', 'Message': 'Forbidden'}, 'ResponseMetadata': {'RequestId': 'GAS3WN39600SA999', 'HostId': '0cJ+vKaDE...","logger":"task.stdout"}
{"timestamp":"2026-01-01T00:10:55.721842Z","level":"info","event":"          └ <class 'botocore.exceptions.ClientError'>","logger":"task.stdout"}
{"timestamp":"2026-01-01T00:10:55.721936Z","level":"info","event":"","logger":"task.stdout"}
{"timestamp":"2026-01-01T00:10:55.722016Z","level":"info","event":"botocore.exceptions.ClientError: An error occurred (403) when calling the HeadObject operation: Forbidden","logger":"task.stdout"}
{"timestamp":"2026-01-01T00:10:55.900098Z","level":"info","event":"2026-01-01 00:10:55 | ERROR | S3 head_object failed | flow=IMTS year=2025 key=imf/IMTS/year=2025/IMTS_2025.csv","logger":"task.stdout"}
{"timestamp":"2026-01-01T00:10:55.901302Z","level":"info","event":"Traceback (most recent call last):","logger":"task.stdout"}
{"timestamp":"2026-01-01T00:10:55.901429Z","level":"info","event":"","logger":"task.stdout"}
{"timestamp":"2026-01-01T00:10:55.901525Z","level":"info","event":"  File \"/usr/python/lib/python3.12/threading.py\", line 1032, in _bootstrap","logger":"task.stdout"}
{"timestamp":"2026-01-01T00:10:55.901615Z","level":"info","event":"    self._bootstrap_inner()","logger":"task.stdout"}
{"timestamp":"2026-01-01T00:10:55.901699Z","level":"info","event":"    │    └ <function Thread._bootstrap_inner at 0xffff99068f40>","logger":"task.stdout"}
{"timestamp":"2026-01-01T00:10:55.901784Z","level":"info","event":"    └ <Thread(ThreadPoolExecutor-1_0, started 281472806220128)>","logger":"task.stdout"}
{"timestamp":"2026-01-01T00:10:55.901868Z","level":"info","event":"  File \"/usr/python/lib/python3.12/threading.py\", line 1075, in _bootstrap_inner","logger":"task.stdout"}
{"timestamp":"2026-01-01T00:10:55.901951Z","level":"info","event":"    self.run()","logger":"task.stdout"}
{"timestamp":"2026-01-01T00:10:55.902036Z","level":"info","event":"    │    └ <function Thread.run at 0xffff99068c20>","logger":"task.stdout"}
{"timestamp":"2026-01-01T00:10:55.902117Z","level":"info","event":"    └ <Thread(ThreadPoolExecutor-1_0, started 281472806220128)>","logger":"task.stdout"}
{"timestamp":"2026-01-01T00:10:55.902199Z","level":"info","event":"  File \"/usr/python/lib/python3.12/threading.py\", line 1012, in run","logger":"task.stdout"}
{"timestamp":"2026-01-01T00:10:55.903908Z","level":"info","event":"    self._target(*self._args, **self._kwargs)","logger":"task.stdout"}
{"timestamp":"2026-01-01T00:10:55.905278Z","level":"info","event":"    │    │        │    │        │    └ {}","logger":"task.stdout"}
{"timestamp":"2026-01-01T00:10:55.905384Z","level":"info","event":"    │    │        │    │        └ <Thread(ThreadPoolExecutor-1_0, started 281472806220128)>","logger":"task.stdout"}
{"timestamp":"2026-01-01T00:10:55.905470Z","level":"info","event":"    │    │        │    └ (<weakref at 0xffff90350ef0; to 'ThreadPoolExecutor' at 0xffff86d3eb70>, <_queue.SimpleQueue object at 0xffff712e3b00>, None,...","logger":"task.stdout"}
{"timestamp":"2026-01-01T00:10:55.905554Z","level":"info","event":"    │    │        └ <Thread(ThreadPoolExecutor-1_0, started 281472806220128)>","logger":"task.stdout"}
{"timestamp":"2026-01-01T00:10:55.905635Z","level":"info","event":"    │    └ <function _worker at 0xffff937a1c60>","logger":"task.stdout"}
{"timestamp":"2026-01-01T00:10:55.905717Z","level":"info","event":"    └ <Thread(ThreadPoolExecutor-1_0, started 281472806220128)>","logger":"task.stdout"}
{"timestamp":"2026-01-01T00:10:55.905799Z","level":"info","event":"  File \"/usr/python/lib/python3.12/concurrent/futures/thread.py\", line 93, in _worker","logger":"task.stdout"}
{"timestamp":"2026-01-01T00:10:55.905883Z","level":"info","event":"    work_item.run()","logger":"task.stdout"}
{"timestamp":"2026-01-01T00:10:55.905965Z","level":"info","event":"    │         └ <function _WorkItem.run at 0xffff937a1da0>","logger":"task.stdout"}
{"timestamp":"2026-01-01T00:10:55.906050Z","level":"info","event":"    └ <concurrent.futures.thread._WorkItem object at 0xffff92a51a30>","logger":"task.stdout"}
{"timestamp":"2026-01-01T00:10:55.906202Z","level":"info","event":"  File \"/usr/python/lib/python3.12/concurrent/futures/thread.py\", line 59, in run","logger":"task.stdout"}
{"timestamp":"2026-01-01T00:10:55.906310Z","level":"info","event":"    result = self.fn(*self.args, **self.kwargs)","logger":"task.stdout"}
{"timestamp":"2026-01-01T00:10:55.906395Z","level":"info","event":"             │    │   │    │       │    └ {}","logger":"task.stdout"}
{"timestamp":"2026-01-01T00:10:55.906478Z","level":"info","event":"             │    │   │    │       └ <concurrent.futures.thread._WorkItem object at 0xffff92a51a30>","logger":"task.stdout"}
{"timestamp":"2026-01-01T00:10:55.906561Z","level":"info","event":"             │    │   │    └ ([('process_flow_year_chunk-cac56405-64ee-44b7-8543-c40411410698', (<Task 'process_flow_year_chunk-cac56405-64ee-44b7-8543-c4...","logger":"task.stdout"}
{"timestamp":"2026-01-01T00:10:55.906643Z","level":"info","event":"             │    │   └ <concurrent.futures.thread._WorkItem object at 0xffff92a51a30>","logger":"task.stdout"}
{"timestamp":"2026-01-01T00:10:55.906726Z","level":"info","event":"             │    └ <function batch_execute_tasks at 0xffff8d561d00>","logger":"task.stdout"}
{"timestamp":"2026-01-01T00:10:55.906808Z","level":"info","event":"             └ <concurrent.futures.thread._WorkItem object at 0xffff92a51a30>","logger":"task.stdout"}
{"timestamp":"2026-01-01T00:10:55.906888Z","level":"info","event":"  File \"/home/airflow/.local/lib/python3.12/site-packages/dask/local.py\", line 270, in batch_execute_tasks","logger":"task.stdout"}
{"timestamp":"2026-01-01T00:10:55.906968Z","level":"info","event":"    return [execute_task(*a) for a in it]","logger":"task.stdout"}
{"timestamp":"2026-01-01T00:10:55.907050Z","level":"info","event":"            │             │      │    └ [('process_flow_year_chunk-cac56405-64ee-44b7-8543-c40411410698', (<Task 'process_flow_year_chunk-cac56405-64ee-44b7-8543-c40...","logger":"task.stdout"}
{"timestamp":"2026-01-01T00:10:55.907130Z","level":"info","event":"            │             │      └ ('process_flow_year_chunk-cac56405-64ee-44b7-8543-c40411410698', (<Task 'process_flow_year_chunk-cac56405-64ee-44b7-8543-c404...","logger":"task.stdout"}
{"timestamp":"2026-01-01T00:10:55.907207Z","level":"info","event":"            │             └ ('process_flow_year_chunk-cac56405-64ee-44b7-8543-c40411410698', (<Task 'process_flow_year_chunk-cac56405-64ee-44b7-8543-c404...","logger":"task.stdout"}
{"timestamp":"2026-01-01T00:10:55.907306Z","level":"info","event":"            └ <function execute_task at 0xffff8d561c60>","logger":"task.stdout"}
{"timestamp":"2026-01-01T00:10:55.910275Z","level":"info","event":"  File \"/home/airflow/.local/lib/python3.12/site-packages/dask/local.py\", line 256, in execute_task","logger":"task.stdout"}
{"timestamp":"2026-01-01T00:10:55.910374Z","level":"info","event":"    result = task(data)","logger":"task.stdout"}
{"timestamp":"2026-01-01T00:10:55.910454Z","level":"info","event":"             │    └ {}","logger":"task.stdout"}
{"timestamp":"2026-01-01T00:10:55.910533Z","level":"info","event":"             └ <Task 'process_flow_year_chunk-cac56405-64ee-44b7-8543-c40411410698' process_flow_year_chunk(...)>","logger":"task.stdout"}
{"timestamp":"2026-01-01T00:10:55.910613Z","level":"info","event":"  File \"/home/airflow/.local/lib/python3.12/site-packages/dask/_task_spec.py\", line 759, in __call__","logger":"task.stdout"}
{"timestamp":"2026-01-01T00:10:55.910693Z","level":"info","event":"    return self.func(*new_argspec)","logger":"task.stdout"}
{"timestamp":"2026-01-01T00:10:55.910773Z","level":"info","event":"           │    │     └ ('IMTS', 'IMF.STA,IMTS,latest', [2023, 2024, 2025], IMFConfig(key='all', sub_key='all', base_url='https://api.imf.org/externa...","logger":"task.stdout"}
{"timestamp":"2026-01-01T00:10:55.910854Z","level":"info","event":"           │    └ <member 'func' of 'Task' objects>","logger":"task.stdout"}
{"timestamp":"2026-01-01T00:10:55.910998Z","level":"info","event":"           └ <Task 'process_flow_year_chunk-cac56405-64ee-44b7-8543-c40411410698' process_flow_year_chunk(...)>","logger":"task.stdout"}
{"timestamp":"2026-01-01T00:10:55.911091Z","level":"info","event":"","logger":"task.stdout"}
{"timestamp":"2026-01-01T00:10:55.911171Z","level":"info","event":"> File \"/opt/airflow/dags/pipelines/imf/pipeline.py\", line 54, in process_flow_year_chunk","logger":"task.stdout"}
{"timestamp":"2026-01-01T00:10:55.911269Z","level":"info","event":"    if s3_object_exists(s3_cfg.bucket, s3_key, s3_cfg.region):","logger":"task.stdout"}
{"timestamp":"2026-01-01T00:10:55.911351Z","level":"info","event":"       │                │      │       │       │      └ 'eu-west-1'","logger":"task.stdout"}
{"timestamp":"2026-01-01T00:10:55.911431Z","level":"info","event":"       │                │      │       │       └ S3Config(bucket='personal-projectbucket', prefix='imf', region='eu-west-1')","logger":"task.stdout"}
{"timestamp":"2026-01-01T00:10:55.911509Z","level":"info","event":"       │                │      │       └ 'imf/IMTS/year=2025/IMTS_2025.csv'","logger":"task.stdout"}
{"timestamp":"2026-01-01T00:10:55.911658Z","level":"info","event":"       │                │      └ 'personal-projectbucket'","logger":"task.stdout"}
{"timestamp":"2026-01-01T00:10:55.911743Z","level":"info","event":"       │                └ S3Config(bucket='personal-projectbucket', prefix='imf', region='eu-west-1')","logger":"task.stdout"}
{"timestamp":"2026-01-01T00:10:55.911824Z","level":"info","event":"       └ <function s3_object_exists at 0xffff8cfba7a0>","logger":"task.stdout"}
{"timestamp":"2026-01-01T00:10:55.911904Z","level":"info","event":"","logger":"task.stdout"}
{"timestamp":"2026-01-01T00:10:55.911995Z","level":"info","event":"  File \"/opt/airflow/dags/pipelines/common/s3_utils.py\", line 29, in s3_object_exists","logger":"task.stdout"}
{"timestamp":"2026-01-01T00:10:55.912072Z","level":"info","event":"    s3.head_object(Bucket=bucket, Key=key)","logger":"task.stdout"}
{"timestamp":"2026-01-01T00:10:55.912152Z","level":"info","event":"    │  │                  │           └ 'imf/IMTS/year=2025/IMTS_2025.csv'","logger":"task.stdout"}
{"timestamp":"2026-01-01T00:10:55.912232Z","level":"info","event":"    │  │                  └ 'personal-projectbucket'","logger":"task.stdout"}
{"timestamp":"2026-01-01T00:10:55.912328Z","level":"info","event":"    │  └ <function ClientCreator._create_api_method.<locals>._api_call at 0xffff71310680>","logger":"task.stdout"}
{"timestamp":"2026-01-01T00:10:55.912413Z","level":"info","event":"    └ <botocore.client.S3 object at 0xffff717a79e0>","logger":"task.stdout"}
{"timestamp":"2026-01-01T00:10:55.912493Z","level":"info","event":"","logger":"task.stdout"}
{"timestamp":"2026-01-01T00:10:55.912571Z","level":"info","event":"  File \"/home/airflow/.local/lib/python3.12/site-packages/botocore/client.py\", line 602, in _api_call","logger":"task.stdout"}
{"timestamp":"2026-01-01T00:10:55.912652Z","level":"info","event":"    return self._make_api_call(operation_name, kwargs)","logger":"task.stdout"}
{"timestamp":"2026-01-01T00:10:55.912733Z","level":"info","event":"           │    │              │               └ {'Bucket': 'personal-projectbucket', 'Key': 'imf/IMTS/year=2025/IMTS_2025.csv'}","logger":"task.stdout"}
{"timestamp":"2026-01-01T00:10:55.912813Z","level":"info","event":"           │    │              └ 'HeadObject'","logger":"task.stdout"}
{"timestamp":"2026-01-01T00:10:55.912893Z","level":"info","event":"           │    └ <function BaseClient._make_api_call at 0xffff8cf3b060>","logger":"task.stdout"}
{"timestamp":"2026-01-01T00:10:55.912973Z","level":"info","event":"           └ <botocore.client.S3 object at 0xffff717a79e0>","logger":"task.stdout"}
{"timestamp":"2026-01-01T00:10:55.913051Z","level":"info","event":"  File \"/home/airflow/.local/lib/python3.12/site-packages/botocore/context.py\", line 123, in wrapper","logger":"task.stdout"}
{"timestamp":"2026-01-01T00:10:55.913209Z","level":"info","event":"    return func(*args, **kwargs)","logger":"task.stdout"}
{"timestamp":"2026-01-01T00:10:55.913316Z","level":"info","event":"           │     │       └ {}","logger":"task.stdout"}
{"timestamp":"2026-01-01T00:10:55.913397Z","level":"info","event":"           │     └ (<botocore.client.S3 object at 0xffff717a79e0>, 'HeadObject', {'Bucket': 'personal-projectbucket', 'Key': 'imf/IMTS/year=2025...","logger":"task.stdout"}
{"timestamp":"2026-01-01T00:10:55.913510Z","level":"info","event":"           └ <function BaseClient._make_api_call at 0xffff8cf3afc0>","logger":"task.stdout"}
{"timestamp":"2026-01-01T00:10:55.913595Z","level":"info","event":"  File \"/home/airflow/.local/lib/python3.12/site-packages/botocore/client.py\", line 1078, in _make_api_call","logger":"task.stdout"}
{"timestamp":"2026-01-01T00:10:55.913673Z","level":"info","event":"    raise error_class(parsed_response, operation_name)","logger":"task.stdout"}
{"timestamp":"2026-01-01T00:10:55.913753Z","level":"info","event":"          │           │                └ 'HeadObject'","logger":"task.stdout"}
{"timestamp":"2026-01-01T00:10:55.913833Z","level":"info","event":"          │           └ {'Error': {'Code': '403', 'Message': 'Forbidden'}, 'ResponseMetadata': {'RequestId': 'ZZB7CA8RSPXQSCGJ', 'HostId': 'czhea6JDV...","logger":"task.stdout"}
{"timestamp":"2026-01-01T00:10:55.913911Z","level":"info","event":"          └ <class 'botocore.exceptions.ClientError'>","logger":"task.stdout"}
{"timestamp":"2026-01-01T00:10:55.913992Z","level":"info","event":"","logger":"task.stdout"}
{"timestamp":"2026-01-01T00:10:55.914069Z","level":"info","event":"botocore.exceptions.ClientError: An error occurred (403) when calling the HeadObject operation: Forbidden","logger":"task.stdout"}
{"timestamp":"2026-01-01T00:10:56.082094Z","level":"info","event":"2026-01-01 00:10:56 | ERROR | S3 head_object failed | flow=IMTS year=2003 key=imf/IMTS/year=2003/IMTS_2003.csv","logger":"task.stdout"}
{"timestamp":"2026-01-01T00:10:56.082299Z","level":"info","event":"Traceback (most recent call last):","logger":"task.stdout"}
{"timestamp":"2026-01-01T00:10:56.082399Z","level":"info","event":"","logger":"task.stdout"}
{"timestamp":"2026-01-01T00:10:56.082490Z","level":"info","event":"  File \"/usr/python/lib/python3.12/threading.py\", line 1032, in _bootstrap","logger":"task.stdout"}
{"timestamp":"2026-01-01T00:10:56.082576Z","level":"info","event":"    self._bootstrap_inner()","logger":"task.stdout"}
{"timestamp":"2026-01-01T00:10:56.082659Z","level":"info","event":"    │    └ <function Thread._bootstrap_inner at 0xffff99068f40>","logger":"task.stdout"}
{"timestamp":"2026-01-01T00:10:56.082744Z","level":"info","event":"    └ <Thread(ThreadPoolExecutor-1_0, started 281472806220128)>","logger":"task.stdout"}
{"timestamp":"2026-01-01T00:10:56.082827Z","level":"info","event":"  File \"/usr/python/lib/python3.12/threading.py\", line 1075, in _bootstrap_inner","logger":"task.stdout"}
{"timestamp":"2026-01-01T00:10:56.084286Z","level":"info","event":"    self.run()","logger":"task.stdout"}
{"timestamp":"2026-01-01T00:10:56.084403Z","level":"info","event":"    │    └ <function Thread.run at 0xffff99068c20>","logger":"task.stdout"}
{"timestamp":"2026-01-01T00:10:56.084489Z","level":"info","event":"    └ <Thread(ThreadPoolExecutor-1_0, started 281472806220128)>","logger":"task.stdout"}
{"timestamp":"2026-01-01T00:10:56.084572Z","level":"info","event":"  File \"/usr/python/lib/python3.12/threading.py\", line 1012, in run","logger":"task.stdout"}
{"timestamp":"2026-01-01T00:10:56.084652Z","level":"info","event":"    self._target(*self._args, **self._kwargs)","logger":"task.stdout"}
{"timestamp":"2026-01-01T00:10:56.084735Z","level":"info","event":"    │    │        │    │        │    └ {}","logger":"task.stdout"}
{"timestamp":"2026-01-01T00:10:56.084817Z","level":"info","event":"    │    │        │    │        └ <Thread(ThreadPoolExecutor-1_0, started 281472806220128)>","logger":"task.stdout"}
{"timestamp":"2026-01-01T00:10:56.084961Z","level":"info","event":"    │    │        │    └ (<weakref at 0xffff90350ef0; to 'ThreadPoolExecutor' at 0xffff86d3eb70>, <_queue.SimpleQueue object at 0xffff712e3b00>, None,...","logger":"task.stdout"}
{"timestamp":"2026-01-01T00:10:56.085055Z","level":"info","event":"    │    │        └ <Thread(ThreadPoolExecutor-1_0, started 281472806220128)>","logger":"task.stdout"}
{"timestamp":"2026-01-01T00:10:56.085134Z","level":"info","event":"    │    └ <function _worker at 0xffff937a1c60>","logger":"task.stdout"}
{"timestamp":"2026-01-01T00:10:56.085215Z","level":"info","event":"    └ <Thread(ThreadPoolExecutor-1_0, started 281472806220128)>","logger":"task.stdout"}
{"timestamp":"2026-01-01T00:10:56.085313Z","level":"info","event":"  File \"/usr/python/lib/python3.12/concurrent/futures/thread.py\", line 93, in _worker","logger":"task.stdout"}
{"timestamp":"2026-01-01T00:10:56.085391Z","level":"info","event":"    work_item.run()","logger":"task.stdout"}
{"timestamp":"2026-01-01T00:10:56.085472Z","level":"info","event":"    │         └ <function _WorkItem.run at 0xffff937a1da0>","logger":"task.stdout"}
{"timestamp":"2026-01-01T00:10:56.085562Z","level":"info","event":"    └ <concurrent.futures.thread._WorkItem object at 0xffff704685c0>","logger":"task.stdout"}
{"timestamp":"2026-01-01T00:10:56.085640Z","level":"info","event":"  File \"/usr/python/lib/python3.12/concurrent/futures/thread.py\", line 59, in run","logger":"task.stdout"}
{"timestamp":"2026-01-01T00:10:56.085719Z","level":"info","event":"    result = self.fn(*self.args, **self.kwargs)","logger":"task.stdout"}
{"timestamp":"2026-01-01T00:10:56.085799Z","level":"info","event":"             │    │   │    │       │    └ {}","logger":"task.stdout"}
{"timestamp":"2026-01-01T00:10:56.085882Z","level":"info","event":"             │    │   │    │       └ <concurrent.futures.thread._WorkItem object at 0xffff704685c0>","logger":"task.stdout"}
{"timestamp":"2026-01-01T00:10:56.085964Z","level":"info","event":"             │    │   │    └ ([('process_flow_year_chunk-c6c8e3c0-cded-4db4-afab-c224f66979da', (<Task 'process_flow_year_chunk-c6c8e3c0-cded-4db4-afab-c2...","logger":"task.stdout"}
{"timestamp":"2026-01-01T00:10:56.086045Z","level":"info","event":"             │    │   └ <concurrent.futures.thread._WorkItem object at 0xffff704685c0>","logger":"task.stdout"}
{"timestamp":"2026-01-01T00:10:56.086124Z","level":"info","event":"             │    └ <function batch_execute_tasks at 0xffff8d561d00>","logger":"task.stdout"}
{"timestamp":"2026-01-01T00:10:56.086202Z","level":"info","event":"             └ <concurrent.futures.thread._WorkItem object at 0xffff704685c0>","logger":"task.stdout"}
{"timestamp":"2026-01-01T00:10:56.086283Z","level":"info","event":"  File \"/home/airflow/.local/lib/python3.12/site-packages/dask/local.py\", line 270, in batch_execute_tasks","logger":"task.stdout"}
{"timestamp":"2026-01-01T00:10:56.086364Z","level":"info","event":"    return [execute_task(*a) for a in it]","logger":"task.stdout"}
{"timestamp":"2026-01-01T00:10:56.086446Z","level":"info","event":"            │             │      │    └ [('process_flow_year_chunk-c6c8e3c0-cded-4db4-afab-c224f66979da', (<Task 'process_flow_year_chunk-c6c8e3c0-cded-4db4-afab-c22...","logger":"task.stdout"}
{"timestamp":"2026-01-01T00:10:56.087280Z","level":"info","event":"            │             │      └ ('process_flow_year_chunk-c6c8e3c0-cded-4db4-afab-c224f66979da', (<Task 'process_flow_year_chunk-c6c8e3c0-cded-4db4-afab-c224...","logger":"task.stdout"}
{"timestamp":"2026-01-01T00:10:56.087374Z","level":"info","event":"            │             └ ('process_flow_year_chunk-c6c8e3c0-cded-4db4-afab-c224f66979da', (<Task 'process_flow_year_chunk-c6c8e3c0-cded-4db4-afab-c224...","logger":"task.stdout"}
{"timestamp":"2026-01-01T00:10:56.087455Z","level":"info","event":"            └ <function execute_task at 0xffff8d561c60>","logger":"task.stdout"}
{"timestamp":"2026-01-01T00:10:56.087606Z","level":"info","event":"  File \"/home/airflow/.local/lib/python3.12/site-packages/dask/local.py\", line 256, in execute_task","logger":"task.stdout"}
{"timestamp":"2026-01-01T00:10:56.087697Z","level":"info","event":"    result = task(data)","logger":"task.stdout"}
{"timestamp":"2026-01-01T00:10:56.087775Z","level":"info","event":"             │    └ {}","logger":"task.stdout"}
{"timestamp":"2026-01-01T00:10:56.087856Z","level":"info","event":"             └ <Task 'process_flow_year_chunk-c6c8e3c0-cded-4db4-afab-c224f66979da' process_flow_year_chunk(...)>","logger":"task.stdout"}
{"timestamp":"2026-01-01T00:10:56.087938Z","level":"info","event":"  File \"/home/airflow/.local/lib/python3.12/site-packages/dask/_task_spec.py\", line 759, in __call__","logger":"task.stdout"}
{"timestamp":"2026-01-01T00:10:56.088018Z","level":"info","event":"    return self.func(*new_argspec)","logger":"task.stdout"}
{"timestamp":"2026-01-01T00:10:56.088096Z","level":"info","event":"           │    │     └ ('IMTS', 'IMF.STA,IMTS,latest', [2003, 2004, 2005, 2006, 2007], IMFConfig(key='all', sub_key='all', base_url='https://api.imf...","logger":"task.stdout"}
{"timestamp":"2026-01-01T00:10:56.088176Z","level":"info","event":"           │    └ <member 'func' of 'Task' objects>","logger":"task.stdout"}
{"timestamp":"2026-01-01T00:10:56.088266Z","level":"info","event":"           └ <Task 'process_flow_year_chunk-c6c8e3c0-cded-4db4-afab-c224f66979da' process_flow_year_chunk(...)>","logger":"task.stdout"}
{"timestamp":"2026-01-01T00:10:56.088348Z","level":"info","event":"","logger":"task.stdout"}
{"timestamp":"2026-01-01T00:10:56.088429Z","level":"info","event":"> File \"/opt/airflow/dags/pipelines/imf/pipeline.py\", line 54, in process_flow_year_chunk","logger":"task.stdout"}
{"timestamp":"2026-01-01T00:10:56.088507Z","level":"info","event":"    if s3_object_exists(s3_cfg.bucket, s3_key, s3_cfg.region):","logger":"task.stdout"}
{"timestamp":"2026-01-01T00:10:56.090276Z","level":"info","event":"       │                │      │       │       │      └ 'eu-west-1'","logger":"task.stdout"}
{"timestamp":"2026-01-01T00:10:56.090377Z","level":"info","event":"       │                │      │       │       └ S3Config(bucket='personal-projectbucket', prefix='imf', region='eu-west-1')","logger":"task.stdout"}
{"timestamp":"2026-01-01T00:10:56.090461Z","level":"info","event":"       │                │      │       └ 'imf/IMTS/year=2003/IMTS_2003.csv'","logger":"task.stdout"}
{"timestamp":"2026-01-01T00:10:56.090601Z","level":"info","event":"       │                │      └ 'personal-projectbucket'","logger":"task.stdout"}
{"timestamp":"2026-01-01T00:10:56.090683Z","level":"info","event":"       │                └ S3Config(bucket='personal-projectbucket', prefix='imf', region='eu-west-1')","logger":"task.stdout"}
{"timestamp":"2026-01-01T00:10:56.090763Z","level":"info","event":"       └ <function s3_object_exists at 0xffff8cfba7a0>","logger":"task.stdout"}
{"timestamp":"2026-01-01T00:10:56.090843Z","level":"info","event":"","logger":"task.stdout"}
{"timestamp":"2026-01-01T00:10:56.090926Z","level":"info","event":"  File \"/opt/airflow/dags/pipelines/common/s3_utils.py\", line 29, in s3_object_exists","logger":"task.stdout"}
{"timestamp":"2026-01-01T00:10:56.091006Z","level":"info","event":"    s3.head_object(Bucket=bucket, Key=key)","logger":"task.stdout"}
{"timestamp":"2026-01-01T00:10:56.091085Z","level":"info","event":"    │  │                  │           └ 'imf/IMTS/year=2003/IMTS_2003.csv'","logger":"task.stdout"}
{"timestamp":"2026-01-01T00:10:56.091165Z","level":"info","event":"    │  │                  └ 'personal-projectbucket'","logger":"task.stdout"}
{"timestamp":"2026-01-01T00:10:56.091257Z","level":"info","event":"    │  └ <function ClientCreator._create_api_method.<locals>._api_call at 0xffff71310680>","logger":"task.stdout"}
{"timestamp":"2026-01-01T00:10:56.091339Z","level":"info","event":"    └ <botocore.client.S3 object at 0xffff717a79e0>","logger":"task.stdout"}
{"timestamp":"2026-01-01T00:10:56.091487Z","level":"info","event":"","logger":"task.stdout"}
{"timestamp":"2026-01-01T00:10:56.091585Z","level":"info","event":"  File \"/home/airflow/.local/lib/python3.12/site-packages/botocore/client.py\", line 602, in _api_call","logger":"task.stdout"}
{"timestamp":"2026-01-01T00:10:56.091668Z","level":"info","event":"    return self._make_api_call(operation_name, kwargs)","logger":"task.stdout"}
{"timestamp":"2026-01-01T00:10:56.091748Z","level":"info","event":"           │    │              │               └ {'Bucket': 'personal-projectbucket', 'Key': 'imf/IMTS/year=2003/IMTS_2003.csv'}","logger":"task.stdout"}
{"timestamp":"2026-01-01T00:10:56.091826Z","level":"info","event":"           │    │              └ 'HeadObject'","logger":"task.stdout"}
{"timestamp":"2026-01-01T00:10:56.091905Z","level":"info","event":"           │    └ <function BaseClient._make_api_call at 0xffff8cf3b060>","logger":"task.stdout"}
{"timestamp":"2026-01-01T00:10:56.091986Z","level":"info","event":"           └ <botocore.client.S3 object at 0xffff717a79e0>","logger":"task.stdout"}
{"timestamp":"2026-01-01T00:10:56.092066Z","level":"info","event":"  File \"/home/airflow/.local/lib/python3.12/site-packages/botocore/context.py\", line 123, in wrapper","logger":"task.stdout"}
{"timestamp":"2026-01-01T00:10:56.092147Z","level":"info","event":"    return func(*args, **kwargs)","logger":"task.stdout"}
{"timestamp":"2026-01-01T00:10:56.092228Z","level":"info","event":"           │     │       └ {}","logger":"task.stdout"}
{"timestamp":"2026-01-01T00:10:56.092324Z","level":"info","event":"           │     └ (<botocore.client.S3 object at 0xffff717a79e0>, 'HeadObject', {'Bucket': 'personal-projectbucket', 'Key': 'imf/IMTS/year=2003...","logger":"task.stdout"}
{"timestamp":"2026-01-01T00:10:56.092402Z","level":"info","event":"           └ <function BaseClient._make_api_call at 0xffff8cf3afc0>","logger":"task.stdout"}
{"timestamp":"2026-01-01T00:10:56.092483Z","level":"info","event":"  File \"/home/airflow/.local/lib/python3.12/site-packages/botocore/client.py\", line 1078, in _make_api_call","logger":"task.stdout"}
{"timestamp":"2026-01-01T00:10:56.092561Z","level":"info","event":"    raise error_class(parsed_response, operation_name)","logger":"task.stdout"}
{"timestamp":"2026-01-01T00:10:56.092638Z","level":"info","event":"          │           │                └ 'HeadObject'","logger":"task.stdout"}
{"timestamp":"2026-01-01T00:10:56.092718Z","level":"info","event":"          │           └ {'Error': {'Code': '403', 'Message': 'Forbidden'}, 'ResponseMetadata': {'RequestId': 'ZZBEVG8AE4CJ2SXG', 'HostId': 'xUAhnycX1...","logger":"task.stdout"}
{"timestamp":"2026-01-01T00:10:56.092795Z","level":"info","event":"          └ <class 'botocore.exceptions.ClientError'>","logger":"task.stdout"}
{"timestamp":"2026-01-01T00:10:56.092872Z","level":"info","event":"","logger":"task.stdout"}
{"timestamp":"2026-01-01T00:10:56.092950Z","level":"info","event":"botocore.exceptions.ClientError: An error occurred (403) when calling the HeadObject operation: Forbidden","logger":"task.stdout"}
{"timestamp":"2026-01-01T00:10:56.326240Z","level":"info","event":"2026-01-01 00:10:56 | ERROR | S3 head_object failed | flow=IMTS year=2004 key=imf/IMTS/year=2004/IMTS_2004.csv","logger":"task.stdout"}
{"timestamp":"2026-01-01T00:10:56.330323Z","level":"info","event":"Traceback (most recent call last):","logger":"task.stdout"}
{"timestamp":"2026-01-01T00:10:56.330570Z","level":"info","event":"","logger":"task.stdout"}
{"timestamp":"2026-01-01T00:10:56.330714Z","level":"info","event":"  File \"/usr/python/lib/python3.12/threading.py\", line 1032, in _bootstrap","logger":"task.stdout"}
{"timestamp":"2026-01-01T00:10:56.330836Z","level":"info","event":"    self._bootstrap_inner()","logger":"task.stdout"}
{"timestamp":"2026-01-01T00:10:56.330939Z","level":"info","event":"    │    └ <function Thread._bootstrap_inner at 0xffff99068f40>","logger":"task.stdout"}
{"timestamp":"2026-01-01T00:10:56.331131Z","level":"info","event":"    └ <Thread(ThreadPoolExecutor-1_0, started 281472806220128)>","logger":"task.stdout"}
{"timestamp":"2026-01-01T00:10:56.331228Z","level":"info","event":"  File \"/usr/python/lib/python3.12/threading.py\", line 1075, in _bootstrap_inner","logger":"task.stdout"}
{"timestamp":"2026-01-01T00:10:56.331337Z","level":"info","event":"    self.run()","logger":"task.stdout"}
{"timestamp":"2026-01-01T00:10:56.331430Z","level":"info","event":"    │    └ <function Thread.run at 0xffff99068c20>","logger":"task.stdout"}
{"timestamp":"2026-01-01T00:10:56.331534Z","level":"info","event":"    └ <Thread(ThreadPoolExecutor-1_0, started 281472806220128)>","logger":"task.stdout"}
{"timestamp":"2026-01-01T00:10:56.331624Z","level":"info","event":"  File \"/usr/python/lib/python3.12/threading.py\", line 1012, in run","logger":"task.stdout"}
{"timestamp":"2026-01-01T00:10:56.331712Z","level":"info","event":"    self._target(*self._args, **self._kwargs)","logger":"task.stdout"}
{"timestamp":"2026-01-01T00:10:56.331799Z","level":"info","event":"    │    │        │    │        │    └ {}","logger":"task.stdout"}
{"timestamp":"2026-01-01T00:10:56.331893Z","level":"info","event":"    │    │        │    │        └ <Thread(ThreadPoolExecutor-1_0, started 281472806220128)>","logger":"task.stdout"}
{"timestamp":"2026-01-01T00:10:56.331990Z","level":"info","event":"    │    │        │    └ (<weakref at 0xffff90350ef0; to 'ThreadPoolExecutor' at 0xffff86d3eb70>, <_queue.SimpleQueue object at 0xffff712e3b00>, None,...","logger":"task.stdout"}
{"timestamp":"2026-01-01T00:10:56.332079Z","level":"info","event":"    │    │        └ <Thread(ThreadPoolExecutor-1_0, started 281472806220128)>","logger":"task.stdout"}
{"timestamp":"2026-01-01T00:10:56.332188Z","level":"info","event":"    │    └ <function _worker at 0xffff937a1c60>","logger":"task.stdout"}
{"timestamp":"2026-01-01T00:10:56.332300Z","level":"info","event":"    └ <Thread(ThreadPoolExecutor-1_0, started 281472806220128)>","logger":"task.stdout"}
{"timestamp":"2026-01-01T00:10:56.332394Z","level":"info","event":"  File \"/usr/python/lib/python3.12/concurrent/futures/thread.py\", line 93, in _worker","logger":"task.stdout"}
{"timestamp":"2026-01-01T00:10:56.332481Z","level":"info","event":"    work_item.run()","logger":"task.stdout"}
{"timestamp":"2026-01-01T00:10:56.332576Z","level":"info","event":"    │         └ <function _WorkItem.run at 0xffff937a1da0>","logger":"task.stdout"}
{"timestamp":"2026-01-01T00:10:56.332662Z","level":"info","event":"    └ <concurrent.futures.thread._WorkItem object at 0xffff704685c0>","logger":"task.stdout"}
{"timestamp":"2026-01-01T00:10:56.332751Z","level":"info","event":"  File \"/usr/python/lib/python3.12/concurrent/futures/thread.py\", line 59, in run","logger":"task.stdout"}
{"timestamp":"2026-01-01T00:10:56.332836Z","level":"info","event":"    result = self.fn(*self.args, **self.kwargs)","logger":"task.stdout"}
{"timestamp":"2026-01-01T00:10:56.332920Z","level":"info","event":"             │    │   │    │       │    └ {}","logger":"task.stdout"}
{"timestamp":"2026-01-01T00:10:56.333004Z","level":"info","event":"             │    │   │    │       └ <concurrent.futures.thread._WorkItem object at 0xffff704685c0>","logger":"task.stdout"}
{"timestamp":"2026-01-01T00:10:56.333091Z","level":"info","event":"             │    │   │    └ ([('process_flow_year_chunk-c6c8e3c0-cded-4db4-afab-c224f66979da', (<Task 'process_flow_year_chunk-c6c8e3c0-cded-4db4-afab-c2...","logger":"task.stdout"}
{"timestamp":"2026-01-01T00:10:56.333175Z","level":"info","event":"             │    │   └ <concurrent.futures.thread._WorkItem object at 0xffff704685c0>","logger":"task.stdout"}
{"timestamp":"2026-01-01T00:10:56.333271Z","level":"info","event":"             │    └ <function batch_execute_tasks at 0xffff8d561d00>","logger":"task.stdout"}
{"timestamp":"2026-01-01T00:10:56.333355Z","level":"info","event":"             └ <concurrent.futures.thread._WorkItem object at 0xffff704685c0>","logger":"task.stdout"}
{"timestamp":"2026-01-01T00:10:56.333506Z","level":"info","event":"  File \"/home/airflow/.local/lib/python3.12/site-packages/dask/local.py\", line 270, in batch_execute_tasks","logger":"task.stdout"}
{"timestamp":"2026-01-01T00:10:56.333596Z","level":"info","event":"    return [execute_task(*a) for a in it]","logger":"task.stdout"}
{"timestamp":"2026-01-01T00:10:56.333685Z","level":"info","event":"            │             │      │    └ [('process_flow_year_chunk-c6c8e3c0-cded-4db4-afab-c224f66979da', (<Task 'process_flow_year_chunk-c6c8e3c0-cded-4db4-afab-c22...","logger":"task.stdout"}
{"timestamp":"2026-01-01T00:10:56.333771Z","level":"info","event":"            │             │      └ ('process_flow_year_chunk-c6c8e3c0-cded-4db4-afab-c224f66979da', (<Task 'process_flow_year_chunk-c6c8e3c0-cded-4db4-afab-c224...","logger":"task.stdout"}
{"timestamp":"2026-01-01T00:10:56.333858Z","level":"info","event":"            │             └ ('process_flow_year_chunk-c6c8e3c0-cded-4db4-afab-c224f66979da', (<Task 'process_flow_year_chunk-c6c8e3c0-cded-4db4-afab-c224...","logger":"task.stdout"}
{"timestamp":"2026-01-01T00:10:56.333950Z","level":"info","event":"            └ <function execute_task at 0xffff8d561c60>","logger":"task.stdout"}
{"timestamp":"2026-01-01T00:10:56.334034Z","level":"info","event":"  File \"/home/airflow/.local/lib/python3.12/site-packages/dask/local.py\", line 256, in execute_task","logger":"task.stdout"}
{"timestamp":"2026-01-01T00:10:56.334116Z","level":"info","event":"    result = task(data)","logger":"task.stdout"}
{"timestamp":"2026-01-01T00:10:56.334200Z","level":"info","event":"             │    └ {}","logger":"task.stdout"}
{"timestamp":"2026-01-01T00:10:56.334296Z","level":"info","event":"             └ <Task 'process_flow_year_chunk-c6c8e3c0-cded-4db4-afab-c224f66979da' process_flow_year_chunk(...)>","logger":"task.stdout"}
{"timestamp":"2026-01-01T00:10:56.334401Z","level":"info","event":"  File \"/home/airflow/.local/lib/python3.12/site-packages/dask/_task_spec.py\", line 759, in __call__","logger":"task.stdout"}
{"timestamp":"2026-01-01T00:10:56.334499Z","level":"info","event":"    return self.func(*new_argspec)","logger":"task.stdout"}
{"timestamp":"2026-01-01T00:10:56.334594Z","level":"info","event":"           │    │     └ ('IMTS', 'IMF.STA,IMTS,latest', [2003, 2004, 2005, 2006, 2007], IMFConfig(key='all', sub_key='all', base_url='https://api.imf...","logger":"task.stdout"}
{"timestamp":"2026-01-01T00:10:56.334688Z","level":"info","event":"           │    └ <member 'func' of 'Task' objects>","logger":"task.stdout"}
{"timestamp":"2026-01-01T00:10:56.334779Z","level":"info","event":"           └ <Task 'process_flow_year_chunk-c6c8e3c0-cded-4db4-afab-c224f66979da' process_flow_year_chunk(...)>","logger":"task.stdout"}
{"timestamp":"2026-01-01T00:10:56.334870Z","level":"info","event":"","logger":"task.stdout"}
{"timestamp":"2026-01-01T00:10:56.334959Z","level":"info","event":"> File \"/opt/airflow/dags/pipelines/imf/pipeline.py\", line 54, in process_flow_year_chunk","logger":"task.stdout"}
{"timestamp":"2026-01-01T00:10:56.335045Z","level":"info","event":"    if s3_object_exists(s3_cfg.bucket, s3_key, s3_cfg.region):","logger":"task.stdout"}
{"timestamp":"2026-01-01T00:10:56.335130Z","level":"info","event":"       │                │      │       │       │      └ 'eu-west-1'","logger":"task.stdout"}
{"timestamp":"2026-01-01T00:10:56.335217Z","level":"info","event":"       │                │      │       │       └ S3Config(bucket='personal-projectbucket', prefix='imf', region='eu-west-1')","logger":"task.stdout"}
{"timestamp":"2026-01-01T00:10:56.335354Z","level":"info","event":"       │                │      │       └ 'imf/IMTS/year=2004/IMTS_2004.csv'","logger":"task.stdout"}
{"timestamp":"2026-01-01T00:10:56.336528Z","level":"info","event":"       │                │      └ 'personal-projectbucket'","logger":"task.stdout"}
{"timestamp":"2026-01-01T00:10:56.337538Z","level":"info","event":"       │                └ S3Config(bucket='personal-projectbucket', prefix='imf', region='eu-west-1')","logger":"task.stdout"}
{"timestamp":"2026-01-01T00:10:56.340289Z","level":"info","event":"       └ <function s3_object_exists at 0xffff8cfba7a0>","logger":"task.stdout"}
{"timestamp":"2026-01-01T00:10:56.340462Z","level":"info","event":"","logger":"task.stdout"}
{"timestamp":"2026-01-01T00:10:56.340561Z","level":"info","event":"  File \"/opt/airflow/dags/pipelines/common/s3_utils.py\", line 29, in s3_object_exists","logger":"task.stdout"}
{"timestamp":"2026-01-01T00:10:56.340657Z","level":"info","event":"    s3.head_object(Bucket=bucket, Key=key)","logger":"task.stdout"}
{"timestamp":"2026-01-01T00:10:56.340752Z","level":"info","event":"    │  │                  │           └ 'imf/IMTS/year=2004/IMTS_2004.csv'","logger":"task.stdout"}
{"timestamp":"2026-01-01T00:10:56.340848Z","level":"info","event":"    │  │                  └ 'personal-projectbucket'","logger":"task.stdout"}
{"timestamp":"2026-01-01T00:10:56.340940Z","level":"info","event":"    │  └ <function ClientCreator._create_api_method.<locals>._api_call at 0xffff71310680>","logger":"task.stdout"}
{"timestamp":"2026-01-01T00:10:56.341035Z","level":"info","event":"    └ <botocore.client.S3 object at 0xffff717a79e0>","logger":"task.stdout"}
{"timestamp":"2026-01-01T00:10:56.341125Z","level":"info","event":"","logger":"task.stdout"}
{"timestamp":"2026-01-01T00:10:56.341213Z","level":"info","event":"  File \"/home/airflow/.local/lib/python3.12/site-packages/botocore/client.py\", line 602, in _api_call","logger":"task.stdout"}
{"timestamp":"2026-01-01T00:10:56.341320Z","level":"info","event":"    return self._make_api_call(operation_name, kwargs)","logger":"task.stdout"}
{"timestamp":"2026-01-01T00:10:56.341408Z","level":"info","event":"           │    │              │               └ {'Bucket': 'personal-projectbucket', 'Key': 'imf/IMTS/year=2004/IMTS_2004.csv'}","logger":"task.stdout"}
{"timestamp":"2026-01-01T00:10:56.341496Z","level":"info","event":"           │    │              └ 'HeadObject'","logger":"task.stdout"}
{"timestamp":"2026-01-01T00:10:56.341581Z","level":"info","event":"           │    └ <function BaseClient._make_api_call at 0xffff8cf3b060>","logger":"task.stdout"}
{"timestamp":"2026-01-01T00:10:56.341666Z","level":"info","event":"           └ <botocore.client.S3 object at 0xffff717a79e0>","logger":"task.stdout"}
{"timestamp":"2026-01-01T00:10:56.341752Z","level":"info","event":"  File \"/home/airflow/.local/lib/python3.12/site-packages/botocore/context.py\", line 123, in wrapper","logger":"task.stdout"}
{"timestamp":"2026-01-01T00:10:56.341836Z","level":"info","event":"    return func(*args, **kwargs)","logger":"task.stdout"}
{"timestamp":"2026-01-01T00:10:56.341927Z","level":"info","event":"           │     │       └ {}","logger":"task.stdout"}
{"timestamp":"2026-01-01T00:10:56.342014Z","level":"info","event":"           │     └ (<botocore.client.S3 object at 0xffff717a79e0>, 'HeadObject', {'Bucket': 'personal-projectbucket', 'Key': 'imf/IMTS/year=2004...","logger":"task.stdout"}
{"timestamp":"2026-01-01T00:10:56.342102Z","level":"info","event":"           └ <function BaseClient._make_api_call at 0xffff8cf3afc0>","logger":"task.stdout"}
{"timestamp":"2026-01-01T00:10:56.342204Z","level":"info","event":"  File \"/home/airflow/.local/lib/python3.12/site-packages/botocore/client.py\", line 1078, in _make_api_call","logger":"task.stdout"}
{"timestamp":"2026-01-01T00:10:56.342311Z","level":"info","event":"    raise error_class(parsed_response, operation_name)","logger":"task.stdout"}
{"timestamp":"2026-01-01T00:10:56.342422Z","level":"info","event":"          │           │                └ 'HeadObject'","logger":"task.stdout"}
{"timestamp":"2026-01-01T00:10:56.342522Z","level":"info","event":"          │           └ {'Error': {'Code': '403', 'Message': 'Forbidden'}, 'ResponseMetadata': {'RequestId': 'ZZB6QW00TWC26MB4', 'HostId': 'UXrGsyJxd...","logger":"task.stdout"}
{"timestamp":"2026-01-01T00:10:56.342714Z","level":"info","event":"          └ <class 'botocore.exceptions.ClientError'>","logger":"task.stdout"}
{"timestamp":"2026-01-01T00:10:56.342816Z","level":"info","event":"","logger":"task.stdout"}
{"timestamp":"2026-01-01T00:10:56.342905Z","level":"info","event":"botocore.exceptions.ClientError: An error occurred (403) when calling the HeadObject operation: Forbidden","logger":"task.stdout"}
{"timestamp":"2026-01-01T00:10:56.744061Z","level":"info","event":"2026-01-01 00:10:56 | ERROR | S3 head_object failed | flow=IMTS year=2005 key=imf/IMTS/year=2005/IMTS_2005.csv","logger":"task.stdout"}
{"timestamp":"2026-01-01T00:10:56.749336Z","level":"info","event":"Traceback (most recent call last):","logger":"task.stdout"}
{"timestamp":"2026-01-01T00:10:56.749608Z","level":"info","event":"","logger":"task.stdout"}
{"timestamp":"2026-01-01T00:10:56.749735Z","level":"info","event":"  File \"/usr/python/lib/python3.12/threading.py\", line 1032, in _bootstrap","logger":"task.stdout"}
{"timestamp":"2026-01-01T00:10:56.749854Z","level":"info","event":"    self._bootstrap_inner()","logger":"task.stdout"}
{"timestamp":"2026-01-01T00:10:56.749962Z","level":"info","event":"    │    └ <function Thread._bootstrap_inner at 0xffff99068f40>","logger":"task.stdout"}
{"timestamp":"2026-01-01T00:10:56.750065Z","level":"info","event":"    └ <Thread(ThreadPoolExecutor-1_0, started 281472806220128)>","logger":"task.stdout"}
{"timestamp":"2026-01-01T00:10:56.750159Z","level":"info","event":"  File \"/usr/python/lib/python3.12/threading.py\", line 1075, in _bootstrap_inner","logger":"task.stdout"}
{"timestamp":"2026-01-01T00:10:56.753289Z","level":"info","event":"    self.run()","logger":"task.stdout"}
{"timestamp":"2026-01-01T00:10:56.753467Z","level":"info","event":"    │    └ <function Thread.run at 0xffff99068c20>","logger":"task.stdout"}
{"timestamp":"2026-01-01T00:10:56.753591Z","level":"info","event":"    └ <Thread(ThreadPoolExecutor-1_0, started 281472806220128)>","logger":"task.stdout"}
{"timestamp":"2026-01-01T00:10:56.753701Z","level":"info","event":"  File \"/usr/python/lib/python3.12/threading.py\", line 1012, in run","logger":"task.stdout"}
{"timestamp":"2026-01-01T00:10:56.753810Z","level":"info","event":"    self._target(*self._args, **self._kwargs)","logger":"task.stdout"}
{"timestamp":"2026-01-01T00:10:56.754018Z","level":"info","event":"    │    │        │    │        │    └ {}","logger":"task.stdout"}
{"timestamp":"2026-01-01T00:10:56.754135Z","level":"info","event":"    │    │        │    │        └ <Thread(ThreadPoolExecutor-1_0, started 281472806220128)>","logger":"task.stdout"}
{"timestamp":"2026-01-01T00:10:56.754296Z","level":"info","event":"    │    │        │    └ (<weakref at 0xffff90350ef0; to 'ThreadPoolExecutor' at 0xffff86d3eb70>, <_queue.SimpleQueue object at 0xffff712e3b00>, None,...","logger":"task.stdout"}
{"timestamp":"2026-01-01T00:10:56.754410Z","level":"info","event":"    │    │        └ <Thread(ThreadPoolExecutor-1_0, started 281472806220128)>","logger":"task.stdout"}
{"timestamp":"2026-01-01T00:10:56.754515Z","level":"info","event":"    │    └ <function _worker at 0xffff937a1c60>","logger":"task.stdout"}
{"timestamp":"2026-01-01T00:10:56.754605Z","level":"info","event":"    └ <Thread(ThreadPoolExecutor-1_0, started 281472806220128)>","logger":"task.stdout"}
{"timestamp":"2026-01-01T00:10:56.754699Z","level":"info","event":"  File \"/usr/python/lib/python3.12/concurrent/futures/thread.py\", line 93, in _worker","logger":"task.stdout"}
{"timestamp":"2026-01-01T00:10:56.754791Z","level":"info","event":"    work_item.run()","logger":"task.stdout"}
{"timestamp":"2026-01-01T00:10:56.754880Z","level":"info","event":"    │         └ <function _WorkItem.run at 0xffff937a1da0>","logger":"task.stdout"}
{"timestamp":"2026-01-01T00:10:56.754967Z","level":"info","event":"    └ <concurrent.futures.thread._WorkItem object at 0xffff704685c0>","logger":"task.stdout"}
{"timestamp":"2026-01-01T00:10:56.755052Z","level":"info","event":"  File \"/usr/python/lib/python3.12/concurrent/futures/thread.py\", line 59, in run","logger":"task.stdout"}
{"timestamp":"2026-01-01T00:10:56.755205Z","level":"info","event":"    result = self.fn(*self.args, **self.kwargs)","logger":"task.stdout"}
{"timestamp":"2026-01-01T00:10:56.755355Z","level":"info","event":"             │    │   │    │       │    └ {}","logger":"task.stdout"}
{"timestamp":"2026-01-01T00:10:56.755499Z","level":"info","event":"             │    │   │    │       └ <concurrent.futures.thread._WorkItem object at 0xffff704685c0>","logger":"task.stdout"}
{"timestamp":"2026-01-01T00:10:56.755606Z","level":"info","event":"             │    │   │    └ ([('process_flow_year_chunk-c6c8e3c0-cded-4db4-afab-c224f66979da', (<Task 'process_flow_year_chunk-c6c8e3c0-cded-4db4-afab-c2...","logger":"task.stdout"}
{"timestamp":"2026-01-01T00:10:56.755706Z","level":"info","event":"             │    │   └ <concurrent.futures.thread._WorkItem object at 0xffff704685c0>","logger":"task.stdout"}
{"timestamp":"2026-01-01T00:10:56.755801Z","level":"info","event":"             │    └ <function batch_execute_tasks at 0xffff8d561d00>","logger":"task.stdout"}
{"timestamp":"2026-01-01T00:10:56.755890Z","level":"info","event":"             └ <concurrent.futures.thread._WorkItem object at 0xffff704685c0>","logger":"task.stdout"}
{"timestamp":"2026-01-01T00:10:56.755982Z","level":"info","event":"  File \"/home/airflow/.local/lib/python3.12/site-packages/dask/local.py\", line 270, in batch_execute_tasks","logger":"task.stdout"}
{"timestamp":"2026-01-01T00:10:56.756080Z","level":"info","event":"    return [execute_task(*a) for a in it]","logger":"task.stdout"}
{"timestamp":"2026-01-01T00:10:56.756185Z","level":"info","event":"            │             │      │    └ [('process_flow_year_chunk-c6c8e3c0-cded-4db4-afab-c224f66979da', (<Task 'process_flow_year_chunk-c6c8e3c0-cded-4db4-afab-c22...","logger":"task.stdout"}
{"timestamp":"2026-01-01T00:10:56.756300Z","level":"info","event":"            │             │      └ ('process_flow_year_chunk-c6c8e3c0-cded-4db4-afab-c224f66979da', (<Task 'process_flow_year_chunk-c6c8e3c0-cded-4db4-afab-c224...","logger":"task.stdout"}
{"timestamp":"2026-01-01T00:10:56.756431Z","level":"info","event":"            │             └ ('process_flow_year_chunk-c6c8e3c0-cded-4db4-afab-c224f66979da', (<Task 'process_flow_year_chunk-c6c8e3c0-cded-4db4-afab-c224...","logger":"task.stdout"}
{"timestamp":"2026-01-01T00:10:56.756548Z","level":"info","event":"            └ <function execute_task at 0xffff8d561c60>","logger":"task.stdout"}
{"timestamp":"2026-01-01T00:10:56.756655Z","level":"info","event":"  File \"/home/airflow/.local/lib/python3.12/site-packages/dask/local.py\", line 256, in execute_task","logger":"task.stdout"}
{"timestamp":"2026-01-01T00:10:56.756759Z","level":"info","event":"    result = task(data)","logger":"task.stdout"}
{"timestamp":"2026-01-01T00:10:56.756994Z","level":"info","event":"             │    └ {}","logger":"task.stdout"}
{"timestamp":"2026-01-01T00:10:56.757143Z","level":"info","event":"             └ <Task 'process_flow_year_chunk-c6c8e3c0-cded-4db4-afab-c224f66979da' process_flow_year_chunk(...)>","logger":"task.stdout"}
{"timestamp":"2026-01-01T00:10:56.757281Z","level":"info","event":"  File \"/home/airflow/.local/lib/python3.12/site-packages/dask/_task_spec.py\", line 759, in __call__","logger":"task.stdout"}
{"timestamp":"2026-01-01T00:10:56.757390Z","level":"info","event":"    return self.func(*new_argspec)","logger":"task.stdout"}
{"timestamp":"2026-01-01T00:10:56.757495Z","level":"info","event":"           │    │     └ ('IMTS', 'IMF.STA,IMTS,latest', [2003, 2004, 2005, 2006, 2007], IMFConfig(key='all', sub_key='all', base_url='https://api.imf...","logger":"task.stdout"}
{"timestamp":"2026-01-01T00:10:56.757600Z","level":"info","event":"           │    └ <member 'func' of 'Task' objects>","logger":"task.stdout"}
{"timestamp":"2026-01-01T00:10:56.757704Z","level":"info","event":"           └ <Task 'process_flow_year_chunk-c6c8e3c0-cded-4db4-afab-c224f66979da' process_flow_year_chunk(...)>","logger":"task.stdout"}
{"timestamp":"2026-01-01T00:10:56.757891Z","level":"info","event":"","logger":"task.stdout"}
{"timestamp":"2026-01-01T00:10:56.757998Z","level":"info","event":"> File \"/opt/airflow/dags/pipelines/imf/pipeline.py\", line 54, in process_flow_year_chunk","logger":"task.stdout"}
{"timestamp":"2026-01-01T00:10:56.758094Z","level":"info","event":"    if s3_object_exists(s3_cfg.bucket, s3_key, s3_cfg.region):","logger":"task.stdout"}
{"timestamp":"2026-01-01T00:10:56.758190Z","level":"info","event":"       │                │      │       │       │      └ 'eu-west-1'","logger":"task.stdout"}
{"timestamp":"2026-01-01T00:10:56.759193Z","level":"info","event":"       │                │      │       │       └ S3Config(bucket='personal-projectbucket', prefix='imf', region='eu-west-1')","logger":"task.stdout"}
{"timestamp":"2026-01-01T00:10:56.759747Z","level":"info","event":"       │                │      │       └ 'imf/IMTS/year=2005/IMTS_2005.csv'","logger":"task.stdout"}
{"timestamp":"2026-01-01T00:10:56.852537Z","level":"info","event":"       │                │      └ 'personal-projectbucket'","logger":"task.stdout"}
{"timestamp":"2026-01-01T00:10:56.855518Z","level":"info","event":"       │                └ S3Config(bucket='personal-projectbucket', prefix='imf', region='eu-west-1')","logger":"task.stdout"}
{"timestamp":"2026-01-01T00:10:56.856307Z","level":"info","event":"       └ <function s3_object_exists at 0xffff8cfba7a0>","logger":"task.stdout"}
{"timestamp":"2026-01-01T00:10:56.856536Z","level":"info","event":"","logger":"task.stdout"}
{"timestamp":"2026-01-01T00:10:56.856673Z","level":"info","event":"  File \"/opt/airflow/dags/pipelines/common/s3_utils.py\", line 29, in s3_object_exists","logger":"task.stdout"}
{"timestamp":"2026-01-01T00:10:56.856794Z","level":"info","event":"    s3.head_object(Bucket=bucket, Key=key)","logger":"task.stdout"}
{"timestamp":"2026-01-01T00:10:56.856941Z","level":"info","event":"    │  │                  │           └ 'imf/IMTS/year=2005/IMTS_2005.csv'","logger":"task.stdout"}
{"timestamp":"2026-01-01T00:10:56.861467Z","level":"info","event":"    │  │                  └ 'personal-projectbucket'","logger":"task.stdout"}
{"timestamp":"2026-01-01T00:10:56.862343Z","level":"info","event":"    │  └ <function ClientCreator._create_api_method.<locals>._api_call at 0xffff71310680>","logger":"task.stdout"}
{"timestamp":"2026-01-01T00:10:56.862689Z","level":"info","event":"    └ <botocore.client.S3 object at 0xffff717a79e0>","logger":"task.stdout"}
{"timestamp":"2026-01-01T00:10:56.862955Z","level":"info","event":"","logger":"task.stdout"}
{"timestamp":"2026-01-01T00:10:56.863162Z","level":"info","event":"  File \"/home/airflow/.local/lib/python3.12/site-packages/botocore/client.py\", line 602, in _api_call","logger":"task.stdout"}
{"timestamp":"2026-01-01T00:10:56.863448Z","level":"info","event":"    return self._make_api_call(operation_name, kwargs)","logger":"task.stdout"}
{"timestamp":"2026-01-01T00:10:56.863666Z","level":"info","event":"           │    │              │               └ {'Bucket': 'personal-projectbucket', 'Key': 'imf/IMTS/year=2005/IMTS_2005.csv'}","logger":"task.stdout"}
{"timestamp":"2026-01-01T00:10:56.863831Z","level":"info","event":"           │    │              └ 'HeadObject'","logger":"task.stdout"}
{"timestamp":"2026-01-01T00:10:56.863995Z","level":"info","event":"           │    └ <function BaseClient._make_api_call at 0xffff8cf3b060>","logger":"task.stdout"}
{"timestamp":"2026-01-01T00:10:56.864137Z","level":"info","event":"           └ <botocore.client.S3 object at 0xffff717a79e0>","logger":"task.stdout"}
{"timestamp":"2026-01-01T00:10:56.864292Z","level":"info","event":"  File \"/home/airflow/.local/lib/python3.12/site-packages/botocore/context.py\", line 123, in wrapper","logger":"task.stdout"}
{"timestamp":"2026-01-01T00:10:56.864422Z","level":"info","event":"    return func(*args, **kwargs)","logger":"task.stdout"}
{"timestamp":"2026-01-01T00:10:56.867361Z","level":"info","event":"           │     │       └ {}","logger":"task.stdout"}
{"timestamp":"2026-01-01T00:10:56.867715Z","level":"info","event":"           │     └ (<botocore.client.S3 object at 0xffff717a79e0>, 'HeadObject', {'Bucket': 'personal-projectbucket', 'Key': 'imf/IMTS/year=2005...","logger":"task.stdout"}
{"timestamp":"2026-01-01T00:10:56.867867Z","level":"info","event":"           └ <function BaseClient._make_api_call at 0xffff8cf3afc0>","logger":"task.stdout"}
{"timestamp":"2026-01-01T00:10:56.867984Z","level":"info","event":"  File \"/home/airflow/.local/lib/python3.12/site-packages/botocore/client.py\", line 1078, in _make_api_call","logger":"task.stdout"}
{"timestamp":"2026-01-01T00:10:56.868098Z","level":"info","event":"    raise error_class(parsed_response, operation_name)","logger":"task.stdout"}
{"timestamp":"2026-01-01T00:10:56.868463Z","level":"info","event":"          │           │                └ 'HeadObject'","logger":"task.stdout"}
{"timestamp":"2026-01-01T00:10:56.868732Z","level":"info","event":"          │           └ {'Error': {'Code': '403', 'Message': 'Forbidden'}, 'ResponseMetadata': {'RequestId': 'ZZBECZGK3ZBES4XF', 'HostId': 'g/ZrAdsca...","logger":"task.stdout"}
{"timestamp":"2026-01-01T00:10:56.868853Z","level":"info","event":"          └ <class 'botocore.exceptions.ClientError'>","logger":"task.stdout"}
{"timestamp":"2026-01-01T00:10:56.868978Z","level":"info","event":"","logger":"task.stdout"}
{"timestamp":"2026-01-01T00:10:56.869102Z","level":"info","event":"botocore.exceptions.ClientError: An error occurred (403) when calling the HeadObject operation: Forbidden","logger":"task.stdout"}
{"timestamp":"2026-01-01T00:10:58.835136Z","level":"info","event":"2026-01-01 00:10:58 | ERROR | S3 head_object failed | flow=IMTS year=2006 key=imf/IMTS/year=2006/IMTS_2006.csv","logger":"task.stdout"}
{"timestamp":"2026-01-01T00:10:58.836498Z","level":"info","event":"Traceback (most recent call last):","logger":"task.stdout"}
{"timestamp":"2026-01-01T00:10:58.838043Z","level":"info","event":"","logger":"task.stdout"}
{"timestamp":"2026-01-01T00:10:58.838450Z","level":"info","event":"  File \"/usr/python/lib/python3.12/threading.py\", line 1032, in _bootstrap","logger":"task.stdout"}
{"timestamp":"2026-01-01T00:10:58.838728Z","level":"info","event":"    self._bootstrap_inner()","logger":"task.stdout"}
{"timestamp":"2026-01-01T00:10:58.838926Z","level":"info","event":"    │    └ <function Thread._bootstrap_inner at 0xffff99068f40>","logger":"task.stdout"}
{"timestamp":"2026-01-01T00:10:58.839061Z","level":"info","event":"    └ <Thread(ThreadPoolExecutor-1_0, started 281472806220128)>","logger":"task.stdout"}
{"timestamp":"2026-01-01T00:10:58.839208Z","level":"info","event":"  File \"/usr/python/lib/python3.12/threading.py\", line 1075, in _bootstrap_inner","logger":"task.stdout"}
{"timestamp":"2026-01-01T00:10:58.839399Z","level":"info","event":"    self.run()","logger":"task.stdout"}
{"timestamp":"2026-01-01T00:10:58.839564Z","level":"info","event":"    │    └ <function Thread.run at 0xffff99068c20>","logger":"task.stdout"}
{"timestamp":"2026-01-01T00:10:58.839756Z","level":"info","event":"    └ <Thread(ThreadPoolExecutor-1_0, started 281472806220128)>","logger":"task.stdout"}
{"timestamp":"2026-01-01T00:10:58.839997Z","level":"info","event":"  File \"/usr/python/lib/python3.12/threading.py\", line 1012, in run","logger":"task.stdout"}
{"timestamp":"2026-01-01T00:10:58.840136Z","level":"info","event":"    self._target(*self._args, **self._kwargs)","logger":"task.stdout"}
{"timestamp":"2026-01-01T00:10:58.840300Z","level":"info","event":"    │    │        │    │        │    └ {}","logger":"task.stdout"}
{"timestamp":"2026-01-01T00:10:58.840431Z","level":"info","event":"    │    │        │    │        └ <Thread(ThreadPoolExecutor-1_0, started 281472806220128)>","logger":"task.stdout"}
{"timestamp":"2026-01-01T00:10:58.840579Z","level":"info","event":"    │    │        │    └ (<weakref at 0xffff90350ef0; to 'ThreadPoolExecutor' at 0xffff86d3eb70>, <_queue.SimpleQueue object at 0xffff712e3b00>, None,...","logger":"task.stdout"}
{"timestamp":"2026-01-01T00:10:58.840826Z","level":"info","event":"    │    │        └ <Thread(ThreadPoolExecutor-1_0, started 281472806220128)>","logger":"task.stdout"}
{"timestamp":"2026-01-01T00:10:58.840989Z","level":"info","event":"    │    └ <function _worker at 0xffff937a1c60>","logger":"task.stdout"}
{"timestamp":"2026-01-01T00:10:58.841122Z","level":"info","event":"    └ <Thread(ThreadPoolExecutor-1_0, started 281472806220128)>","logger":"task.stdout"}
{"timestamp":"2026-01-01T00:10:58.841302Z","level":"info","event":"  File \"/usr/python/lib/python3.12/concurrent/futures/thread.py\", line 93, in _worker","logger":"task.stdout"}
{"timestamp":"2026-01-01T00:10:58.841483Z","level":"info","event":"    work_item.run()","logger":"task.stdout"}
{"timestamp":"2026-01-01T00:10:58.841649Z","level":"info","event":"    │         └ <function _WorkItem.run at 0xffff937a1da0>","logger":"task.stdout"}
{"timestamp":"2026-01-01T00:10:58.841815Z","level":"info","event":"    └ <concurrent.futures.thread._WorkItem object at 0xffff704685c0>","logger":"task.stdout"}
{"timestamp":"2026-01-01T00:10:58.842013Z","level":"info","event":"  File \"/usr/python/lib/python3.12/concurrent/futures/thread.py\", line 59, in run","logger":"task.stdout"}
{"timestamp":"2026-01-01T00:10:58.842149Z","level":"info","event":"    result = self.fn(*self.args, **self.kwargs)","logger":"task.stdout"}
{"timestamp":"2026-01-01T00:10:58.842308Z","level":"info","event":"             │    │   │    │       │    └ {}","logger":"task.stdout"}
{"timestamp":"2026-01-01T00:10:58.842466Z","level":"info","event":"             │    │   │    │       └ <concurrent.futures.thread._WorkItem object at 0xffff704685c0>","logger":"task.stdout"}
{"timestamp":"2026-01-01T00:10:58.842627Z","level":"info","event":"             │    │   │    └ ([('process_flow_year_chunk-c6c8e3c0-cded-4db4-afab-c224f66979da', (<Task 'process_flow_year_chunk-c6c8e3c0-cded-4db4-afab-c2...","logger":"task.stdout"}
{"timestamp":"2026-01-01T00:10:58.842778Z","level":"info","event":"             │    │   └ <concurrent.futures.thread._WorkItem object at 0xffff704685c0>","logger":"task.stdout"}
{"timestamp":"2026-01-01T00:10:58.842942Z","level":"info","event":"             │    └ <function batch_execute_tasks at 0xffff8d561d00>","logger":"task.stdout"}
{"timestamp":"2026-01-01T00:10:58.843096Z","level":"info","event":"             └ <concurrent.futures.thread._WorkItem object at 0xffff704685c0>","logger":"task.stdout"}
{"timestamp":"2026-01-01T00:10:58.843291Z","level":"info","event":"  File \"/home/airflow/.local/lib/python3.12/site-packages/dask/local.py\", line 270, in batch_execute_tasks","logger":"task.stdout"}
{"timestamp":"2026-01-01T00:10:58.843522Z","level":"info","event":"    return [execute_task(*a) for a in it]","logger":"task.stdout"}
{"timestamp":"2026-01-01T00:10:58.843696Z","level":"info","event":"            │             │      │    └ [('process_flow_year_chunk-c6c8e3c0-cded-4db4-afab-c224f66979da', (<Task 'process_flow_year_chunk-c6c8e3c0-cded-4db4-afab-c22...","logger":"task.stdout"}
{"timestamp":"2026-01-01T00:10:58.843854Z","level":"info","event":"            │             │      └ ('process_flow_year_chunk-c6c8e3c0-cded-4db4-afab-c224f66979da', (<Task 'process_flow_year_chunk-c6c8e3c0-cded-4db4-afab-c224...","logger":"task.stdout"}
{"timestamp":"2026-01-01T00:10:58.844028Z","level":"info","event":"            │             └ ('process_flow_year_chunk-c6c8e3c0-cded-4db4-afab-c224f66979da', (<Task 'process_flow_year_chunk-c6c8e3c0-cded-4db4-afab-c224...","logger":"task.stdout"}
{"timestamp":"2026-01-01T00:10:58.844201Z","level":"info","event":"            └ <function execute_task at 0xffff8d561c60>","logger":"task.stdout"}
{"timestamp":"2026-01-01T00:10:58.844388Z","level":"info","event":"  File \"/home/airflow/.local/lib/python3.12/site-packages/dask/local.py\", line 256, in execute_task","logger":"task.stdout"}
{"timestamp":"2026-01-01T00:10:58.844671Z","level":"info","event":"    result = task(data)","logger":"task.stdout"}
{"timestamp":"2026-01-01T00:10:58.844833Z","level":"info","event":"             │    └ {}","logger":"task.stdout"}
{"timestamp":"2026-01-01T00:10:58.844980Z","level":"info","event":"             └ <Task 'process_flow_year_chunk-c6c8e3c0-cded-4db4-afab-c224f66979da' process_flow_year_chunk(...)>","logger":"task.stdout"}
{"timestamp":"2026-01-01T00:10:58.845134Z","level":"info","event":"  File \"/home/airflow/.local/lib/python3.12/site-packages/dask/_task_spec.py\", line 759, in __call__","logger":"task.stdout"}
{"timestamp":"2026-01-01T00:10:58.845297Z","level":"info","event":"    return self.func(*new_argspec)","logger":"task.stdout"}
{"timestamp":"2026-01-01T00:10:58.845445Z","level":"info","event":"           │    │     └ ('IMTS', 'IMF.STA,IMTS,latest', [2003, 2004, 2005, 2006, 2007], IMFConfig(key='all', sub_key='all', base_url='https://api.imf...","logger":"task.stdout"}
{"timestamp":"2026-01-01T00:10:58.845619Z","level":"info","event":"           │    └ <member 'func' of 'Task' objects>","logger":"task.stdout"}
{"timestamp":"2026-01-01T00:10:58.845781Z","level":"info","event":"           └ <Task 'process_flow_year_chunk-c6c8e3c0-cded-4db4-afab-c224f66979da' process_flow_year_chunk(...)>","logger":"task.stdout"}
{"timestamp":"2026-01-01T00:10:58.845949Z","level":"info","event":"","logger":"task.stdout"}
{"timestamp":"2026-01-01T00:10:58.846121Z","level":"info","event":"> File \"/opt/airflow/dags/pipelines/imf/pipeline.py\", line 54, in process_flow_year_chunk","logger":"task.stdout"}
{"timestamp":"2026-01-01T00:10:58.846272Z","level":"info","event":"    if s3_object_exists(s3_cfg.bucket, s3_key, s3_cfg.region):","logger":"task.stdout"}
{"timestamp":"2026-01-01T00:10:58.846399Z","level":"info","event":"       │                │      │       │       │      └ 'eu-west-1'","logger":"task.stdout"}
{"timestamp":"2026-01-01T00:10:58.846524Z","level":"info","event":"       │                │      │       │       └ S3Config(bucket='personal-projectbucket', prefix='imf', region='eu-west-1')","logger":"task.stdout"}
{"timestamp":"2026-01-01T00:10:58.846647Z","level":"info","event":"       │                │      │       └ 'imf/IMTS/year=2006/IMTS_2006.csv'","logger":"task.stdout"}
{"timestamp":"2026-01-01T00:10:58.847346Z","level":"info","event":"       │                │      └ 'personal-projectbucket'","logger":"task.stdout"}
{"timestamp":"2026-01-01T00:10:58.847534Z","level":"info","event":"       │                └ S3Config(bucket='personal-projectbucket', prefix='imf', region='eu-west-1')","logger":"task.stdout"}
{"timestamp":"2026-01-01T00:10:58.847668Z","level":"info","event":"       └ <function s3_object_exists at 0xffff8cfba7a0>","logger":"task.stdout"}
{"timestamp":"2026-01-01T00:10:58.847804Z","level":"info","event":"","logger":"task.stdout"}
{"timestamp":"2026-01-01T00:10:58.847930Z","level":"info","event":"  File \"/opt/airflow/dags/pipelines/common/s3_utils.py\", line 29, in s3_object_exists","logger":"task.stdout"}
{"timestamp":"2026-01-01T00:10:58.848061Z","level":"info","event":"    s3.head_object(Bucket=bucket, Key=key)","logger":"task.stdout"}
{"timestamp":"2026-01-01T00:10:58.848188Z","level":"info","event":"    │  │                  │           └ 'imf/IMTS/year=2006/IMTS_2006.csv'","logger":"task.stdout"}
{"timestamp":"2026-01-01T00:10:58.848366Z","level":"info","event":"    │  │                  └ 'personal-projectbucket'","logger":"task.stdout"}
{"timestamp":"2026-01-01T00:10:58.848528Z","level":"info","event":"    │  └ <function ClientCreator._create_api_method.<locals>._api_call at 0xffff71310680>","logger":"task.stdout"}
{"timestamp":"2026-01-01T00:10:58.848685Z","level":"info","event":"    └ <botocore.client.S3 object at 0xffff717a79e0>","logger":"task.stdout"}
{"timestamp":"2026-01-01T00:10:58.848866Z","level":"info","event":"","logger":"task.stdout"}
{"timestamp":"2026-01-01T00:10:58.849146Z","level":"info","event":"  File \"/home/airflow/.local/lib/python3.12/site-packages/botocore/client.py\", line 602, in _api_call","logger":"task.stdout"}
{"timestamp":"2026-01-01T00:10:58.849279Z","level":"info","event":"    return self._make_api_call(operation_name, kwargs)","logger":"task.stdout"}
{"timestamp":"2026-01-01T00:10:58.849416Z","level":"info","event":"           │    │              │               └ {'Bucket': 'personal-projectbucket', 'Key': 'imf/IMTS/year=2006/IMTS_2006.csv'}","logger":"task.stdout"}
{"timestamp":"2026-01-01T00:10:58.849555Z","level":"info","event":"           │    │              └ 'HeadObject'","logger":"task.stdout"}
{"timestamp":"2026-01-01T00:10:58.849701Z","level":"info","event":"           │    └ <function BaseClient._make_api_call at 0xffff8cf3b060>","logger":"task.stdout"}
{"timestamp":"2026-01-01T00:10:58.849838Z","level":"info","event":"           └ <botocore.client.S3 object at 0xffff717a79e0>","logger":"task.stdout"}
{"timestamp":"2026-01-01T00:10:58.849973Z","level":"info","event":"  File \"/home/airflow/.local/lib/python3.12/site-packages/botocore/context.py\", line 123, in wrapper","logger":"task.stdout"}
{"timestamp":"2026-01-01T00:10:58.850106Z","level":"info","event":"    return func(*args, **kwargs)","logger":"task.stdout"}
{"timestamp":"2026-01-01T00:10:58.850267Z","level":"info","event":"           │     │       └ {}","logger":"task.stdout"}
{"timestamp":"2026-01-01T00:10:58.850399Z","level":"info","event":"           │     └ (<botocore.client.S3 object at 0xffff717a79e0>, 'HeadObject', {'Bucket': 'personal-projectbucket', 'Key': 'imf/IMTS/year=2006...","logger":"task.stdout"}
{"timestamp":"2026-01-01T00:10:58.850525Z","level":"info","event":"           └ <function BaseClient._make_api_call at 0xffff8cf3afc0>","logger":"task.stdout"}
{"timestamp":"2026-01-01T00:10:58.850675Z","level":"info","event":"  File \"/home/airflow/.local/lib/python3.12/site-packages/botocore/client.py\", line 1078, in _make_api_call","logger":"task.stdout"}
{"timestamp":"2026-01-01T00:10:58.850835Z","level":"info","event":"    raise error_class(parsed_response, operation_name)","logger":"task.stdout"}
{"timestamp":"2026-01-01T00:10:58.850968Z","level":"info","event":"          │           │                └ 'HeadObject'","logger":"task.stdout"}
{"timestamp":"2026-01-01T00:10:58.851100Z","level":"info","event":"          │           └ {'Error': {'Code': '403', 'Message': 'Forbidden'}, 'ResponseMetadata': {'RequestId': 'SAH3KBT9BVBFWWKN', 'HostId': '9L6Ddcmy4...","logger":"task.stdout"}
{"timestamp":"2026-01-01T00:10:58.851238Z","level":"info","event":"          └ <class 'botocore.exceptions.ClientError'>","logger":"task.stdout"}
{"timestamp":"2026-01-01T00:10:58.851390Z","level":"info","event":"","logger":"task.stdout"}
{"timestamp":"2026-01-01T00:10:58.851530Z","level":"info","event":"botocore.exceptions.ClientError: An error occurred (403) when calling the HeadObject operation: Forbidden","logger":"task.stdout"}
{"timestamp":"2026-01-01T00:10:59.257922Z","level":"info","event":"2026-01-01 00:10:59 | ERROR | S3 head_object failed | flow=IMTS year=2007 key=imf/IMTS/year=2007/IMTS_2007.csv","logger":"task.stdout"}
{"timestamp":"2026-01-01T00:10:59.258571Z","level":"info","event":"Traceback (most recent call last):","logger":"task.stdout"}
{"timestamp":"2026-01-01T00:10:59.258800Z","level":"info","event":"","logger":"task.stdout"}
{"timestamp":"2026-01-01T00:10:59.258957Z","level":"info","event":"  File \"/usr/python/lib/python3.12/threading.py\", line 1032, in _bootstrap","logger":"task.stdout"}
{"timestamp":"2026-01-01T00:10:59.259061Z","level":"info","event":"    self._bootstrap_inner()","logger":"task.stdout"}
{"timestamp":"2026-01-01T00:10:59.259173Z","level":"info","event":"    │    └ <function Thread._bootstrap_inner at 0xffff99068f40>","logger":"task.stdout"}
{"timestamp":"2026-01-01T00:10:59.259266Z","level":"info","event":"    └ <Thread(ThreadPoolExecutor-1_0, started 281472806220128)>","logger":"task.stdout"}
{"timestamp":"2026-01-01T00:10:59.259435Z","level":"info","event":"  File \"/usr/python/lib/python3.12/threading.py\", line 1075, in _bootstrap_inner","logger":"task.stdout"}
{"timestamp":"2026-01-01T00:10:59.259605Z","level":"info","event":"    self.run()","logger":"task.stdout"}
{"timestamp":"2026-01-01T00:10:59.259768Z","level":"info","event":"    │    └ <function Thread.run at 0xffff99068c20>","logger":"task.stdout"}
{"timestamp":"2026-01-01T00:10:59.259884Z","level":"info","event":"    └ <Thread(ThreadPoolExecutor-1_0, started 281472806220128)>","logger":"task.stdout"}
{"timestamp":"2026-01-01T00:10:59.259990Z","level":"info","event":"  File \"/usr/python/lib/python3.12/threading.py\", line 1012, in run","logger":"task.stdout"}
{"timestamp":"2026-01-01T00:10:59.260087Z","level":"info","event":"    self._target(*self._args, **self._kwargs)","logger":"task.stdout"}
{"timestamp":"2026-01-01T00:10:59.260230Z","level":"info","event":"    │    │        │    │        │    └ {}","logger":"task.stdout"}
{"timestamp":"2026-01-01T00:10:59.260362Z","level":"info","event":"    │    │        │    │        └ <Thread(ThreadPoolExecutor-1_0, started 281472806220128)>","logger":"task.stdout"}
{"timestamp":"2026-01-01T00:10:59.260458Z","level":"info","event":"    │    │        │    └ (<weakref at 0xffff90350ef0; to 'ThreadPoolExecutor' at 0xffff86d3eb70>, <_queue.SimpleQueue object at 0xffff712e3b00>, None,...","logger":"task.stdout"}
{"timestamp":"2026-01-01T00:10:59.260582Z","level":"info","event":"    │    │        └ <Thread(ThreadPoolExecutor-1_0, started 281472806220128)>","logger":"task.stdout"}
{"timestamp":"2026-01-01T00:10:59.260710Z","level":"info","event":"    │    └ <function _worker at 0xffff937a1c60>","logger":"task.stdout"}
{"timestamp":"2026-01-01T00:10:59.260851Z","level":"info","event":"    └ <Thread(ThreadPoolExecutor-1_0, started 281472806220128)>","logger":"task.stdout"}
{"timestamp":"2026-01-01T00:10:59.260998Z","level":"info","event":"  File \"/usr/python/lib/python3.12/concurrent/futures/thread.py\", line 93, in _worker","logger":"task.stdout"}
{"timestamp":"2026-01-01T00:10:59.261126Z","level":"info","event":"    work_item.run()","logger":"task.stdout"}
{"timestamp":"2026-01-01T00:10:59.261279Z","level":"info","event":"    │         └ <function _WorkItem.run at 0xffff937a1da0>","logger":"task.stdout"}
{"timestamp":"2026-01-01T00:10:59.261431Z","level":"info","event":"    └ <concurrent.futures.thread._WorkItem object at 0xffff704685c0>","logger":"task.stdout"}
{"timestamp":"2026-01-01T00:10:59.261534Z","level":"info","event":"  File \"/usr/python/lib/python3.12/concurrent/futures/thread.py\", line 59, in run","logger":"task.stdout"}
{"timestamp":"2026-01-01T00:10:59.261660Z","level":"info","event":"    result = self.fn(*self.args, **self.kwargs)","logger":"task.stdout"}
{"timestamp":"2026-01-01T00:10:59.261803Z","level":"info","event":"             │    │   │    │       │    └ {}","logger":"task.stdout"}
{"timestamp":"2026-01-01T00:10:59.261930Z","level":"info","event":"             │    │   │    │       └ <concurrent.futures.thread._WorkItem object at 0xffff704685c0>","logger":"task.stdout"}
{"timestamp":"2026-01-01T00:10:59.262072Z","level":"info","event":"             │    │   │    └ ([('process_flow_year_chunk-c6c8e3c0-cded-4db4-afab-c224f66979da', (<Task 'process_flow_year_chunk-c6c8e3c0-cded-4db4-afab-c2...","logger":"task.stdout"}
{"timestamp":"2026-01-01T00:10:59.262182Z","level":"info","event":"             │    │   └ <concurrent.futures.thread._WorkItem object at 0xffff704685c0>","logger":"task.stdout"}
{"timestamp":"2026-01-01T00:10:59.262286Z","level":"info","event":"             │    └ <function batch_execute_tasks at 0xffff8d561d00>","logger":"task.stdout"}
{"timestamp":"2026-01-01T00:10:59.262393Z","level":"info","event":"             └ <concurrent.futures.thread._WorkItem object at 0xffff704685c0>","logger":"task.stdout"}
{"timestamp":"2026-01-01T00:10:59.262585Z","level":"info","event":"  File \"/home/airflow/.local/lib/python3.12/site-packages/dask/local.py\", line 270, in batch_execute_tasks","logger":"task.stdout"}
{"timestamp":"2026-01-01T00:10:59.262706Z","level":"info","event":"    return [execute_task(*a) for a in it]","logger":"task.stdout"}
{"timestamp":"2026-01-01T00:10:59.262874Z","level":"info","event":"            │             │      │    └ [('process_flow_year_chunk-c6c8e3c0-cded-4db4-afab-c224f66979da', (<Task 'process_flow_year_chunk-c6c8e3c0-cded-4db4-afab-c22...","logger":"task.stdout"}
{"timestamp":"2026-01-01T00:10:59.263062Z","level":"info","event":"            │             │      └ ('process_flow_year_chunk-c6c8e3c0-cded-4db4-afab-c224f66979da', (<Task 'process_flow_year_chunk-c6c8e3c0-cded-4db4-afab-c224...","logger":"task.stdout"}
{"timestamp":"2026-01-01T00:10:59.263786Z","level":"info","event":"            │             └ ('process_flow_year_chunk-c6c8e3c0-cded-4db4-afab-c224f66979da', (<Task 'process_flow_year_chunk-c6c8e3c0-cded-4db4-afab-c224...","logger":"task.stdout"}
{"timestamp":"2026-01-01T00:10:59.263946Z","level":"info","event":"            └ <function execute_task at 0xffff8d561c60>","logger":"task.stdout"}
{"timestamp":"2026-01-01T00:10:59.264099Z","level":"info","event":"  File \"/home/airflow/.local/lib/python3.12/site-packages/dask/local.py\", line 256, in execute_task","logger":"task.stdout"}
{"timestamp":"2026-01-01T00:10:59.264270Z","level":"info","event":"    result = task(data)","logger":"task.stdout"}
{"timestamp":"2026-01-01T00:10:59.264395Z","level":"info","event":"             │    └ {}","logger":"task.stdout"}
{"timestamp":"2026-01-01T00:10:59.264519Z","level":"info","event":"             └ <Task 'process_flow_year_chunk-c6c8e3c0-cded-4db4-afab-c224f66979da' process_flow_year_chunk(...)>","logger":"task.stdout"}
{"timestamp":"2026-01-01T00:10:59.264660Z","level":"info","event":"  File \"/home/airflow/.local/lib/python3.12/site-packages/dask/_task_spec.py\", line 759, in __call__","logger":"task.stdout"}
{"timestamp":"2026-01-01T00:10:59.264793Z","level":"info","event":"    return self.func(*new_argspec)","logger":"task.stdout"}
{"timestamp":"2026-01-01T00:10:59.264998Z","level":"info","event":"           │    │     └ ('IMTS', 'IMF.STA,IMTS,latest', [2003, 2004, 2005, 2006, 2007], IMFConfig(key='all', sub_key='all', base_url='https://api.imf...","logger":"task.stdout"}
{"timestamp":"2026-01-01T00:10:59.265158Z","level":"info","event":"           │    └ <member 'func' of 'Task' objects>","logger":"task.stdout"}
{"timestamp":"2026-01-01T00:10:59.265425Z","level":"info","event":"           └ <Task 'process_flow_year_chunk-c6c8e3c0-cded-4db4-afab-c224f66979da' process_flow_year_chunk(...)>","logger":"task.stdout"}
{"timestamp":"2026-01-01T00:10:59.265611Z","level":"info","event":"","logger":"task.stdout"}
{"timestamp":"2026-01-01T00:10:59.265876Z","level":"info","event":"> File \"/opt/airflow/dags/pipelines/imf/pipeline.py\", line 54, in process_flow_year_chunk","logger":"task.stdout"}
{"timestamp":"2026-01-01T00:10:59.266082Z","level":"info","event":"    if s3_object_exists(s3_cfg.bucket, s3_key, s3_cfg.region):","logger":"task.stdout"}
{"timestamp":"2026-01-01T00:10:59.266269Z","level":"info","event":"       │                │      │       │       │      └ 'eu-west-1'","logger":"task.stdout"}
{"timestamp":"2026-01-01T00:10:59.266423Z","level":"info","event":"       │                │      │       │       └ S3Config(bucket='personal-projectbucket', prefix='imf', region='eu-west-1')","logger":"task.stdout"}
{"timestamp":"2026-01-01T00:10:59.266519Z","level":"info","event":"       │                │      │       └ 'imf/IMTS/year=2007/IMTS_2007.csv'","logger":"task.stdout"}
{"timestamp":"2026-01-01T00:10:59.266738Z","level":"info","event":"       │                │      └ 'personal-projectbucket'","logger":"task.stdout"}
{"timestamp":"2026-01-01T00:10:59.266860Z","level":"info","event":"       │                └ S3Config(bucket='personal-projectbucket', prefix='imf', region='eu-west-1')","logger":"task.stdout"}
{"timestamp":"2026-01-01T00:10:59.267239Z","level":"info","event":"       └ <function s3_object_exists at 0xffff8cfba7a0>","logger":"task.stdout"}
{"timestamp":"2026-01-01T00:10:59.267428Z","level":"info","event":"","logger":"task.stdout"}
{"timestamp":"2026-01-01T00:10:59.267624Z","level":"info","event":"  File \"/opt/airflow/dags/pipelines/common/s3_utils.py\", line 29, in s3_object_exists","logger":"task.stdout"}
{"timestamp":"2026-01-01T00:10:59.267753Z","level":"info","event":"    s3.head_object(Bucket=bucket, Key=key)","logger":"task.stdout"}
{"timestamp":"2026-01-01T00:10:59.269328Z","level":"info","event":"    │  │                  │           └ 'imf/IMTS/year=2007/IMTS_2007.csv'","logger":"task.stdout"}
{"timestamp":"2026-01-01T00:10:59.269625Z","level":"info","event":"    │  │                  └ 'personal-projectbucket'","logger":"task.stdout"}
{"timestamp":"2026-01-01T00:10:59.271385Z","level":"info","event":"    │  └ <function ClientCreator._create_api_method.<locals>._api_call at 0xffff71310680>","logger":"task.stdout"}
{"timestamp":"2026-01-01T00:10:59.273379Z","level":"info","event":"    └ <botocore.client.S3 object at 0xffff717a79e0>","logger":"task.stdout"}
{"timestamp":"2026-01-01T00:10:59.275381Z","level":"info","event":"","logger":"task.stdout"}
{"timestamp":"2026-01-01T00:10:59.277386Z","level":"info","event":"  File \"/home/airflow/.local/lib/python3.12/site-packages/botocore/client.py\", line 602, in _api_call","logger":"task.stdout"}
{"timestamp":"2026-01-01T00:10:59.277705Z","level":"info","event":"    return self._make_api_call(operation_name, kwargs)","logger":"task.stdout"}
{"timestamp":"2026-01-01T00:10:59.277837Z","level":"info","event":"           │    │              │               └ {'Bucket': 'personal-projectbucket', 'Key': 'imf/IMTS/year=2007/IMTS_2007.csv'}","logger":"task.stdout"}
{"timestamp":"2026-01-01T00:10:59.278035Z","level":"info","event":"           │    │              └ 'HeadObject'","logger":"task.stdout"}
{"timestamp":"2026-01-01T00:10:59.278204Z","level":"info","event":"           │    └ <function BaseClient._make_api_call at 0xffff8cf3b060>","logger":"task.stdout"}
{"timestamp":"2026-01-01T00:10:59.278304Z","level":"info","event":"           └ <botocore.client.S3 object at 0xffff717a79e0>","logger":"task.stdout"}
{"timestamp":"2026-01-01T00:10:59.278399Z","level":"info","event":"  File \"/home/airflow/.local/lib/python3.12/site-packages/botocore/context.py\", line 123, in wrapper","logger":"task.stdout"}
{"timestamp":"2026-01-01T00:10:59.278492Z","level":"info","event":"    return func(*args, **kwargs)","logger":"task.stdout"}
{"timestamp":"2026-01-01T00:10:59.278580Z","level":"info","event":"           │     │       └ {}","logger":"task.stdout"}
{"timestamp":"2026-01-01T00:10:59.278681Z","level":"info","event":"           │     └ (<botocore.client.S3 object at 0xffff717a79e0>, 'HeadObject', {'Bucket': 'personal-projectbucket', 'Key': 'imf/IMTS/year=2007...","logger":"task.stdout"}
{"timestamp":"2026-01-01T00:10:59.278795Z","level":"info","event":"           └ <function BaseClient._make_api_call at 0xffff8cf3afc0>","logger":"task.stdout"}
{"timestamp":"2026-01-01T00:10:59.278896Z","level":"info","event":"  File \"/home/airflow/.local/lib/python3.12/site-packages/botocore/client.py\", line 1078, in _make_api_call","logger":"task.stdout"}
{"timestamp":"2026-01-01T00:10:59.278984Z","level":"info","event":"    raise error_class(parsed_response, operation_name)","logger":"task.stdout"}
{"timestamp":"2026-01-01T00:10:59.279069Z","level":"info","event":"          │           │                └ 'HeadObject'","logger":"task.stdout"}
{"timestamp":"2026-01-01T00:10:59.279154Z","level":"info","event":"          │           └ {'Error': {'Code': '403', 'Message': 'Forbidden'}, 'ResponseMetadata': {'RequestId': 'SAH75GBR763MEBCK', 'HostId': '4hrdyM4ix...","logger":"task.stdout"}
{"timestamp":"2026-01-01T00:10:59.279243Z","level":"info","event":"          └ <class 'botocore.exceptions.ClientError'>","logger":"task.stdout"}
{"timestamp":"2026-01-01T00:10:59.279445Z","level":"info","event":"","logger":"task.stdout"}
{"timestamp":"2026-01-01T00:10:59.279535Z","level":"info","event":"botocore.exceptions.ClientError: An error occurred (403) when calling the HeadObject operation: Forbidden","logger":"task.stdout"}
{"timestamp":"2026-01-01T00:10:59.279708Z","level":"info","event":"2026-01-01 00:10:59 | WARNING | Transient HTTP error | attempt=1/5 | flow=CPI year=2014 | ChunkedEncodingError(ProtocolError('Connection broken: IncompleteRead(15585 bytes read, 799 more expected)', IncompleteRead(15585 bytes read, 799 more expected)))","logger":"task.stdout"}
{"timestamp":"2026-01-01T00:10:59.471534Z","level":"info","event":"2026-01-01 00:10:59 | ERROR | S3 head_object failed | flow=IMTS year=1998 key=imf/IMTS/year=1998/IMTS_1998.csv","logger":"task.stdout"}
{"timestamp":"2026-01-01T00:10:59.473291Z","level":"info","event":"Traceback (most recent call last):","logger":"task.stdout"}
{"timestamp":"2026-01-01T00:10:59.473449Z","level":"info","event":"","logger":"task.stdout"}
{"timestamp":"2026-01-01T00:10:59.473586Z","level":"info","event":"  File \"/usr/python/lib/python3.12/threading.py\", line 1032, in _bootstrap","logger":"task.stdout"}
{"timestamp":"2026-01-01T00:10:59.473702Z","level":"info","event":"    self._bootstrap_inner()","logger":"task.stdout"}
{"timestamp":"2026-01-01T00:10:59.473804Z","level":"info","event":"    │    └ <function Thread._bootstrap_inner at 0xffff99068f40>","logger":"task.stdout"}
{"timestamp":"2026-01-01T00:10:59.473907Z","level":"info","event":"    └ <Thread(ThreadPoolExecutor-1_0, started 281472806220128)>","logger":"task.stdout"}
{"timestamp":"2026-01-01T00:10:59.474034Z","level":"info","event":"  File \"/usr/python/lib/python3.12/threading.py\", line 1075, in _bootstrap_inner","logger":"task.stdout"}
{"timestamp":"2026-01-01T00:10:59.474134Z","level":"info","event":"    self.run()","logger":"task.stdout"}
{"timestamp":"2026-01-01T00:10:59.474225Z","level":"info","event":"    │    └ <function Thread.run at 0xffff99068c20>","logger":"task.stdout"}
{"timestamp":"2026-01-01T00:10:59.474353Z","level":"info","event":"    └ <Thread(ThreadPoolExecutor-1_0, started 281472806220128)>","logger":"task.stdout"}
{"timestamp":"2026-01-01T00:10:59.474453Z","level":"info","event":"  File \"/usr/python/lib/python3.12/threading.py\", line 1012, in run","logger":"task.stdout"}
{"timestamp":"2026-01-01T00:10:59.474552Z","level":"info","event":"    self._target(*self._args, **self._kwargs)","logger":"task.stdout"}
{"timestamp":"2026-01-01T00:10:59.474646Z","level":"info","event":"    │    │        │    │        │    └ {}","logger":"task.stdout"}
{"timestamp":"2026-01-01T00:10:59.474732Z","level":"info","event":"    │    │        │    │        └ <Thread(ThreadPoolExecutor-1_0, started 281472806220128)>","logger":"task.stdout"}
{"timestamp":"2026-01-01T00:10:59.474841Z","level":"info","event":"    │    │        │    └ (<weakref at 0xffff90350ef0; to 'ThreadPoolExecutor' at 0xffff86d3eb70>, <_queue.SimpleQueue object at 0xffff712e3b00>, None,...","logger":"task.stdout"}
{"timestamp":"2026-01-01T00:10:59.474954Z","level":"info","event":"    │    │        └ <Thread(ThreadPoolExecutor-1_0, started 281472806220128)>","logger":"task.stdout"}
{"timestamp":"2026-01-01T00:10:59.475054Z","level":"info","event":"    │    └ <function _worker at 0xffff937a1c60>","logger":"task.stdout"}
{"timestamp":"2026-01-01T00:10:59.475148Z","level":"info","event":"    └ <Thread(ThreadPoolExecutor-1_0, started 281472806220128)>","logger":"task.stdout"}
{"timestamp":"2026-01-01T00:10:59.475235Z","level":"info","event":"  File \"/usr/python/lib/python3.12/concurrent/futures/thread.py\", line 93, in _worker","logger":"task.stdout"}
{"timestamp":"2026-01-01T00:10:59.475345Z","level":"info","event":"    work_item.run()","logger":"task.stdout"}
{"timestamp":"2026-01-01T00:10:59.475430Z","level":"info","event":"    │         └ <function _WorkItem.run at 0xffff937a1da0>","logger":"task.stdout"}
{"timestamp":"2026-01-01T00:10:59.478285Z","level":"info","event":"    └ <concurrent.futures.thread._WorkItem object at 0xffff92521940>","logger":"task.stdout"}
{"timestamp":"2026-01-01T00:10:59.478390Z","level":"info","event":"  File \"/usr/python/lib/python3.12/concurrent/futures/thread.py\", line 59, in run","logger":"task.stdout"}
{"timestamp":"2026-01-01T00:10:59.478476Z","level":"info","event":"    result = self.fn(*self.args, **self.kwargs)","logger":"task.stdout"}
{"timestamp":"2026-01-01T00:10:59.478567Z","level":"info","event":"             │    │   │    │       │    └ {}","logger":"task.stdout"}
{"timestamp":"2026-01-01T00:10:59.478656Z","level":"info","event":"             │    │   │    │       └ <concurrent.futures.thread._WorkItem object at 0xffff92521940>","logger":"task.stdout"}
{"timestamp":"2026-01-01T00:10:59.478791Z","level":"info","event":"             │    │   │    └ ([('process_flow_year_chunk-c23ab0e7-754e-4ea3-bc29-417251f18c73', (<Task 'process_flow_year_chunk-c23ab0e7-754e-4ea3-bc29-41...","logger":"task.stdout"}
{"timestamp":"2026-01-01T00:10:59.478934Z","level":"info","event":"             │    │   └ <concurrent.futures.thread._WorkItem object at 0xffff92521940>","logger":"task.stdout"}
{"timestamp":"2026-01-01T00:10:59.479051Z","level":"info","event":"             │    └ <function batch_execute_tasks at 0xffff8d561d00>","logger":"task.stdout"}
{"timestamp":"2026-01-01T00:10:59.479150Z","level":"info","event":"             └ <concurrent.futures.thread._WorkItem object at 0xffff92521940>","logger":"task.stdout"}
{"timestamp":"2026-01-01T00:10:59.479234Z","level":"info","event":"  File \"/home/airflow/.local/lib/python3.12/site-packages/dask/local.py\", line 270, in batch_execute_tasks","logger":"task.stdout"}
{"timestamp":"2026-01-01T00:10:59.479344Z","level":"info","event":"    return [execute_task(*a) for a in it]","logger":"task.stdout"}
{"timestamp":"2026-01-01T00:10:59.479430Z","level":"info","event":"            │             │      │    └ [('process_flow_year_chunk-c23ab0e7-754e-4ea3-bc29-417251f18c73', (<Task 'process_flow_year_chunk-c23ab0e7-754e-4ea3-bc29-417...","logger":"task.stdout"}
{"timestamp":"2026-01-01T00:10:59.479522Z","level":"info","event":"            │             │      └ ('process_flow_year_chunk-c23ab0e7-754e-4ea3-bc29-417251f18c73', (<Task 'process_flow_year_chunk-c23ab0e7-754e-4ea3-bc29-4172...","logger":"task.stdout"}
{"timestamp":"2026-01-01T00:10:59.479625Z","level":"info","event":"            │             └ ('process_flow_year_chunk-c23ab0e7-754e-4ea3-bc29-417251f18c73', (<Task 'process_flow_year_chunk-c23ab0e7-754e-4ea3-bc29-4172...","logger":"task.stdout"}
{"timestamp":"2026-01-01T00:10:59.479722Z","level":"info","event":"            └ <function execute_task at 0xffff8d561c60>","logger":"task.stdout"}
{"timestamp":"2026-01-01T00:10:59.479839Z","level":"info","event":"  File \"/home/airflow/.local/lib/python3.12/site-packages/dask/local.py\", line 256, in execute_task","logger":"task.stdout"}
{"timestamp":"2026-01-01T00:10:59.479943Z","level":"info","event":"    result = task(data)","logger":"task.stdout"}
{"timestamp":"2026-01-01T00:10:59.480027Z","level":"info","event":"             │    └ {}","logger":"task.stdout"}
{"timestamp":"2026-01-01T00:10:59.480115Z","level":"info","event":"             └ <Task 'process_flow_year_chunk-c23ab0e7-754e-4ea3-bc29-417251f18c73' process_flow_year_chunk(...)>","logger":"task.stdout"}
{"timestamp":"2026-01-01T00:10:59.480202Z","level":"info","event":"  File \"/home/airflow/.local/lib/python3.12/site-packages/dask/_task_spec.py\", line 759, in __call__","logger":"task.stdout"}
{"timestamp":"2026-01-01T00:10:59.480336Z","level":"info","event":"    return self.func(*new_argspec)","logger":"task.stdout"}
{"timestamp":"2026-01-01T00:10:59.480422Z","level":"info","event":"           │    │     └ ('IMTS', 'IMF.STA,IMTS,latest', [1998, 1999, 2000, 2001, 2002], IMFConfig(key='all', sub_key='all', base_url='https://api.imf...","logger":"task.stdout"}
{"timestamp":"2026-01-01T00:10:59.480573Z","level":"info","event":"           │    └ <member 'func' of 'Task' objects>","logger":"task.stdout"}
{"timestamp":"2026-01-01T00:10:59.480701Z","level":"info","event":"           └ <Task 'process_flow_year_chunk-c23ab0e7-754e-4ea3-bc29-417251f18c73' process_flow_year_chunk(...)>","logger":"task.stdout"}
{"timestamp":"2026-01-01T00:10:59.480901Z","level":"info","event":"","logger":"task.stdout"}
{"timestamp":"2026-01-01T00:10:59.482113Z","level":"info","event":"> File \"/opt/airflow/dags/pipelines/imf/pipeline.py\", line 54, in process_flow_year_chunk","logger":"task.stdout"}
{"timestamp":"2026-01-01T00:10:59.483344Z","level":"info","event":"    if s3_object_exists(s3_cfg.bucket, s3_key, s3_cfg.region):","logger":"task.stdout"}
{"timestamp":"2026-01-01T00:10:59.484477Z","level":"info","event":"       │                │      │       │       │      └ 'eu-west-1'","logger":"task.stdout"}
{"timestamp":"2026-01-01T00:10:59.484645Z","level":"info","event":"       │                │      │       │       └ S3Config(bucket='personal-projectbucket', prefix='imf', region='eu-west-1')","logger":"task.stdout"}
{"timestamp":"2026-01-01T00:10:59.484806Z","level":"info","event":"       │                │      │       └ 'imf/IMTS/year=1998/IMTS_1998.csv'","logger":"task.stdout"}
{"timestamp":"2026-01-01T00:10:59.485046Z","level":"info","event":"       │                │      └ 'personal-projectbucket'","logger":"task.stdout"}
{"timestamp":"2026-01-01T00:10:59.485172Z","level":"info","event":"       │                └ S3Config(bucket='personal-projectbucket', prefix='imf', region='eu-west-1')","logger":"task.stdout"}
{"timestamp":"2026-01-01T00:10:59.485302Z","level":"info","event":"       └ <function s3_object_exists at 0xffff8cfba7a0>","logger":"task.stdout"}
{"timestamp":"2026-01-01T00:10:59.485431Z","level":"info","event":"","logger":"task.stdout"}
{"timestamp":"2026-01-01T00:10:59.485559Z","level":"info","event":"  File \"/opt/airflow/dags/pipelines/common/s3_utils.py\", line 29, in s3_object_exists","logger":"task.stdout"}
{"timestamp":"2026-01-01T00:10:59.485675Z","level":"info","event":"    s3.head_object(Bucket=bucket, Key=key)","logger":"task.stdout"}
{"timestamp":"2026-01-01T00:10:59.485804Z","level":"info","event":"    │  │                  │           └ 'imf/IMTS/year=1998/IMTS_1998.csv'","logger":"task.stdout"}
{"timestamp":"2026-01-01T00:10:59.487279Z","level":"info","event":"    │  │                  └ 'personal-projectbucket'","logger":"task.stdout"}
{"timestamp":"2026-01-01T00:10:59.487406Z","level":"info","event":"    │  └ <function ClientCreator._create_api_method.<locals>._api_call at 0xffff71310680>","logger":"task.stdout"}
{"timestamp":"2026-01-01T00:10:59.487557Z","level":"info","event":"    └ <botocore.client.S3 object at 0xffff717a79e0>","logger":"task.stdout"}
{"timestamp":"2026-01-01T00:10:59.487692Z","level":"info","event":"","logger":"task.stdout"}
{"timestamp":"2026-01-01T00:10:59.487809Z","level":"info","event":"  File \"/home/airflow/.local/lib/python3.12/site-packages/botocore/client.py\", line 602, in _api_call","logger":"task.stdout"}
{"timestamp":"2026-01-01T00:10:59.487921Z","level":"info","event":"    return self._make_api_call(operation_name, kwargs)","logger":"task.stdout"}
{"timestamp":"2026-01-01T00:10:59.488010Z","level":"info","event":"           │    │              │               └ {'Bucket': 'personal-projectbucket', 'Key': 'imf/IMTS/year=1998/IMTS_1998.csv'}","logger":"task.stdout"}
{"timestamp":"2026-01-01T00:10:59.488097Z","level":"info","event":"           │    │              └ 'HeadObject'","logger":"task.stdout"}
{"timestamp":"2026-01-01T00:10:59.488191Z","level":"info","event":"           │    └ <function BaseClient._make_api_call at 0xffff8cf3b060>","logger":"task.stdout"}
{"timestamp":"2026-01-01T00:10:59.488289Z","level":"info","event":"           └ <botocore.client.S3 object at 0xffff717a79e0>","logger":"task.stdout"}
{"timestamp":"2026-01-01T00:10:59.488464Z","level":"info","event":"  File \"/home/airflow/.local/lib/python3.12/site-packages/botocore/context.py\", line 123, in wrapper","logger":"task.stdout"}
{"timestamp":"2026-01-01T00:10:59.488566Z","level":"info","event":"    return func(*args, **kwargs)","logger":"task.stdout"}
{"timestamp":"2026-01-01T00:10:59.488666Z","level":"info","event":"           │     │       └ {}","logger":"task.stdout"}
{"timestamp":"2026-01-01T00:10:59.488766Z","level":"info","event":"           │     └ (<botocore.client.S3 object at 0xffff717a79e0>, 'HeadObject', {'Bucket': 'personal-projectbucket', 'Key': 'imf/IMTS/year=1998...","logger":"task.stdout"}
{"timestamp":"2026-01-01T00:10:59.488878Z","level":"info","event":"           └ <function BaseClient._make_api_call at 0xffff8cf3afc0>","logger":"task.stdout"}
{"timestamp":"2026-01-01T00:10:59.488986Z","level":"info","event":"  File \"/home/airflow/.local/lib/python3.12/site-packages/botocore/client.py\", line 1078, in _make_api_call","logger":"task.stdout"}
{"timestamp":"2026-01-01T00:10:59.489086Z","level":"info","event":"    raise error_class(parsed_response, operation_name)","logger":"task.stdout"}
{"timestamp":"2026-01-01T00:10:59.489172Z","level":"info","event":"          │           │                └ 'HeadObject'","logger":"task.stdout"}
{"timestamp":"2026-01-01T00:10:59.489281Z","level":"info","event":"          │           └ {'Error': {'Code': '403', 'Message': 'Forbidden'}, 'ResponseMetadata': {'RequestId': 'SAH8HF9SGXSSHFYD', 'HostId': 'Ls7pHXIFi...","logger":"task.stdout"}
{"timestamp":"2026-01-01T00:10:59.489389Z","level":"info","event":"          └ <class 'botocore.exceptions.ClientError'>","logger":"task.stdout"}
{"timestamp":"2026-01-01T00:10:59.489477Z","level":"info","event":"","logger":"task.stdout"}
{"timestamp":"2026-01-01T00:10:59.489558Z","level":"info","event":"botocore.exceptions.ClientError: An error occurred (403) when calling the HeadObject operation: Forbidden","logger":"task.stdout"}
{"timestamp":"2026-01-01T00:10:59.709395Z","level":"info","event":"2026-01-01 00:10:59 | ERROR | S3 head_object failed | flow=IMTS year=1999 key=imf/IMTS/year=1999/IMTS_1999.csv","logger":"task.stdout"}
{"timestamp":"2026-01-01T00:10:59.710295Z","level":"info","event":"Traceback (most recent call last):","logger":"task.stdout"}
{"timestamp":"2026-01-01T00:10:59.710468Z","level":"info","event":"","logger":"task.stdout"}
{"timestamp":"2026-01-01T00:10:59.710579Z","level":"info","event":"  File \"/usr/python/lib/python3.12/threading.py\", line 1032, in _bootstrap","logger":"task.stdout"}
{"timestamp":"2026-01-01T00:10:59.710676Z","level":"info","event":"    self._bootstrap_inner()","logger":"task.stdout"}
{"timestamp":"2026-01-01T00:10:59.710766Z","level":"info","event":"    │    └ <function Thread._bootstrap_inner at 0xffff99068f40>","logger":"task.stdout"}
{"timestamp":"2026-01-01T00:10:59.710856Z","level":"info","event":"    └ <Thread(ThreadPoolExecutor-1_0, started 281472806220128)>","logger":"task.stdout"}
{"timestamp":"2026-01-01T00:10:59.710945Z","level":"info","event":"  File \"/usr/python/lib/python3.12/threading.py\", line 1075, in _bootstrap_inner","logger":"task.stdout"}
{"timestamp":"2026-01-01T00:10:59.711033Z","level":"info","event":"    self.run()","logger":"task.stdout"}
{"timestamp":"2026-01-01T00:10:59.711121Z","level":"info","event":"    │    └ <function Thread.run at 0xffff99068c20>","logger":"task.stdout"}
{"timestamp":"2026-01-01T00:10:59.711208Z","level":"info","event":"    └ <Thread(ThreadPoolExecutor-1_0, started 281472806220128)>","logger":"task.stdout"}
{"timestamp":"2026-01-01T00:10:59.714283Z","level":"info","event":"  File \"/usr/python/lib/python3.12/threading.py\", line 1012, in run","logger":"task.stdout"}
{"timestamp":"2026-01-01T00:10:59.714389Z","level":"info","event":"    self._target(*self._args, **self._kwargs)","logger":"task.stdout"}
{"timestamp":"2026-01-01T00:10:59.714473Z","level":"info","event":"    │    │        │    │        │    └ {}","logger":"task.stdout"}
{"timestamp":"2026-01-01T00:10:59.714617Z","level":"info","event":"    │    │        │    │        └ <Thread(ThreadPoolExecutor-1_0, started 281472806220128)>","logger":"task.stdout"}
{"timestamp":"2026-01-01T00:10:59.714706Z","level":"info","event":"    │    │        │    └ (<weakref at 0xffff90350ef0; to 'ThreadPoolExecutor' at 0xffff86d3eb70>, <_queue.SimpleQueue object at 0xffff712e3b00>, None,...","logger":"task.stdout"}
{"timestamp":"2026-01-01T00:10:59.714792Z","level":"info","event":"    │    │        └ <Thread(ThreadPoolExecutor-1_0, started 281472806220128)>","logger":"task.stdout"}
{"timestamp":"2026-01-01T00:10:59.714878Z","level":"info","event":"    │    └ <function _worker at 0xffff937a1c60>","logger":"task.stdout"}
{"timestamp":"2026-01-01T00:10:59.714964Z","level":"info","event":"    └ <Thread(ThreadPoolExecutor-1_0, started 281472806220128)>","logger":"task.stdout"}
{"timestamp":"2026-01-01T00:10:59.715047Z","level":"info","event":"  File \"/usr/python/lib/python3.12/concurrent/futures/thread.py\", line 93, in _worker","logger":"task.stdout"}
{"timestamp":"2026-01-01T00:10:59.715131Z","level":"info","event":"    work_item.run()","logger":"task.stdout"}
{"timestamp":"2026-01-01T00:10:59.715215Z","level":"info","event":"    │         └ <function _WorkItem.run at 0xffff937a1da0>","logger":"task.stdout"}
{"timestamp":"2026-01-01T00:10:59.715312Z","level":"info","event":"    └ <concurrent.futures.thread._WorkItem object at 0xffff92521940>","logger":"task.stdout"}
{"timestamp":"2026-01-01T00:10:59.715394Z","level":"info","event":"  File \"/usr/python/lib/python3.12/concurrent/futures/thread.py\", line 59, in run","logger":"task.stdout"}
{"timestamp":"2026-01-01T00:10:59.715477Z","level":"info","event":"    result = self.fn(*self.args, **self.kwargs)","logger":"task.stdout"}
{"timestamp":"2026-01-01T00:10:59.715560Z","level":"info","event":"             │    │   │    │       │    └ {}","logger":"task.stdout"}
{"timestamp":"2026-01-01T00:10:59.715646Z","level":"info","event":"             │    │   │    │       └ <concurrent.futures.thread._WorkItem object at 0xffff92521940>","logger":"task.stdout"}
{"timestamp":"2026-01-01T00:10:59.715733Z","level":"info","event":"             │    │   │    └ ([('process_flow_year_chunk-c23ab0e7-754e-4ea3-bc29-417251f18c73', (<Task 'process_flow_year_chunk-c23ab0e7-754e-4ea3-bc29-41...","logger":"task.stdout"}
{"timestamp":"2026-01-01T00:10:59.715819Z","level":"info","event":"             │    │   └ <concurrent.futures.thread._WorkItem object at 0xffff92521940>","logger":"task.stdout"}
{"timestamp":"2026-01-01T00:10:59.715910Z","level":"info","event":"             │    └ <function batch_execute_tasks at 0xffff8d561d00>","logger":"task.stdout"}
{"timestamp":"2026-01-01T00:10:59.715995Z","level":"info","event":"             └ <concurrent.futures.thread._WorkItem object at 0xffff92521940>","logger":"task.stdout"}
{"timestamp":"2026-01-01T00:10:59.716077Z","level":"info","event":"  File \"/home/airflow/.local/lib/python3.12/site-packages/dask/local.py\", line 270, in batch_execute_tasks","logger":"task.stdout"}
{"timestamp":"2026-01-01T00:10:59.716160Z","level":"info","event":"    return [execute_task(*a) for a in it]","logger":"task.stdout"}
{"timestamp":"2026-01-01T00:10:59.716257Z","level":"info","event":"            │             │      │    └ [('process_flow_year_chunk-c23ab0e7-754e-4ea3-bc29-417251f18c73', (<Task 'process_flow_year_chunk-c23ab0e7-754e-4ea3-bc29-417...","logger":"task.stdout"}
{"timestamp":"2026-01-01T00:10:59.716343Z","level":"info","event":"            │             │      └ ('process_flow_year_chunk-c23ab0e7-754e-4ea3-bc29-417251f18c73', (<Task 'process_flow_year_chunk-c23ab0e7-754e-4ea3-bc29-4172...","logger":"task.stdout"}
{"timestamp":"2026-01-01T00:10:59.716429Z","level":"info","event":"            │             └ ('process_flow_year_chunk-c23ab0e7-754e-4ea3-bc29-417251f18c73', (<Task 'process_flow_year_chunk-c23ab0e7-754e-4ea3-bc29-4172...","logger":"task.stdout"}
{"timestamp":"2026-01-01T00:10:59.716561Z","level":"info","event":"            └ <function execute_task at 0xffff8d561c60>","logger":"task.stdout"}
{"timestamp":"2026-01-01T00:10:59.716642Z","level":"info","event":"  File \"/home/airflow/.local/lib/python3.12/site-packages/dask/local.py\", line 256, in execute_task","logger":"task.stdout"}
{"timestamp":"2026-01-01T00:10:59.716733Z","level":"info","event":"    result = task(data)","logger":"task.stdout"}
{"timestamp":"2026-01-01T00:10:59.716816Z","level":"info","event":"             │    └ {}","logger":"task.stdout"}
{"timestamp":"2026-01-01T00:10:59.716899Z","level":"info","event":"             └ <Task 'process_flow_year_chunk-c23ab0e7-754e-4ea3-bc29-417251f18c73' process_flow_year_chunk(...)>","logger":"task.stdout"}
{"timestamp":"2026-01-01T00:10:59.716984Z","level":"info","event":"  File \"/home/airflow/.local/lib/python3.12/site-packages/dask/_task_spec.py\", line 759, in __call__","logger":"task.stdout"}
{"timestamp":"2026-01-01T00:10:59.717064Z","level":"info","event":"    return self.func(*new_argspec)","logger":"task.stdout"}
{"timestamp":"2026-01-01T00:10:59.717145Z","level":"info","event":"           │    │     └ ('IMTS', 'IMF.STA,IMTS,latest', [1998, 1999, 2000, 2001, 2002], IMFConfig(key='all', sub_key='all', base_url='https://api.imf...","logger":"task.stdout"}
{"timestamp":"2026-01-01T00:10:59.717228Z","level":"info","event":"           │    └ <member 'func' of 'Task' objects>","logger":"task.stdout"}
{"timestamp":"2026-01-01T00:10:59.717322Z","level":"info","event":"           └ <Task 'process_flow_year_chunk-c23ab0e7-754e-4ea3-bc29-417251f18c73' process_flow_year_chunk(...)>","logger":"task.stdout"}
{"timestamp":"2026-01-01T00:10:59.717402Z","level":"info","event":"","logger":"task.stdout"}
{"timestamp":"2026-01-01T00:10:59.717483Z","level":"info","event":"> File \"/opt/airflow/dags/pipelines/imf/pipeline.py\", line 54, in process_flow_year_chunk","logger":"task.stdout"}
{"timestamp":"2026-01-01T00:10:59.717563Z","level":"info","event":"    if s3_object_exists(s3_cfg.bucket, s3_key, s3_cfg.region):","logger":"task.stdout"}
{"timestamp":"2026-01-01T00:10:59.717645Z","level":"info","event":"       │                │      │       │       │      └ 'eu-west-1'","logger":"task.stdout"}
{"timestamp":"2026-01-01T00:10:59.717726Z","level":"info","event":"       │                │      │       │       └ S3Config(bucket='personal-projectbucket', prefix='imf', region='eu-west-1')","logger":"task.stdout"}
{"timestamp":"2026-01-01T00:10:59.717807Z","level":"info","event":"       │                │      │       └ 'imf/IMTS/year=1999/IMTS_1999.csv'","logger":"task.stdout"}
{"timestamp":"2026-01-01T00:10:59.717960Z","level":"info","event":"       │                │      └ 'personal-projectbucket'","logger":"task.stdout"}
{"timestamp":"2026-01-01T00:10:59.718047Z","level":"info","event":"       │                └ S3Config(bucket='personal-projectbucket', prefix='imf', region='eu-west-1')","logger":"task.stdout"}
{"timestamp":"2026-01-01T00:10:59.718130Z","level":"info","event":"       └ <function s3_object_exists at 0xffff8cfba7a0>","logger":"task.stdout"}
{"timestamp":"2026-01-01T00:10:59.718210Z","level":"info","event":"","logger":"task.stdout"}
{"timestamp":"2026-01-01T00:10:59.718291Z","level":"info","event":"  File \"/opt/airflow/dags/pipelines/common/s3_utils.py\", line 29, in s3_object_exists","logger":"task.stdout"}
{"timestamp":"2026-01-01T00:10:59.718373Z","level":"info","event":"    s3.head_object(Bucket=bucket, Key=key)","logger":"task.stdout"}
{"timestamp":"2026-01-01T00:10:59.718458Z","level":"info","event":"    │  │                  │           └ 'imf/IMTS/year=1999/IMTS_1999.csv'","logger":"task.stdout"}
{"timestamp":"2026-01-01T00:10:59.718541Z","level":"info","event":"    │  │                  └ 'personal-projectbucket'","logger":"task.stdout"}
{"timestamp":"2026-01-01T00:10:59.718623Z","level":"info","event":"    │  └ <function ClientCreator._create_api_method.<locals>._api_call at 0xffff71310680>","logger":"task.stdout"}
{"timestamp":"2026-01-01T00:10:59.718773Z","level":"info","event":"    └ <botocore.client.S3 object at 0xffff717a79e0>","logger":"task.stdout"}
{"timestamp":"2026-01-01T00:10:59.718854Z","level":"info","event":"","logger":"task.stdout"}
{"timestamp":"2026-01-01T00:10:59.718933Z","level":"info","event":"  File \"/home/airflow/.local/lib/python3.12/site-packages/botocore/client.py\", line 602, in _api_call","logger":"task.stdout"}
{"timestamp":"2026-01-01T00:10:59.719014Z","level":"info","event":"    return self._make_api_call(operation_name, kwargs)","logger":"task.stdout"}
{"timestamp":"2026-01-01T00:10:59.719096Z","level":"info","event":"           │    │              │               └ {'Bucket': 'personal-projectbucket', 'Key': 'imf/IMTS/year=1999/IMTS_1999.csv'}","logger":"task.stdout"}
{"timestamp":"2026-01-01T00:10:59.719180Z","level":"info","event":"           │    │              └ 'HeadObject'","logger":"task.stdout"}
{"timestamp":"2026-01-01T00:10:59.719269Z","level":"info","event":"           │    └ <function BaseClient._make_api_call at 0xffff8cf3b060>","logger":"task.stdout"}
{"timestamp":"2026-01-01T00:10:59.719348Z","level":"info","event":"           └ <botocore.client.S3 object at 0xffff717a79e0>","logger":"task.stdout"}
{"timestamp":"2026-01-01T00:10:59.719425Z","level":"info","event":"  File \"/home/airflow/.local/lib/python3.12/site-packages/botocore/context.py\", line 123, in wrapper","logger":"task.stdout"}
{"timestamp":"2026-01-01T00:10:59.719505Z","level":"info","event":"    return func(*args, **kwargs)","logger":"task.stdout"}
{"timestamp":"2026-01-01T00:10:59.721275Z","level":"info","event":"           │     │       └ {}","logger":"task.stdout"}
{"timestamp":"2026-01-01T00:10:59.721376Z","level":"info","event":"           │     └ (<botocore.client.S3 object at 0xffff717a79e0>, 'HeadObject', {'Bucket': 'personal-projectbucket', 'Key': 'imf/IMTS/year=1999...","logger":"task.stdout"}
{"timestamp":"2026-01-01T00:10:59.721458Z","level":"info","event":"           └ <function BaseClient._make_api_call at 0xffff8cf3afc0>","logger":"task.stdout"}
{"timestamp":"2026-01-01T00:10:59.721541Z","level":"info","event":"  File \"/home/airflow/.local/lib/python3.12/site-packages/botocore/client.py\", line 1078, in _make_api_call","logger":"task.stdout"}
{"timestamp":"2026-01-01T00:10:59.721621Z","level":"info","event":"    raise error_class(parsed_response, operation_name)","logger":"task.stdout"}
{"timestamp":"2026-01-01T00:10:59.721701Z","level":"info","event":"          │           │                └ 'HeadObject'","logger":"task.stdout"}
{"timestamp":"2026-01-01T00:10:59.721780Z","level":"info","event":"          │           └ {'Error': {'Code': '403', 'Message': 'Forbidden'}, 'ResponseMetadata': {'RequestId': '2541XX21831WENCZ', 'HostId': 'bn0VlMHRh...","logger":"task.stdout"}
{"timestamp":"2026-01-01T00:10:59.721860Z","level":"info","event":"          └ <class 'botocore.exceptions.ClientError'>","logger":"task.stdout"}
{"timestamp":"2026-01-01T00:10:59.721944Z","level":"info","event":"","logger":"task.stdout"}
{"timestamp":"2026-01-01T00:10:59.722024Z","level":"info","event":"botocore.exceptions.ClientError: An error occurred (403) when calling the HeadObject operation: Forbidden","logger":"task.stdout"}
{"timestamp":"2026-01-01T00:10:59.895383Z","level":"info","event":"2026-01-01 00:10:59 | ERROR | S3 head_object failed | flow=IMTS year=2000 key=imf/IMTS/year=2000/IMTS_2000.csv","logger":"task.stdout"}
{"timestamp":"2026-01-01T00:10:59.895582Z","level":"info","event":"Traceback (most recent call last):","logger":"task.stdout"}
{"timestamp":"2026-01-01T00:10:59.895679Z","level":"info","event":"","logger":"task.stdout"}
{"timestamp":"2026-01-01T00:10:59.895763Z","level":"info","event":"  File \"/usr/python/lib/python3.12/threading.py\", line 1032, in _bootstrap","logger":"task.stdout"}
{"timestamp":"2026-01-01T00:10:59.895839Z","level":"info","event":"    self._bootstrap_inner()","logger":"task.stdout"}
{"timestamp":"2026-01-01T00:10:59.895963Z","level":"info","event":"    │    └ <function Thread._bootstrap_inner at 0xffff99068f40>","logger":"task.stdout"}
{"timestamp":"2026-01-01T00:10:59.896045Z","level":"info","event":"    └ <Thread(ThreadPoolExecutor-1_0, started 281472806220128)>","logger":"task.stdout"}
{"timestamp":"2026-01-01T00:10:59.896119Z","level":"info","event":"  File \"/usr/python/lib/python3.12/threading.py\", line 1075, in _bootstrap_inner","logger":"task.stdout"}
{"timestamp":"2026-01-01T00:10:59.896191Z","level":"info","event":"    self.run()","logger":"task.stdout"}
{"timestamp":"2026-01-01T00:10:59.896274Z","level":"info","event":"    │    └ <function Thread.run at 0xffff99068c20>","logger":"task.stdout"}
{"timestamp":"2026-01-01T00:10:59.896345Z","level":"info","event":"    └ <Thread(ThreadPoolExecutor-1_0, started 281472806220128)>","logger":"task.stdout"}
{"timestamp":"2026-01-01T00:10:59.896416Z","level":"info","event":"  File \"/usr/python/lib/python3.12/threading.py\", line 1012, in run","logger":"task.stdout"}
{"timestamp":"2026-01-01T00:10:59.896486Z","level":"info","event":"    self._target(*self._args, **self._kwargs)","logger":"task.stdout"}
{"timestamp":"2026-01-01T00:10:59.896555Z","level":"info","event":"    │    │        │    │        │    └ {}","logger":"task.stdout"}
{"timestamp":"2026-01-01T00:10:59.896625Z","level":"info","event":"    │    │        │    │        └ <Thread(ThreadPoolExecutor-1_0, started 281472806220128)>","logger":"task.stdout"}
{"timestamp":"2026-01-01T00:10:59.896698Z","level":"info","event":"    │    │        │    └ (<weakref at 0xffff90350ef0; to 'ThreadPoolExecutor' at 0xffff86d3eb70>, <_queue.SimpleQueue object at 0xffff712e3b00>, None,...","logger":"task.stdout"}
{"timestamp":"2026-01-01T00:10:59.896769Z","level":"info","event":"    │    │        └ <Thread(ThreadPoolExecutor-1_0, started 281472806220128)>","logger":"task.stdout"}
{"timestamp":"2026-01-01T00:10:59.896838Z","level":"info","event":"    │    └ <function _worker at 0xffff937a1c60>","logger":"task.stdout"}
{"timestamp":"2026-01-01T00:10:59.896906Z","level":"info","event":"    └ <Thread(ThreadPoolExecutor-1_0, started 281472806220128)>","logger":"task.stdout"}
{"timestamp":"2026-01-01T00:10:59.896974Z","level":"info","event":"  File \"/usr/python/lib/python3.12/concurrent/futures/thread.py\", line 93, in _worker","logger":"task.stdout"}
{"timestamp":"2026-01-01T00:10:59.897040Z","level":"info","event":"    work_item.run()","logger":"task.stdout"}
{"timestamp":"2026-01-01T00:10:59.897110Z","level":"info","event":"    │         └ <function _WorkItem.run at 0xffff937a1da0>","logger":"task.stdout"}
{"timestamp":"2026-01-01T00:10:59.897178Z","level":"info","event":"    └ <concurrent.futures.thread._WorkItem object at 0xffff92521940>","logger":"task.stdout"}
{"timestamp":"2026-01-01T00:10:59.898275Z","level":"info","event":"  File \"/usr/python/lib/python3.12/concurrent/futures/thread.py\", line 59, in run","logger":"task.stdout"}
{"timestamp":"2026-01-01T00:10:59.898371Z","level":"info","event":"    result = self.fn(*self.args, **self.kwargs)","logger":"task.stdout"}
{"timestamp":"2026-01-01T00:10:59.898442Z","level":"info","event":"             │    │   │    │       │    └ {}","logger":"task.stdout"}
{"timestamp":"2026-01-01T00:10:59.898510Z","level":"info","event":"             │    │   │    │       └ <concurrent.futures.thread._WorkItem object at 0xffff92521940>","logger":"task.stdout"}
{"timestamp":"2026-01-01T00:10:59.898579Z","level":"info","event":"             │    │   │    └ ([('process_flow_year_chunk-c23ab0e7-754e-4ea3-bc29-417251f18c73', (<Task 'process_flow_year_chunk-c23ab0e7-754e-4ea3-bc29-41...","logger":"task.stdout"}
{"timestamp":"2026-01-01T00:10:59.898648Z","level":"info","event":"             │    │   └ <concurrent.futures.thread._WorkItem object at 0xffff92521940>","logger":"task.stdout"}
{"timestamp":"2026-01-01T00:10:59.898717Z","level":"info","event":"             │    └ <function batch_execute_tasks at 0xffff8d561d00>","logger":"task.stdout"}
{"timestamp":"2026-01-01T00:10:59.898825Z","level":"info","event":"             └ <concurrent.futures.thread._WorkItem object at 0xffff92521940>","logger":"task.stdout"}
{"timestamp":"2026-01-01T00:10:59.898894Z","level":"info","event":"  File \"/home/airflow/.local/lib/python3.12/site-packages/dask/local.py\", line 270, in batch_execute_tasks","logger":"task.stdout"}
{"timestamp":"2026-01-01T00:10:59.898960Z","level":"info","event":"    return [execute_task(*a) for a in it]","logger":"task.stdout"}
{"timestamp":"2026-01-01T00:10:59.899027Z","level":"info","event":"            │             │      │    └ [('process_flow_year_chunk-c23ab0e7-754e-4ea3-bc29-417251f18c73', (<Task 'process_flow_year_chunk-c23ab0e7-754e-4ea3-bc29-417...","logger":"task.stdout"}
{"timestamp":"2026-01-01T00:10:59.899094Z","level":"info","event":"            │             │      └ ('process_flow_year_chunk-c23ab0e7-754e-4ea3-bc29-417251f18c73', (<Task 'process_flow_year_chunk-c23ab0e7-754e-4ea3-bc29-4172...","logger":"task.stdout"}
{"timestamp":"2026-01-01T00:10:59.899161Z","level":"info","event":"            │             └ ('process_flow_year_chunk-c23ab0e7-754e-4ea3-bc29-417251f18c73', (<Task 'process_flow_year_chunk-c23ab0e7-754e-4ea3-bc29-4172...","logger":"task.stdout"}
{"timestamp":"2026-01-01T00:10:59.899230Z","level":"info","event":"            └ <function execute_task at 0xffff8d561c60>","logger":"task.stdout"}
{"timestamp":"2026-01-01T00:10:59.899312Z","level":"info","event":"  File \"/home/airflow/.local/lib/python3.12/site-packages/dask/local.py\", line 256, in execute_task","logger":"task.stdout"}
{"timestamp":"2026-01-01T00:10:59.899383Z","level":"info","event":"    result = task(data)","logger":"task.stdout"}
{"timestamp":"2026-01-01T00:10:59.899449Z","level":"info","event":"             │    └ {}","logger":"task.stdout"}
{"timestamp":"2026-01-01T00:10:59.899518Z","level":"info","event":"             └ <Task 'process_flow_year_chunk-c23ab0e7-754e-4ea3-bc29-417251f18c73' process_flow_year_chunk(...)>","logger":"task.stdout"}
{"timestamp":"2026-01-01T00:10:59.899596Z","level":"info","event":"  File \"/home/airflow/.local/lib/python3.12/site-packages/dask/_task_spec.py\", line 759, in __call__","logger":"task.stdout"}
{"timestamp":"2026-01-01T00:10:59.899663Z","level":"info","event":"    return self.func(*new_argspec)","logger":"task.stdout"}
{"timestamp":"2026-01-01T00:10:59.899729Z","level":"info","event":"           │    │     └ ('IMTS', 'IMF.STA,IMTS,latest', [1998, 1999, 2000, 2001, 2002], IMFConfig(key='all', sub_key='all', base_url='https://api.imf...","logger":"task.stdout"}
{"timestamp":"2026-01-01T00:10:59.899798Z","level":"info","event":"           │    └ <member 'func' of 'Task' objects>","logger":"task.stdout"}
{"timestamp":"2026-01-01T00:10:59.899864Z","level":"info","event":"           └ <Task 'process_flow_year_chunk-c23ab0e7-754e-4ea3-bc29-417251f18c73' process_flow_year_chunk(...)>","logger":"task.stdout"}
{"timestamp":"2026-01-01T00:10:59.899934Z","level":"info","event":"","logger":"task.stdout"}
{"timestamp":"2026-01-01T00:10:59.903271Z","level":"info","event":"> File \"/opt/airflow/dags/pipelines/imf/pipeline.py\", line 54, in process_flow_year_chunk","logger":"task.stdout"}
{"timestamp":"2026-01-01T00:10:59.903354Z","level":"info","event":"    if s3_object_exists(s3_cfg.bucket, s3_key, s3_cfg.region):","logger":"task.stdout"}
{"timestamp":"2026-01-01T00:10:59.903422Z","level":"info","event":"       │                │      │       │       │      └ 'eu-west-1'","logger":"task.stdout"}
{"timestamp":"2026-01-01T00:10:59.903490Z","level":"info","event":"       │                │      │       │       └ S3Config(bucket='personal-projectbucket', prefix='imf', region='eu-west-1')","logger":"task.stdout"}
{"timestamp":"2026-01-01T00:10:59.903558Z","level":"info","event":"       │                │      │       └ 'imf/IMTS/year=2000/IMTS_2000.csv'","logger":"task.stdout"}
{"timestamp":"2026-01-01T00:10:59.903725Z","level":"info","event":"       │                │      └ 'personal-projectbucket'","logger":"task.stdout"}
{"timestamp":"2026-01-01T00:10:59.903809Z","level":"info","event":"       │                └ S3Config(bucket='personal-projectbucket', prefix='imf', region='eu-west-1')","logger":"task.stdout"}
{"timestamp":"2026-01-01T00:10:59.903877Z","level":"info","event":"       └ <function s3_object_exists at 0xffff8cfba7a0>","logger":"task.stdout"}
{"timestamp":"2026-01-01T00:10:59.903944Z","level":"info","event":"","logger":"task.stdout"}
{"timestamp":"2026-01-01T00:10:59.904010Z","level":"info","event":"  File \"/opt/airflow/dags/pipelines/common/s3_utils.py\", line 29, in s3_object_exists","logger":"task.stdout"}
{"timestamp":"2026-01-01T00:10:59.904075Z","level":"info","event":"    s3.head_object(Bucket=bucket, Key=key)","logger":"task.stdout"}
{"timestamp":"2026-01-01T00:10:59.904144Z","level":"info","event":"    │  │                  │           └ 'imf/IMTS/year=2000/IMTS_2000.csv'","logger":"task.stdout"}
{"timestamp":"2026-01-01T00:10:59.904213Z","level":"info","event":"    │  │                  └ 'personal-projectbucket'","logger":"task.stdout"}
{"timestamp":"2026-01-01T00:10:59.904281Z","level":"info","event":"    │  └ <function ClientCreator._create_api_method.<locals>._api_call at 0xffff71310680>","logger":"task.stdout"}
{"timestamp":"2026-01-01T00:10:59.904346Z","level":"info","event":"    └ <botocore.client.S3 object at 0xffff717a79e0>","logger":"task.stdout"}
{"timestamp":"2026-01-01T00:10:59.904412Z","level":"info","event":"","logger":"task.stdout"}
{"timestamp":"2026-01-01T00:10:59.904476Z","level":"info","event":"  File \"/home/airflow/.local/lib/python3.12/site-packages/botocore/client.py\", line 602, in _api_call","logger":"task.stdout"}
{"timestamp":"2026-01-01T00:10:59.904546Z","level":"info","event":"    return self._make_api_call(operation_name, kwargs)","logger":"task.stdout"}
{"timestamp":"2026-01-01T00:10:59.904614Z","level":"info","event":"           │    │              │               └ {'Bucket': 'personal-projectbucket', 'Key': 'imf/IMTS/year=2000/IMTS_2000.csv'}","logger":"task.stdout"}
{"timestamp":"2026-01-01T00:10:59.904683Z","level":"info","event":"           │    │              └ 'HeadObject'","logger":"task.stdout"}
{"timestamp":"2026-01-01T00:10:59.904749Z","level":"info","event":"           │    └ <function BaseClient._make_api_call at 0xffff8cf3b060>","logger":"task.stdout"}
{"timestamp":"2026-01-01T00:10:59.904814Z","level":"info","event":"           └ <botocore.client.S3 object at 0xffff717a79e0>","logger":"task.stdout"}
{"timestamp":"2026-01-01T00:10:59.904879Z","level":"info","event":"  File \"/home/airflow/.local/lib/python3.12/site-packages/botocore/context.py\", line 123, in wrapper","logger":"task.stdout"}
{"timestamp":"2026-01-01T00:10:59.904944Z","level":"info","event":"    return func(*args, **kwargs)","logger":"task.stdout"}
{"timestamp":"2026-01-01T00:10:59.905008Z","level":"info","event":"           │     │       └ {}","logger":"task.stdout"}
{"timestamp":"2026-01-01T00:10:59.905073Z","level":"info","event":"           │     └ (<botocore.client.S3 object at 0xffff717a79e0>, 'HeadObject', {'Bucket': 'personal-projectbucket', 'Key': 'imf/IMTS/year=2000...","logger":"task.stdout"}
{"timestamp":"2026-01-01T00:10:59.905139Z","level":"info","event":"           └ <function BaseClient._make_api_call at 0xffff8cf3afc0>","logger":"task.stdout"}
{"timestamp":"2026-01-01T00:10:59.905205Z","level":"info","event":"  File \"/home/airflow/.local/lib/python3.12/site-packages/botocore/client.py\", line 1078, in _make_api_call","logger":"task.stdout"}
{"timestamp":"2026-01-01T00:10:59.905280Z","level":"info","event":"    raise error_class(parsed_response, operation_name)","logger":"task.stdout"}
{"timestamp":"2026-01-01T00:10:59.905345Z","level":"info","event":"          │           │                └ 'HeadObject'","logger":"task.stdout"}
{"timestamp":"2026-01-01T00:10:59.905410Z","level":"info","event":"          │           └ {'Error': {'Code': '403', 'Message': 'Forbidden'}, 'ResponseMetadata': {'RequestId': '2548SA5BX5ZS3NYZ', 'HostId': 'HmpoHoYgs...","logger":"task.stdout"}
{"timestamp":"2026-01-01T00:10:59.905520Z","level":"info","event":"          └ <class 'botocore.exceptions.ClientError'>","logger":"task.stdout"}
{"timestamp":"2026-01-01T00:10:59.905585Z","level":"info","event":"","logger":"task.stdout"}
{"timestamp":"2026-01-01T00:10:59.905651Z","level":"info","event":"botocore.exceptions.ClientError: An error occurred (403) when calling the HeadObject operation: Forbidden","logger":"task.stdout"}
{"timestamp":"2026-01-01T00:11:00.062487Z","level":"info","event":"2026-01-01 00:11:00 | ERROR | S3 head_object failed | flow=IMTS year=2001 key=imf/IMTS/year=2001/IMTS_2001.csv","logger":"task.stdout"}
{"timestamp":"2026-01-01T00:11:00.064286Z","level":"info","event":"Traceback (most recent call last):","logger":"task.stdout"}
{"timestamp":"2026-01-01T00:11:00.064399Z","level":"info","event":"","logger":"task.stdout"}
{"timestamp":"2026-01-01T00:11:00.064477Z","level":"info","event":"  File \"/usr/python/lib/python3.12/threading.py\", line 1032, in _bootstrap","logger":"task.stdout"}
{"timestamp":"2026-01-01T00:11:00.064552Z","level":"info","event":"    self._bootstrap_inner()","logger":"task.stdout"}
{"timestamp":"2026-01-01T00:11:00.064621Z","level":"info","event":"    │    └ <function Thread._bootstrap_inner at 0xffff99068f40>","logger":"task.stdout"}
{"timestamp":"2026-01-01T00:11:00.064691Z","level":"info","event":"    └ <Thread(ThreadPoolExecutor-1_0, started 281472806220128)>","logger":"task.stdout"}
{"timestamp":"2026-01-01T00:11:00.064763Z","level":"info","event":"  File \"/usr/python/lib/python3.12/threading.py\", line 1075, in _bootstrap_inner","logger":"task.stdout"}
{"timestamp":"2026-01-01T00:11:00.064834Z","level":"info","event":"    self.run()","logger":"task.stdout"}
{"timestamp":"2026-01-01T00:11:00.064902Z","level":"info","event":"    │    └ <function Thread.run at 0xffff99068c20>","logger":"task.stdout"}
{"timestamp":"2026-01-01T00:11:00.064975Z","level":"info","event":"    └ <Thread(ThreadPoolExecutor-1_0, started 281472806220128)>","logger":"task.stdout"}
{"timestamp":"2026-01-01T00:11:00.065044Z","level":"info","event":"  File \"/usr/python/lib/python3.12/threading.py\", line 1012, in run","logger":"task.stdout"}
{"timestamp":"2026-01-01T00:11:00.065111Z","level":"info","event":"    self._target(*self._args, **self._kwargs)","logger":"task.stdout"}
{"timestamp":"2026-01-01T00:11:00.065181Z","level":"info","event":"    │    │        │    │        │    └ {}","logger":"task.stdout"}
{"timestamp":"2026-01-01T00:11:00.065262Z","level":"info","event":"    │    │        │    │        └ <Thread(ThreadPoolExecutor-1_0, started 281472806220128)>","logger":"task.stdout"}
{"timestamp":"2026-01-01T00:11:00.065334Z","level":"info","event":"    │    │        │    └ (<weakref at 0xffff90350ef0; to 'ThreadPoolExecutor' at 0xffff86d3eb70>, <_queue.SimpleQueue object at 0xffff712e3b00>, None,...","logger":"task.stdout"}
{"timestamp":"2026-01-01T00:11:00.065404Z","level":"info","event":"    │    │        └ <Thread(ThreadPoolExecutor-1_0, started 281472806220128)>","logger":"task.stdout"}
{"timestamp":"2026-01-01T00:11:00.065473Z","level":"info","event":"    │    └ <function _worker at 0xffff937a1c60>","logger":"task.stdout"}
{"timestamp":"2026-01-01T00:11:00.065538Z","level":"info","event":"    └ <Thread(ThreadPoolExecutor-1_0, started 281472806220128)>","logger":"task.stdout"}
{"timestamp":"2026-01-01T00:11:00.065607Z","level":"info","event":"  File \"/usr/python/lib/python3.12/concurrent/futures/thread.py\", line 93, in _worker","logger":"task.stdout"}
{"timestamp":"2026-01-01T00:11:00.065673Z","level":"info","event":"    work_item.run()","logger":"task.stdout"}
{"timestamp":"2026-01-01T00:11:00.065740Z","level":"info","event":"    │         └ <function _WorkItem.run at 0xffff937a1da0>","logger":"task.stdout"}
{"timestamp":"2026-01-01T00:11:00.065855Z","level":"info","event":"    └ <concurrent.futures.thread._WorkItem object at 0xffff92521940>","logger":"task.stdout"}
{"timestamp":"2026-01-01T00:11:00.065921Z","level":"info","event":"  File \"/usr/python/lib/python3.12/concurrent/futures/thread.py\", line 59, in run","logger":"task.stdout"}
{"timestamp":"2026-01-01T00:11:00.065988Z","level":"info","event":"    result = self.fn(*self.args, **self.kwargs)","logger":"task.stdout"}
{"timestamp":"2026-01-01T00:11:00.066054Z","level":"info","event":"             │    │   │    │       │    └ {}","logger":"task.stdout"}
{"timestamp":"2026-01-01T00:11:00.066121Z","level":"info","event":"             │    │   │    │       └ <concurrent.futures.thread._WorkItem object at 0xffff92521940>","logger":"task.stdout"}
{"timestamp":"2026-01-01T00:11:00.066192Z","level":"info","event":"             │    │   │    └ ([('process_flow_year_chunk-c23ab0e7-754e-4ea3-bc29-417251f18c73', (<Task 'process_flow_year_chunk-c23ab0e7-754e-4ea3-bc29-41...","logger":"task.stdout"}
{"timestamp":"2026-01-01T00:11:00.066269Z","level":"info","event":"             │    │   └ <concurrent.futures.thread._WorkItem object at 0xffff92521940>","logger":"task.stdout"}
{"timestamp":"2026-01-01T00:11:00.066335Z","level":"info","event":"             │    └ <function batch_execute_tasks at 0xffff8d561d00>","logger":"task.stdout"}
{"timestamp":"2026-01-01T00:11:00.066403Z","level":"info","event":"             └ <concurrent.futures.thread._WorkItem object at 0xffff92521940>","logger":"task.stdout"}
{"timestamp":"2026-01-01T00:11:00.066470Z","level":"info","event":"  File \"/home/airflow/.local/lib/python3.12/site-packages/dask/local.py\", line 270, in batch_execute_tasks","logger":"task.stdout"}
{"timestamp":"2026-01-01T00:11:00.066545Z","level":"info","event":"    return [execute_task(*a) for a in it]","logger":"task.stdout"}
{"timestamp":"2026-01-01T00:11:00.066615Z","level":"info","event":"            │             │      │    └ [('process_flow_year_chunk-c23ab0e7-754e-4ea3-bc29-417251f18c73', (<Task 'process_flow_year_chunk-c23ab0e7-754e-4ea3-bc29-417...","logger":"task.stdout"}
{"timestamp":"2026-01-01T00:11:00.066682Z","level":"info","event":"            │             │      └ ('process_flow_year_chunk-c23ab0e7-754e-4ea3-bc29-417251f18c73', (<Task 'process_flow_year_chunk-c23ab0e7-754e-4ea3-bc29-4172...","logger":"task.stdout"}
{"timestamp":"2026-01-01T00:11:00.066750Z","level":"info","event":"            │             └ ('process_flow_year_chunk-c23ab0e7-754e-4ea3-bc29-417251f18c73', (<Task 'process_flow_year_chunk-c23ab0e7-754e-4ea3-bc29-4172...","logger":"task.stdout"}
{"timestamp":"2026-01-01T00:11:00.066817Z","level":"info","event":"            └ <function execute_task at 0xffff8d561c60>","logger":"task.stdout"}
{"timestamp":"2026-01-01T00:11:00.066887Z","level":"info","event":"  File \"/home/airflow/.local/lib/python3.12/site-packages/dask/local.py\", line 256, in execute_task","logger":"task.stdout"}
{"timestamp":"2026-01-01T00:11:00.066954Z","level":"info","event":"    result = task(data)","logger":"task.stdout"}
{"timestamp":"2026-01-01T00:11:00.067023Z","level":"info","event":"             │    └ {}","logger":"task.stdout"}
{"timestamp":"2026-01-01T00:11:00.067090Z","level":"info","event":"             └ <Task 'process_flow_year_chunk-c23ab0e7-754e-4ea3-bc29-417251f18c73' process_flow_year_chunk(...)>","logger":"task.stdout"}
{"timestamp":"2026-01-01T00:11:00.067159Z","level":"info","event":"  File \"/home/airflow/.local/lib/python3.12/site-packages/dask/_task_spec.py\", line 759, in __call__","logger":"task.stdout"}
{"timestamp":"2026-01-01T00:11:00.067224Z","level":"info","event":"    return self.func(*new_argspec)","logger":"task.stdout"}
{"timestamp":"2026-01-01T00:11:00.069272Z","level":"info","event":"           │    │     └ ('IMTS', 'IMF.STA,IMTS,latest', [1998, 1999, 2000, 2001, 2002], IMFConfig(key='all', sub_key='all', base_url='https://api.imf...","logger":"task.stdout"}
{"timestamp":"2026-01-01T00:11:00.069394Z","level":"info","event":"           │    └ <member 'func' of 'Task' objects>","logger":"task.stdout"}
{"timestamp":"2026-01-01T00:11:00.069465Z","level":"info","event":"           └ <Task 'process_flow_year_chunk-c23ab0e7-754e-4ea3-bc29-417251f18c73' process_flow_year_chunk(...)>","logger":"task.stdout"}
{"timestamp":"2026-01-01T00:11:00.069536Z","level":"info","event":"","logger":"task.stdout"}
{"timestamp":"2026-01-01T00:11:00.069604Z","level":"info","event":"> File \"/opt/airflow/dags/pipelines/imf/pipeline.py\", line 54, in process_flow_year_chunk","logger":"task.stdout"}
{"timestamp":"2026-01-01T00:11:00.069672Z","level":"info","event":"    if s3_object_exists(s3_cfg.bucket, s3_key, s3_cfg.region):","logger":"task.stdout"}
{"timestamp":"2026-01-01T00:11:00.069738Z","level":"info","event":"       │                │      │       │       │      └ 'eu-west-1'","logger":"task.stdout"}
{"timestamp":"2026-01-01T00:11:00.069804Z","level":"info","event":"       │                │      │       │       └ S3Config(bucket='personal-projectbucket', prefix='imf', region='eu-west-1')","logger":"task.stdout"}
{"timestamp":"2026-01-01T00:11:00.069871Z","level":"info","event":"       │                │      │       └ 'imf/IMTS/year=2001/IMTS_2001.csv'","logger":"task.stdout"}
{"timestamp":"2026-01-01T00:11:00.070009Z","level":"info","event":"       │                │      └ 'personal-projectbucket'","logger":"task.stdout"}
{"timestamp":"2026-01-01T00:11:00.070090Z","level":"info","event":"       │                └ S3Config(bucket='personal-projectbucket', prefix='imf', region='eu-west-1')","logger":"task.stdout"}
{"timestamp":"2026-01-01T00:11:00.070159Z","level":"info","event":"       └ <function s3_object_exists at 0xffff8cfba7a0>","logger":"task.stdout"}
{"timestamp":"2026-01-01T00:11:00.070225Z","level":"info","event":"","logger":"task.stdout"}
{"timestamp":"2026-01-01T00:11:00.070306Z","level":"info","event":"  File \"/opt/airflow/dags/pipelines/common/s3_utils.py\", line 29, in s3_object_exists","logger":"task.stdout"}
{"timestamp":"2026-01-01T00:11:00.070371Z","level":"info","event":"    s3.head_object(Bucket=bucket, Key=key)","logger":"task.stdout"}
{"timestamp":"2026-01-01T00:11:00.070436Z","level":"info","event":"    │  │                  │           └ 'imf/IMTS/year=2001/IMTS_2001.csv'","logger":"task.stdout"}
{"timestamp":"2026-01-01T00:11:00.070501Z","level":"info","event":"    │  │                  └ 'personal-projectbucket'","logger":"task.stdout"}
{"timestamp":"2026-01-01T00:11:00.070568Z","level":"info","event":"    │  └ <function ClientCreator._create_api_method.<locals>._api_call at 0xffff71310680>","logger":"task.stdout"}
{"timestamp":"2026-01-01T00:11:00.070634Z","level":"info","event":"    └ <botocore.client.S3 object at 0xffff717a79e0>","logger":"task.stdout"}
{"timestamp":"2026-01-01T00:11:00.070701Z","level":"info","event":"","logger":"task.stdout"}
{"timestamp":"2026-01-01T00:11:00.070768Z","level":"info","event":"  File \"/home/airflow/.local/lib/python3.12/site-packages/botocore/client.py\", line 602, in _api_call","logger":"task.stdout"}
{"timestamp":"2026-01-01T00:11:00.070837Z","level":"info","event":"    return self._make_api_call(operation_name, kwargs)","logger":"task.stdout"}
{"timestamp":"2026-01-01T00:11:00.070902Z","level":"info","event":"           │    │              │               └ {'Bucket': 'personal-projectbucket', 'Key': 'imf/IMTS/year=2001/IMTS_2001.csv'}","logger":"task.stdout"}
{"timestamp":"2026-01-01T00:11:00.070970Z","level":"info","event":"           │    │              └ 'HeadObject'","logger":"task.stdout"}
{"timestamp":"2026-01-01T00:11:00.071036Z","level":"info","event":"           │    └ <function BaseClient._make_api_call at 0xffff8cf3b060>","logger":"task.stdout"}
{"timestamp":"2026-01-01T00:11:00.071105Z","level":"info","event":"           └ <botocore.client.S3 object at 0xffff717a79e0>","logger":"task.stdout"}
{"timestamp":"2026-01-01T00:11:00.071172Z","level":"info","event":"  File \"/home/airflow/.local/lib/python3.12/site-packages/botocore/context.py\", line 123, in wrapper","logger":"task.stdout"}
{"timestamp":"2026-01-01T00:11:00.071279Z","level":"info","event":"    return func(*args, **kwargs)","logger":"task.stdout"}
{"timestamp":"2026-01-01T00:11:00.071344Z","level":"info","event":"           │     │       └ {}","logger":"task.stdout"}
{"timestamp":"2026-01-01T00:11:00.071413Z","level":"info","event":"           │     └ (<botocore.client.S3 object at 0xffff717a79e0>, 'HeadObject', {'Bucket': 'personal-projectbucket', 'Key': 'imf/IMTS/year=2001...","logger":"task.stdout"}
{"timestamp":"2026-01-01T00:11:00.071482Z","level":"info","event":"           └ <function BaseClient._make_api_call at 0xffff8cf3afc0>","logger":"task.stdout"}
{"timestamp":"2026-01-01T00:11:00.071549Z","level":"info","event":"  File \"/home/airflow/.local/lib/python3.12/site-packages/botocore/client.py\", line 1078, in _make_api_call","logger":"task.stdout"}
{"timestamp":"2026-01-01T00:11:00.071614Z","level":"info","event":"    raise error_class(parsed_response, operation_name)","logger":"task.stdout"}
{"timestamp":"2026-01-01T00:11:00.071681Z","level":"info","event":"          │           │                └ 'HeadObject'","logger":"task.stdout"}
{"timestamp":"2026-01-01T00:11:00.071746Z","level":"info","event":"          │           └ {'Error': {'Code': '403', 'Message': 'Forbidden'}, 'ResponseMetadata': {'RequestId': '254335CQZHF8ZHHZ', 'HostId': 'riHyOyXlH...","logger":"task.stdout"}
{"timestamp":"2026-01-01T00:11:00.071813Z","level":"info","event":"          └ <class 'botocore.exceptions.ClientError'>","logger":"task.stdout"}
{"timestamp":"2026-01-01T00:11:00.071881Z","level":"info","event":"","logger":"task.stdout"}
{"timestamp":"2026-01-01T00:11:00.071950Z","level":"info","event":"botocore.exceptions.ClientError: An error occurred (403) when calling the HeadObject operation: Forbidden","logger":"task.stdout"}
{"timestamp":"2026-01-01T00:11:00.244881Z","level":"info","event":"2026-01-01 00:11:00 | ERROR | S3 head_object failed | flow=IMTS year=2002 key=imf/IMTS/year=2002/IMTS_2002.csv","logger":"task.stdout"}
{"timestamp":"2026-01-01T00:11:00.245078Z","level":"info","event":"Traceback (most recent call last):","logger":"task.stdout"}
{"timestamp":"2026-01-01T00:11:00.245168Z","level":"info","event":"","logger":"task.stdout"}
{"timestamp":"2026-01-01T00:11:00.245265Z","level":"info","event":"  File \"/usr/python/lib/python3.12/threading.py\", line 1032, in _bootstrap","logger":"task.stdout"}
{"timestamp":"2026-01-01T00:11:00.246341Z","level":"info","event":"    self._bootstrap_inner()","logger":"task.stdout"}
{"timestamp":"2026-01-01T00:11:00.246783Z","level":"info","event":"    │    └ <function Thread._bootstrap_inner at 0xffff99068f40>","logger":"task.stdout"}
{"timestamp":"2026-01-01T00:11:00.247004Z","level":"info","event":"    └ <Thread(ThreadPoolExecutor-1_0, started 281472806220128)>","logger":"task.stdout"}
{"timestamp":"2026-01-01T00:11:00.247207Z","level":"info","event":"  File \"/usr/python/lib/python3.12/threading.py\", line 1075, in _bootstrap_inner","logger":"task.stdout"}
{"timestamp":"2026-01-01T00:11:00.247456Z","level":"info","event":"    self.run()","logger":"task.stdout"}
{"timestamp":"2026-01-01T00:11:00.247892Z","level":"info","event":"    │    └ <function Thread.run at 0xffff99068c20>","logger":"task.stdout"}
{"timestamp":"2026-01-01T00:11:00.248024Z","level":"info","event":"    └ <Thread(ThreadPoolExecutor-1_0, started 281472806220128)>","logger":"task.stdout"}
{"timestamp":"2026-01-01T00:11:00.248157Z","level":"info","event":"  File \"/usr/python/lib/python3.12/threading.py\", line 1012, in run","logger":"task.stdout"}
{"timestamp":"2026-01-01T00:11:00.248354Z","level":"info","event":"    self._target(*self._args, **self._kwargs)","logger":"task.stdout"}
{"timestamp":"2026-01-01T00:11:00.248630Z","level":"info","event":"    │    │        │    │        │    └ {}","logger":"task.stdout"}
{"timestamp":"2026-01-01T00:11:00.248862Z","level":"info","event":"    │    │        │    │        └ <Thread(ThreadPoolExecutor-1_0, started 281472806220128)>","logger":"task.stdout"}
{"timestamp":"2026-01-01T00:11:00.250303Z","level":"info","event":"    │    │        │    └ (<weakref at 0xffff90350ef0; to 'ThreadPoolExecutor' at 0xffff86d3eb70>, <_queue.SimpleQueue object at 0xffff712e3b00>, None,...","logger":"task.stdout"}
{"timestamp":"2026-01-01T00:11:00.250443Z","level":"info","event":"    │    │        └ <Thread(ThreadPoolExecutor-1_0, started 281472806220128)>","logger":"task.stdout"}
{"timestamp":"2026-01-01T00:11:00.250559Z","level":"info","event":"    │    └ <function _worker at 0xffff937a1c60>","logger":"task.stdout"}
{"timestamp":"2026-01-01T00:11:00.250751Z","level":"info","event":"    └ <Thread(ThreadPoolExecutor-1_0, started 281472806220128)>","logger":"task.stdout"}
{"timestamp":"2026-01-01T00:11:00.251385Z","level":"info","event":"  File \"/usr/python/lib/python3.12/concurrent/futures/thread.py\", line 93, in _worker","logger":"task.stdout"}
{"timestamp":"2026-01-01T00:11:00.252032Z","level":"info","event":"    work_item.run()","logger":"task.stdout"}
{"timestamp":"2026-01-01T00:11:00.252141Z","level":"info","event":"    │         └ <function _WorkItem.run at 0xffff937a1da0>","logger":"task.stdout"}
{"timestamp":"2026-01-01T00:11:00.252399Z","level":"info","event":"    └ <concurrent.futures.thread._WorkItem object at 0xffff92521940>","logger":"task.stdout"}
{"timestamp":"2026-01-01T00:11:00.253876Z","level":"info","event":"  File \"/usr/python/lib/python3.12/concurrent/futures/thread.py\", line 59, in run","logger":"task.stdout"}
{"timestamp":"2026-01-01T00:11:00.254416Z","level":"info","event":"    result = self.fn(*self.args, **self.kwargs)","logger":"task.stdout"}
{"timestamp":"2026-01-01T00:11:00.254543Z","level":"info","event":"             │    │   │    │       │    └ {}","logger":"task.stdout"}
{"timestamp":"2026-01-01T00:11:00.254643Z","level":"info","event":"             │    │   │    │       └ <concurrent.futures.thread._WorkItem object at 0xffff92521940>","logger":"task.stdout"}
{"timestamp":"2026-01-01T00:11:00.255195Z","level":"info","event":"             │    │   │    └ ([('process_flow_year_chunk-c23ab0e7-754e-4ea3-bc29-417251f18c73', (<Task 'process_flow_year_chunk-c23ab0e7-754e-4ea3-bc29-41...","logger":"task.stdout"}
{"timestamp":"2026-01-01T00:11:00.256391Z","level":"info","event":"             │    │   └ <concurrent.futures.thread._WorkItem object at 0xffff92521940>","logger":"task.stdout"}
{"timestamp":"2026-01-01T00:11:00.256486Z","level":"info","event":"             │    └ <function batch_execute_tasks at 0xffff8d561d00>","logger":"task.stdout"}
{"timestamp":"2026-01-01T00:11:00.256652Z","level":"info","event":"             └ <concurrent.futures.thread._WorkItem object at 0xffff92521940>","logger":"task.stdout"}
{"timestamp":"2026-01-01T00:11:00.257464Z","level":"info","event":"  File \"/home/airflow/.local/lib/python3.12/site-packages/dask/local.py\", line 270, in batch_execute_tasks","logger":"task.stdout"}
{"timestamp":"2026-01-01T00:11:00.257773Z","level":"info","event":"    return [execute_task(*a) for a in it]","logger":"task.stdout"}
{"timestamp":"2026-01-01T00:11:00.257938Z","level":"info","event":"            │             │      │    └ [('process_flow_year_chunk-c23ab0e7-754e-4ea3-bc29-417251f18c73', (<Task 'process_flow_year_chunk-c23ab0e7-754e-4ea3-bc29-417...","logger":"task.stdout"}
{"timestamp":"2026-01-01T00:11:00.258038Z","level":"info","event":"            │             │      └ ('process_flow_year_chunk-c23ab0e7-754e-4ea3-bc29-417251f18c73', (<Task 'process_flow_year_chunk-c23ab0e7-754e-4ea3-bc29-4172...","logger":"task.stdout"}
{"timestamp":"2026-01-01T00:11:00.258158Z","level":"info","event":"            │             └ ('process_flow_year_chunk-c23ab0e7-754e-4ea3-bc29-417251f18c73', (<Task 'process_flow_year_chunk-c23ab0e7-754e-4ea3-bc29-4172...","logger":"task.stdout"}
{"timestamp":"2026-01-01T00:11:00.258289Z","level":"info","event":"            └ <function execute_task at 0xffff8d561c60>","logger":"task.stdout"}
{"timestamp":"2026-01-01T00:11:00.259699Z","level":"info","event":"  File \"/home/airflow/.local/lib/python3.12/site-packages/dask/local.py\", line 256, in execute_task","logger":"task.stdout"}
{"timestamp":"2026-01-01T00:11:00.259996Z","level":"info","event":"    result = task(data)","logger":"task.stdout"}
{"timestamp":"2026-01-01T00:11:00.260233Z","level":"info","event":"             │    └ {}","logger":"task.stdout"}
{"timestamp":"2026-01-01T00:11:00.261216Z","level":"info","event":"             └ <Task 'process_flow_year_chunk-c23ab0e7-754e-4ea3-bc29-417251f18c73' process_flow_year_chunk(...)>","logger":"task.stdout"}
{"timestamp":"2026-01-01T00:11:00.262007Z","level":"info","event":"  File \"/home/airflow/.local/lib/python3.12/site-packages/dask/_task_spec.py\", line 759, in __call__","logger":"task.stdout"}
{"timestamp":"2026-01-01T00:11:00.262696Z","level":"info","event":"    return self.func(*new_argspec)","logger":"task.stdout"}
{"timestamp":"2026-01-01T00:11:00.262956Z","level":"info","event":"           │    │     └ ('IMTS', 'IMF.STA,IMTS,latest', [1998, 1999, 2000, 2001, 2002], IMFConfig(key='all', sub_key='all', base_url='https://api.imf...","logger":"task.stdout"}
{"timestamp":"2026-01-01T00:11:00.263088Z","level":"info","event":"           │    └ <member 'func' of 'Task' objects>","logger":"task.stdout"}
{"timestamp":"2026-01-01T00:11:00.263209Z","level":"info","event":"           └ <Task 'process_flow_year_chunk-c23ab0e7-754e-4ea3-bc29-417251f18c73' process_flow_year_chunk(...)>","logger":"task.stdout"}
{"timestamp":"2026-01-01T00:11:00.264153Z","level":"info","event":"","logger":"task.stdout"}
{"timestamp":"2026-01-01T00:11:00.265170Z","level":"info","event":"> File \"/opt/airflow/dags/pipelines/imf/pipeline.py\", line 54, in process_flow_year_chunk","logger":"task.stdout"}
{"timestamp":"2026-01-01T00:11:00.265436Z","level":"info","event":"    if s3_object_exists(s3_cfg.bucket, s3_key, s3_cfg.region):","logger":"task.stdout"}
{"timestamp":"2026-01-01T00:11:00.266012Z","level":"info","event":"       │                │      │       │       │      └ 'eu-west-1'","logger":"task.stdout"}
{"timestamp":"2026-01-01T00:11:00.266207Z","level":"info","event":"       │                │      │       │       └ S3Config(bucket='personal-projectbucket', prefix='imf', region='eu-west-1')","logger":"task.stdout"}
{"timestamp":"2026-01-01T00:11:00.266416Z","level":"info","event":"       │                │      │       └ 'imf/IMTS/year=2002/IMTS_2002.csv'","logger":"task.stdout"}
{"timestamp":"2026-01-01T00:11:00.266791Z","level":"info","event":"       │                │      └ 'personal-projectbucket'","logger":"task.stdout"}
{"timestamp":"2026-01-01T00:11:00.266997Z","level":"info","event":"       │                └ S3Config(bucket='personal-projectbucket', prefix='imf', region='eu-west-1')","logger":"task.stdout"}
{"timestamp":"2026-01-01T00:11:00.267183Z","level":"info","event":"       └ <function s3_object_exists at 0xffff8cfba7a0>","logger":"task.stdout"}
{"timestamp":"2026-01-01T00:11:00.267339Z","level":"info","event":"","logger":"task.stdout"}
{"timestamp":"2026-01-01T00:11:00.267451Z","level":"info","event":"  File \"/opt/airflow/dags/pipelines/common/s3_utils.py\", line 29, in s3_object_exists","logger":"task.stdout"}
{"timestamp":"2026-01-01T00:11:00.267550Z","level":"info","event":"    s3.head_object(Bucket=bucket, Key=key)","logger":"task.stdout"}
{"timestamp":"2026-01-01T00:11:00.267663Z","level":"info","event":"    │  │                  │           └ 'imf/IMTS/year=2002/IMTS_2002.csv'","logger":"task.stdout"}
{"timestamp":"2026-01-01T00:11:00.267775Z","level":"info","event":"    │  │                  └ 'personal-projectbucket'","logger":"task.stdout"}
{"timestamp":"2026-01-01T00:11:00.267894Z","level":"info","event":"    │  └ <function ClientCreator._create_api_method.<locals>._api_call at 0xffff71310680>","logger":"task.stdout"}
{"timestamp":"2026-01-01T00:11:00.268064Z","level":"info","event":"    └ <botocore.client.S3 object at 0xffff717a79e0>","logger":"task.stdout"}
{"timestamp":"2026-01-01T00:11:00.268185Z","level":"info","event":"","logger":"task.stdout"}
{"timestamp":"2026-01-01T00:11:00.268350Z","level":"info","event":"  File \"/home/airflow/.local/lib/python3.12/site-packages/botocore/client.py\", line 602, in _api_call","logger":"task.stdout"}
{"timestamp":"2026-01-01T00:11:00.268492Z","level":"info","event":"    return self._make_api_call(operation_name, kwargs)","logger":"task.stdout"}
{"timestamp":"2026-01-01T00:11:00.268643Z","level":"info","event":"           │    │              │               └ {'Bucket': 'personal-projectbucket', 'Key': 'imf/IMTS/year=2002/IMTS_2002.csv'}","logger":"task.stdout"}
{"timestamp":"2026-01-01T00:11:00.268794Z","level":"info","event":"           │    │              └ 'HeadObject'","logger":"task.stdout"}
{"timestamp":"2026-01-01T00:11:00.268945Z","level":"info","event":"           │    └ <function BaseClient._make_api_call at 0xffff8cf3b060>","logger":"task.stdout"}
{"timestamp":"2026-01-01T00:11:00.269089Z","level":"info","event":"           └ <botocore.client.S3 object at 0xffff717a79e0>","logger":"task.stdout"}
{"timestamp":"2026-01-01T00:11:00.269267Z","level":"info","event":"  File \"/home/airflow/.local/lib/python3.12/site-packages/botocore/context.py\", line 123, in wrapper","logger":"task.stdout"}
{"timestamp":"2026-01-01T00:11:00.269410Z","level":"info","event":"    return func(*args, **kwargs)","logger":"task.stdout"}
{"timestamp":"2026-01-01T00:11:00.269573Z","level":"info","event":"           │     │       └ {}","logger":"task.stdout"}
{"timestamp":"2026-01-01T00:11:00.269749Z","level":"info","event":"           │     └ (<botocore.client.S3 object at 0xffff717a79e0>, 'HeadObject', {'Bucket': 'personal-projectbucket', 'Key': 'imf/IMTS/year=2002...","logger":"task.stdout"}
{"timestamp":"2026-01-01T00:11:00.269908Z","level":"info","event":"           └ <function BaseClient._make_api_call at 0xffff8cf3afc0>","logger":"task.stdout"}
{"timestamp":"2026-01-01T00:11:00.270030Z","level":"info","event":"  File \"/home/airflow/.local/lib/python3.12/site-packages/botocore/client.py\", line 1078, in _make_api_call","logger":"task.stdout"}
{"timestamp":"2026-01-01T00:11:00.270175Z","level":"info","event":"    raise error_class(parsed_response, operation_name)","logger":"task.stdout"}
{"timestamp":"2026-01-01T00:11:00.270338Z","level":"info","event":"          │           │                └ 'HeadObject'","logger":"task.stdout"}
{"timestamp":"2026-01-01T00:11:00.270490Z","level":"info","event":"          │           └ {'Error': {'Code': '403', 'Message': 'Forbidden'}, 'ResponseMetadata': {'RequestId': '2545A5AQXS6VS60N', 'HostId': 'Suw+vr64O...","logger":"task.stdout"}
{"timestamp":"2026-01-01T00:11:00.270632Z","level":"info","event":"          └ <class 'botocore.exceptions.ClientError'>","logger":"task.stdout"}
{"timestamp":"2026-01-01T00:11:00.270788Z","level":"info","event":"","logger":"task.stdout"}
{"timestamp":"2026-01-01T00:11:00.270928Z","level":"info","event":"botocore.exceptions.ClientError: An error occurred (403) when calling the HeadObject operation: Forbidden","logger":"task.stdout"}
{"timestamp":"2026-01-01T00:11:00.430359Z","level":"info","event":"2026-01-01 00:11:00 | ERROR | S3 head_object failed | flow=CPI year=2003 key=imf/CPI/year=2003/CPI_2003.csv","logger":"task.stdout"}
{"timestamp":"2026-01-01T00:11:00.431502Z","level":"info","event":"Traceback (most recent call last):","logger":"task.stdout"}
{"timestamp":"2026-01-01T00:11:00.431641Z","level":"info","event":"","logger":"task.stdout"}
{"timestamp":"2026-01-01T00:11:00.431723Z","level":"info","event":"  File \"/usr/python/lib/python3.12/threading.py\", line 1032, in _bootstrap","logger":"task.stdout"}
{"timestamp":"2026-01-01T00:11:00.431809Z","level":"info","event":"    self._bootstrap_inner()","logger":"task.stdout"}
{"timestamp":"2026-01-01T00:11:00.431869Z","level":"info","event":"    │    └ <function Thread._bootstrap_inner at 0xffff99068f40>","logger":"task.stdout"}
{"timestamp":"2026-01-01T00:11:00.431970Z","level":"info","event":"    └ <Thread(ThreadPoolExecutor-1_0, started 281472806220128)>","logger":"task.stdout"}
{"timestamp":"2026-01-01T00:11:00.435269Z","level":"info","event":"  File \"/usr/python/lib/python3.12/threading.py\", line 1075, in _bootstrap_inner","logger":"task.stdout"}
{"timestamp":"2026-01-01T00:11:00.435348Z","level":"info","event":"    self.run()","logger":"task.stdout"}
{"timestamp":"2026-01-01T00:11:00.435409Z","level":"info","event":"    │    └ <function Thread.run at 0xffff99068c20>","logger":"task.stdout"}
{"timestamp":"2026-01-01T00:11:00.435466Z","level":"info","event":"    └ <Thread(ThreadPoolExecutor-1_0, started 281472806220128)>","logger":"task.stdout"}
{"timestamp":"2026-01-01T00:11:00.435522Z","level":"info","event":"  File \"/usr/python/lib/python3.12/threading.py\", line 1012, in run","logger":"task.stdout"}
{"timestamp":"2026-01-01T00:11:00.435579Z","level":"info","event":"    self._target(*self._args, **self._kwargs)","logger":"task.stdout"}
{"timestamp":"2026-01-01T00:11:00.435637Z","level":"info","event":"    │    │        │    │        │    └ {}","logger":"task.stdout"}
{"timestamp":"2026-01-01T00:11:00.435694Z","level":"info","event":"    │    │        │    │        └ <Thread(ThreadPoolExecutor-1_0, started 281472806220128)>","logger":"task.stdout"}
{"timestamp":"2026-01-01T00:11:00.435758Z","level":"info","event":"    │    │        │    └ (<weakref at 0xffff90350ef0; to 'ThreadPoolExecutor' at 0xffff86d3eb70>, <_queue.SimpleQueue object at 0xffff712e3b00>, None,...","logger":"task.stdout"}
{"timestamp":"2026-01-01T00:11:00.435815Z","level":"info","event":"    │    │        └ <Thread(ThreadPoolExecutor-1_0, started 281472806220128)>","logger":"task.stdout"}
{"timestamp":"2026-01-01T00:11:00.435870Z","level":"info","event":"    │    └ <function _worker at 0xffff937a1c60>","logger":"task.stdout"}
{"timestamp":"2026-01-01T00:11:00.435923Z","level":"info","event":"    └ <Thread(ThreadPoolExecutor-1_0, started 281472806220128)>","logger":"task.stdout"}
{"timestamp":"2026-01-01T00:11:00.435977Z","level":"info","event":"  File \"/usr/python/lib/python3.12/concurrent/futures/thread.py\", line 93, in _worker","logger":"task.stdout"}
{"timestamp":"2026-01-01T00:11:00.436033Z","level":"info","event":"    work_item.run()","logger":"task.stdout"}
{"timestamp":"2026-01-01T00:11:00.436088Z","level":"info","event":"    │         └ <function _WorkItem.run at 0xffff937a1da0>","logger":"task.stdout"}
{"timestamp":"2026-01-01T00:11:00.436145Z","level":"info","event":"    └ <concurrent.futures.thread._WorkItem object at 0xffff704685c0>","logger":"task.stdout"}
{"timestamp":"2026-01-01T00:11:00.436205Z","level":"info","event":"  File \"/usr/python/lib/python3.12/concurrent/futures/thread.py\", line 59, in run","logger":"task.stdout"}
{"timestamp":"2026-01-01T00:11:00.436269Z","level":"info","event":"    result = self.fn(*self.args, **self.kwargs)","logger":"task.stdout"}
{"timestamp":"2026-01-01T00:11:00.436325Z","level":"info","event":"             │    │   │    │       │    └ {}","logger":"task.stdout"}
{"timestamp":"2026-01-01T00:11:00.436381Z","level":"info","event":"             │    │   │    │       └ <concurrent.futures.thread._WorkItem object at 0xffff704685c0>","logger":"task.stdout"}
{"timestamp":"2026-01-01T00:11:00.436438Z","level":"info","event":"             │    │   │    └ ([('process_flow_year_chunk-c22d1a66-a457-43d0-b7a8-5bb44f7410b9', (<Task 'process_flow_year_chunk-c22d1a66-a457-43d0-b7a8-5b...","logger":"task.stdout"}
{"timestamp":"2026-01-01T00:11:00.436495Z","level":"info","event":"             │    │   └ <concurrent.futures.thread._WorkItem object at 0xffff704685c0>","logger":"task.stdout"}
{"timestamp":"2026-01-01T00:11:00.436552Z","level":"info","event":"             │    └ <function batch_execute_tasks at 0xffff8d561d00>","logger":"task.stdout"}
{"timestamp":"2026-01-01T00:11:00.436640Z","level":"info","event":"             └ <concurrent.futures.thread._WorkItem object at 0xffff704685c0>","logger":"task.stdout"}
{"timestamp":"2026-01-01T00:11:00.436695Z","level":"info","event":"  File \"/home/airflow/.local/lib/python3.12/site-packages/dask/local.py\", line 270, in batch_execute_tasks","logger":"task.stdout"}
{"timestamp":"2026-01-01T00:11:00.436748Z","level":"info","event":"    return [execute_task(*a) for a in it]","logger":"task.stdout"}
{"timestamp":"2026-01-01T00:11:00.436802Z","level":"info","event":"            │             │      │    └ [('process_flow_year_chunk-c22d1a66-a457-43d0-b7a8-5bb44f7410b9', (<Task 'process_flow_year_chunk-c22d1a66-a457-43d0-b7a8-5bb...","logger":"task.stdout"}
{"timestamp":"2026-01-01T00:11:00.436856Z","level":"info","event":"            │             │      └ ('process_flow_year_chunk-c22d1a66-a457-43d0-b7a8-5bb44f7410b9', (<Task 'process_flow_year_chunk-c22d1a66-a457-43d0-b7a8-5bb4...","logger":"task.stdout"}
{"timestamp":"2026-01-01T00:11:00.436910Z","level":"info","event":"            │             └ ('process_flow_year_chunk-c22d1a66-a457-43d0-b7a8-5bb44f7410b9', (<Task 'process_flow_year_chunk-c22d1a66-a457-43d0-b7a8-5bb4...","logger":"task.stdout"}
{"timestamp":"2026-01-01T00:11:00.436964Z","level":"info","event":"            └ <function execute_task at 0xffff8d561c60>","logger":"task.stdout"}
{"timestamp":"2026-01-01T00:11:00.437018Z","level":"info","event":"  File \"/home/airflow/.local/lib/python3.12/site-packages/dask/local.py\", line 256, in execute_task","logger":"task.stdout"}
{"timestamp":"2026-01-01T00:11:00.437078Z","level":"info","event":"    result = task(data)","logger":"task.stdout"}
{"timestamp":"2026-01-01T00:11:00.437131Z","level":"info","event":"             │    └ {}","logger":"task.stdout"}
{"timestamp":"2026-01-01T00:11:00.437184Z","level":"info","event":"             └ <Task 'process_flow_year_chunk-c22d1a66-a457-43d0-b7a8-5bb44f7410b9' process_flow_year_chunk(...)>","logger":"task.stdout"}
{"timestamp":"2026-01-01T00:11:00.437238Z","level":"info","event":"  File \"/home/airflow/.local/lib/python3.12/site-packages/dask/_task_spec.py\", line 759, in __call__","logger":"task.stdout"}
{"timestamp":"2026-01-01T00:11:00.437306Z","level":"info","event":"    return self.func(*new_argspec)","logger":"task.stdout"}
{"timestamp":"2026-01-01T00:11:00.437361Z","level":"info","event":"           │    │     └ ('CPI', 'IMF.STA,CPI,latest', [2003, 2004, 2005, 2006, 2007], IMFConfig(key='all', sub_key='all', base_url='https://api.imf.o...","logger":"task.stdout"}
{"timestamp":"2026-01-01T00:11:00.437419Z","level":"info","event":"           │    └ <member 'func' of 'Task' objects>","logger":"task.stdout"}
{"timestamp":"2026-01-01T00:11:00.437474Z","level":"info","event":"           └ <Task 'process_flow_year_chunk-c22d1a66-a457-43d0-b7a8-5bb44f7410b9' process_flow_year_chunk(...)>","logger":"task.stdout"}
{"timestamp":"2026-01-01T00:11:00.437529Z","level":"info","event":"","logger":"task.stdout"}
{"timestamp":"2026-01-01T00:11:00.437582Z","level":"info","event":"> File \"/opt/airflow/dags/pipelines/imf/pipeline.py\", line 54, in process_flow_year_chunk","logger":"task.stdout"}
{"timestamp":"2026-01-01T00:11:00.437636Z","level":"info","event":"    if s3_object_exists(s3_cfg.bucket, s3_key, s3_cfg.region):","logger":"task.stdout"}
{"timestamp":"2026-01-01T00:11:00.437692Z","level":"info","event":"       │                │      │       │       │      └ 'eu-west-1'","logger":"task.stdout"}
{"timestamp":"2026-01-01T00:11:00.437745Z","level":"info","event":"       │                │      │       │       └ S3Config(bucket='personal-projectbucket', prefix='imf', region='eu-west-1')","logger":"task.stdout"}
{"timestamp":"2026-01-01T00:11:00.437799Z","level":"info","event":"       │                │      │       └ 'imf/CPI/year=2003/CPI_2003.csv'","logger":"task.stdout"}
{"timestamp":"2026-01-01T00:11:00.437914Z","level":"info","event":"       │                │      └ 'personal-projectbucket'","logger":"task.stdout"}
{"timestamp":"2026-01-01T00:11:00.437999Z","level":"info","event":"       │                └ S3Config(bucket='personal-projectbucket', prefix='imf', region='eu-west-1')","logger":"task.stdout"}
{"timestamp":"2026-01-01T00:11:00.438053Z","level":"info","event":"       └ <function s3_object_exists at 0xffff8cfba7a0>","logger":"task.stdout"}
{"timestamp":"2026-01-01T00:11:00.438109Z","level":"info","event":"","logger":"task.stdout"}
{"timestamp":"2026-01-01T00:11:00.438163Z","level":"info","event":"  File \"/opt/airflow/dags/pipelines/common/s3_utils.py\", line 29, in s3_object_exists","logger":"task.stdout"}
{"timestamp":"2026-01-01T00:11:00.438216Z","level":"info","event":"    s3.head_object(Bucket=bucket, Key=key)","logger":"task.stdout"}
{"timestamp":"2026-01-01T00:11:00.438273Z","level":"info","event":"    │  │                  │           └ 'imf/CPI/year=2003/CPI_2003.csv'","logger":"task.stdout"}
{"timestamp":"2026-01-01T00:11:00.438328Z","level":"info","event":"    │  │                  └ 'personal-projectbucket'","logger":"task.stdout"}
{"timestamp":"2026-01-01T00:11:00.438385Z","level":"info","event":"    │  └ <function ClientCreator._create_api_method.<locals>._api_call at 0xffff71310680>","logger":"task.stdout"}
{"timestamp":"2026-01-01T00:11:00.438440Z","level":"info","event":"    └ <botocore.client.S3 object at 0xffff717a79e0>","logger":"task.stdout"}
{"timestamp":"2026-01-01T00:11:00.438496Z","level":"info","event":"","logger":"task.stdout"}
{"timestamp":"2026-01-01T00:11:00.438552Z","level":"info","event":"  File \"/home/airflow/.local/lib/python3.12/site-packages/botocore/client.py\", line 602, in _api_call","logger":"task.stdout"}
{"timestamp":"2026-01-01T00:11:00.438605Z","level":"info","event":"    return self._make_api_call(operation_name, kwargs)","logger":"task.stdout"}
{"timestamp":"2026-01-01T00:11:00.438658Z","level":"info","event":"           │    │              │               └ {'Bucket': 'personal-projectbucket', 'Key': 'imf/CPI/year=2003/CPI_2003.csv'}","logger":"task.stdout"}
{"timestamp":"2026-01-01T00:11:00.438714Z","level":"info","event":"           │    │              └ 'HeadObject'","logger":"task.stdout"}
{"timestamp":"2026-01-01T00:11:00.438768Z","level":"info","event":"           │    └ <function BaseClient._make_api_call at 0xffff8cf3b060>","logger":"task.stdout"}
{"timestamp":"2026-01-01T00:11:00.438821Z","level":"info","event":"           └ <botocore.client.S3 object at 0xffff717a79e0>","logger":"task.stdout"}
{"timestamp":"2026-01-01T00:11:00.438873Z","level":"info","event":"  File \"/home/airflow/.local/lib/python3.12/site-packages/botocore/context.py\", line 123, in wrapper","logger":"task.stdout"}
{"timestamp":"2026-01-01T00:11:00.438926Z","level":"info","event":"    return func(*args, **kwargs)","logger":"task.stdout"}
{"timestamp":"2026-01-01T00:11:00.438977Z","level":"info","event":"           │     │       └ {}","logger":"task.stdout"}
{"timestamp":"2026-01-01T00:11:00.439031Z","level":"info","event":"           │     └ (<botocore.client.S3 object at 0xffff717a79e0>, 'HeadObject', {'Bucket': 'personal-projectbucket', 'Key': 'imf/CPI/year=2003/...","logger":"task.stdout"}
{"timestamp":"2026-01-01T00:11:00.439092Z","level":"info","event":"           └ <function BaseClient._make_api_call at 0xffff8cf3afc0>","logger":"task.stdout"}
{"timestamp":"2026-01-01T00:11:00.439152Z","level":"info","event":"  File \"/home/airflow/.local/lib/python3.12/site-packages/botocore/client.py\", line 1078, in _make_api_call","logger":"task.stdout"}
{"timestamp":"2026-01-01T00:11:00.439214Z","level":"info","event":"    raise error_class(parsed_response, operation_name)","logger":"task.stdout"}
{"timestamp":"2026-01-01T00:11:00.439275Z","level":"info","event":"          │           │                └ 'HeadObject'","logger":"task.stdout"}
{"timestamp":"2026-01-01T00:11:00.439333Z","level":"info","event":"          │           └ {'Error': {'Code': '403', 'Message': 'Forbidden'}, 'ResponseMetadata': {'RequestId': '2545F3KB3D8SEJF6', 'HostId': '28a2NI5e8...","logger":"task.stdout"}
{"timestamp":"2026-01-01T00:11:00.439430Z","level":"info","event":"          └ <class 'botocore.exceptions.ClientError'>","logger":"task.stdout"}
{"timestamp":"2026-01-01T00:11:00.439491Z","level":"info","event":"","logger":"task.stdout"}
{"timestamp":"2026-01-01T00:11:00.439549Z","level":"info","event":"botocore.exceptions.ClientError: An error occurred (403) when calling the HeadObject operation: Forbidden","logger":"task.stdout"}
{"timestamp":"2026-01-01T00:11:00.599332Z","level":"info","event":"2026-01-01 00:11:00 | ERROR | S3 head_object failed | flow=CPI year=2004 key=imf/CPI/year=2004/CPI_2004.csv","logger":"task.stdout"}
{"timestamp":"2026-01-01T00:11:00.599488Z","level":"info","event":"Traceback (most recent call last):","logger":"task.stdout"}
{"timestamp":"2026-01-01T00:11:00.599557Z","level":"info","event":"","logger":"task.stdout"}
{"timestamp":"2026-01-01T00:11:00.599617Z","level":"info","event":"  File \"/usr/python/lib/python3.12/threading.py\", line 1032, in _bootstrap","logger":"task.stdout"}
{"timestamp":"2026-01-01T00:11:00.599674Z","level":"info","event":"    self._bootstrap_inner()","logger":"task.stdout"}
{"timestamp":"2026-01-01T00:11:00.599732Z","level":"info","event":"    │    └ <function Thread._bootstrap_inner at 0xffff99068f40>","logger":"task.stdout"}
{"timestamp":"2026-01-01T00:11:00.599791Z","level":"info","event":"    └ <Thread(ThreadPoolExecutor-1_0, started 281472806220128)>","logger":"task.stdout"}
{"timestamp":"2026-01-01T00:11:00.599848Z","level":"info","event":"  File \"/usr/python/lib/python3.12/threading.py\", line 1075, in _bootstrap_inner","logger":"task.stdout"}
{"timestamp":"2026-01-01T00:11:00.599904Z","level":"info","event":"    self.run()","logger":"task.stdout"}
{"timestamp":"2026-01-01T00:11:00.599960Z","level":"info","event":"    │    └ <function Thread.run at 0xffff99068c20>","logger":"task.stdout"}
{"timestamp":"2026-01-01T00:11:00.600017Z","level":"info","event":"    └ <Thread(ThreadPoolExecutor-1_0, started 281472806220128)>","logger":"task.stdout"}
{"timestamp":"2026-01-01T00:11:00.600074Z","level":"info","event":"  File \"/usr/python/lib/python3.12/threading.py\", line 1012, in run","logger":"task.stdout"}
{"timestamp":"2026-01-01T00:11:00.602273Z","level":"info","event":"    self._target(*self._args, **self._kwargs)","logger":"task.stdout"}
{"timestamp":"2026-01-01T00:11:00.602354Z","level":"info","event":"    │    │        │    │        │    └ {}","logger":"task.stdout"}
{"timestamp":"2026-01-01T00:11:00.602416Z","level":"info","event":"    │    │        │    │        └ <Thread(ThreadPoolExecutor-1_0, started 281472806220128)>","logger":"task.stdout"}
{"timestamp":"2026-01-01T00:11:00.602478Z","level":"info","event":"    │    │        │    └ (<weakref at 0xffff90350ef0; to 'ThreadPoolExecutor' at 0xffff86d3eb70>, <_queue.SimpleQueue object at 0xffff712e3b00>, None,...","logger":"task.stdout"}
{"timestamp":"2026-01-01T00:11:00.602534Z","level":"info","event":"    │    │        └ <Thread(ThreadPoolExecutor-1_0, started 281472806220128)>","logger":"task.stdout"}
{"timestamp":"2026-01-01T00:11:00.602589Z","level":"info","event":"    │    └ <function _worker at 0xffff937a1c60>","logger":"task.stdout"}
{"timestamp":"2026-01-01T00:11:00.602644Z","level":"info","event":"    └ <Thread(ThreadPoolExecutor-1_0, started 281472806220128)>","logger":"task.stdout"}
{"timestamp":"2026-01-01T00:11:00.602700Z","level":"info","event":"  File \"/usr/python/lib/python3.12/concurrent/futures/thread.py\", line 93, in _worker","logger":"task.stdout"}
{"timestamp":"2026-01-01T00:11:00.602761Z","level":"info","event":"    work_item.run()","logger":"task.stdout"}
{"timestamp":"2026-01-01T00:11:00.602816Z","level":"info","event":"    │         └ <function _WorkItem.run at 0xffff937a1da0>","logger":"task.stdout"}
{"timestamp":"2026-01-01T00:11:00.602869Z","level":"info","event":"    └ <concurrent.futures.thread._WorkItem object at 0xffff704685c0>","logger":"task.stdout"}
{"timestamp":"2026-01-01T00:11:00.602956Z","level":"info","event":"  File \"/usr/python/lib/python3.12/concurrent/futures/thread.py\", line 59, in run","logger":"task.stdout"}
{"timestamp":"2026-01-01T00:11:00.603007Z","level":"info","event":"    result = self.fn(*self.args, **self.kwargs)","logger":"task.stdout"}
{"timestamp":"2026-01-01T00:11:00.603061Z","level":"info","event":"             │    │   │    │       │    └ {}","logger":"task.stdout"}
{"timestamp":"2026-01-01T00:11:00.603116Z","level":"info","event":"             │    │   │    │       └ <concurrent.futures.thread._WorkItem object at 0xffff704685c0>","logger":"task.stdout"}
{"timestamp":"2026-01-01T00:11:00.603172Z","level":"info","event":"             │    │   │    └ ([('process_flow_year_chunk-c22d1a66-a457-43d0-b7a8-5bb44f7410b9', (<Task 'process_flow_year_chunk-c22d1a66-a457-43d0-b7a8-5b...","logger":"task.stdout"}
{"timestamp":"2026-01-01T00:11:00.603228Z","level":"info","event":"             │    │   └ <concurrent.futures.thread._WorkItem object at 0xffff704685c0>","logger":"task.stdout"}
{"timestamp":"2026-01-01T00:11:00.603295Z","level":"info","event":"             │    └ <function batch_execute_tasks at 0xffff8d561d00>","logger":"task.stdout"}
{"timestamp":"2026-01-01T00:11:00.603349Z","level":"info","event":"             └ <concurrent.futures.thread._WorkItem object at 0xffff704685c0>","logger":"task.stdout"}
{"timestamp":"2026-01-01T00:11:00.603402Z","level":"info","event":"  File \"/home/airflow/.local/lib/python3.12/site-packages/dask/local.py\", line 270, in batch_execute_tasks","logger":"task.stdout"}
{"timestamp":"2026-01-01T00:11:00.603456Z","level":"info","event":"    return [execute_task(*a) for a in it]","logger":"task.stdout"}
{"timestamp":"2026-01-01T00:11:00.603510Z","level":"info","event":"            │             │      │    └ [('process_flow_year_chunk-c22d1a66-a457-43d0-b7a8-5bb44f7410b9', (<Task 'process_flow_year_chunk-c22d1a66-a457-43d0-b7a8-5bb...","logger":"task.stdout"}
{"timestamp":"2026-01-01T00:11:00.603565Z","level":"info","event":"            │             │      └ ('process_flow_year_chunk-c22d1a66-a457-43d0-b7a8-5bb44f7410b9', (<Task 'process_flow_year_chunk-c22d1a66-a457-43d0-b7a8-5bb4...","logger":"task.stdout"}
{"timestamp":"2026-01-01T00:11:00.603620Z","level":"info","event":"            │             └ ('process_flow_year_chunk-c22d1a66-a457-43d0-b7a8-5bb44f7410b9', (<Task 'process_flow_year_chunk-c22d1a66-a457-43d0-b7a8-5bb4...","logger":"task.stdout"}
{"timestamp":"2026-01-01T00:11:00.603674Z","level":"info","event":"            └ <function execute_task at 0xffff8d561c60>","logger":"task.stdout"}
{"timestamp":"2026-01-01T00:11:00.603726Z","level":"info","event":"  File \"/home/airflow/.local/lib/python3.12/site-packages/dask/local.py\", line 256, in execute_task","logger":"task.stdout"}
{"timestamp":"2026-01-01T00:11:00.603778Z","level":"info","event":"    result = task(data)","logger":"task.stdout"}
{"timestamp":"2026-01-01T00:11:00.603829Z","level":"info","event":"             │    └ {}","logger":"task.stdout"}
{"timestamp":"2026-01-01T00:11:00.603879Z","level":"info","event":"             └ <Task 'process_flow_year_chunk-c22d1a66-a457-43d0-b7a8-5bb44f7410b9' process_flow_year_chunk(...)>","logger":"task.stdout"}
{"timestamp":"2026-01-01T00:11:00.603934Z","level":"info","event":"  File \"/home/airflow/.local/lib/python3.12/site-packages/dask/_task_spec.py\", line 759, in __call__","logger":"task.stdout"}
{"timestamp":"2026-01-01T00:11:00.603988Z","level":"info","event":"    return self.func(*new_argspec)","logger":"task.stdout"}
{"timestamp":"2026-01-01T00:11:00.604042Z","level":"info","event":"           │    │     └ ('CPI', 'IMF.STA,CPI,latest', [2003, 2004, 2005, 2006, 2007], IMFConfig(key='all', sub_key='all', base_url='https://api.imf.o...","logger":"task.stdout"}
{"timestamp":"2026-01-01T00:11:00.604093Z","level":"info","event":"           │    └ <member 'func' of 'Task' objects>","logger":"task.stdout"}
{"timestamp":"2026-01-01T00:11:00.604194Z","level":"info","event":"           └ <Task 'process_flow_year_chunk-c22d1a66-a457-43d0-b7a8-5bb44f7410b9' process_flow_year_chunk(...)>","logger":"task.stdout"}
{"timestamp":"2026-01-01T00:11:00.604259Z","level":"info","event":"","logger":"task.stdout"}
{"timestamp":"2026-01-01T00:11:00.604312Z","level":"info","event":"> File \"/opt/airflow/dags/pipelines/imf/pipeline.py\", line 54, in process_flow_year_chunk","logger":"task.stdout"}
{"timestamp":"2026-01-01T00:11:00.604365Z","level":"info","event":"    if s3_object_exists(s3_cfg.bucket, s3_key, s3_cfg.region):","logger":"task.stdout"}
{"timestamp":"2026-01-01T00:11:00.604417Z","level":"info","event":"       │                │      │       │       │      └ 'eu-west-1'","logger":"task.stdout"}
{"timestamp":"2026-01-01T00:11:00.604469Z","level":"info","event":"       │                │      │       │       └ S3Config(bucket='personal-projectbucket', prefix='imf', region='eu-west-1')","logger":"task.stdout"}
{"timestamp":"2026-01-01T00:11:00.604523Z","level":"info","event":"       │                │      │       └ 'imf/CPI/year=2004/CPI_2004.csv'","logger":"task.stdout"}
{"timestamp":"2026-01-01T00:11:00.604621Z","level":"info","event":"       │                │      └ 'personal-projectbucket'","logger":"task.stdout"}
{"timestamp":"2026-01-01T00:11:00.604678Z","level":"info","event":"       │                └ S3Config(bucket='personal-projectbucket', prefix='imf', region='eu-west-1')","logger":"task.stdout"}
{"timestamp":"2026-01-01T00:11:00.604732Z","level":"info","event":"       └ <function s3_object_exists at 0xffff8cfba7a0>","logger":"task.stdout"}
{"timestamp":"2026-01-01T00:11:00.604788Z","level":"info","event":"","logger":"task.stdout"}
{"timestamp":"2026-01-01T00:11:00.604844Z","level":"info","event":"  File \"/opt/airflow/dags/pipelines/common/s3_utils.py\", line 29, in s3_object_exists","logger":"task.stdout"}
{"timestamp":"2026-01-01T00:11:00.604896Z","level":"info","event":"    s3.head_object(Bucket=bucket, Key=key)","logger":"task.stdout"}
{"timestamp":"2026-01-01T00:11:00.604949Z","level":"info","event":"    │  │                  │           └ 'imf/CPI/year=2004/CPI_2004.csv'","logger":"task.stdout"}
{"timestamp":"2026-01-01T00:11:00.605005Z","level":"info","event":"    │  │                  └ 'personal-projectbucket'","logger":"task.stdout"}
{"timestamp":"2026-01-01T00:11:00.605056Z","level":"info","event":"    │  └ <function ClientCreator._create_api_method.<locals>._api_call at 0xffff71310680>","logger":"task.stdout"}
{"timestamp":"2026-01-01T00:11:00.605110Z","level":"info","event":"    └ <botocore.client.S3 object at 0xffff717a79e0>","logger":"task.stdout"}
{"timestamp":"2026-01-01T00:11:00.605164Z","level":"info","event":"","logger":"task.stdout"}
{"timestamp":"2026-01-01T00:11:00.605217Z","level":"info","event":"  File \"/home/airflow/.local/lib/python3.12/site-packages/botocore/client.py\", line 602, in _api_call","logger":"task.stdout"}
{"timestamp":"2026-01-01T00:11:00.605270Z","level":"info","event":"    return self._make_api_call(operation_name, kwargs)","logger":"task.stdout"}
{"timestamp":"2026-01-01T00:11:00.605326Z","level":"info","event":"           │    │              │               └ {'Bucket': 'personal-projectbucket', 'Key': 'imf/CPI/year=2004/CPI_2004.csv'}","logger":"task.stdout"}
{"timestamp":"2026-01-01T00:11:00.605379Z","level":"info","event":"           │    │              └ 'HeadObject'","logger":"task.stdout"}
{"timestamp":"2026-01-01T00:11:00.605432Z","level":"info","event":"           │    └ <function BaseClient._make_api_call at 0xffff8cf3b060>","logger":"task.stdout"}
{"timestamp":"2026-01-01T00:11:00.605484Z","level":"info","event":"           └ <botocore.client.S3 object at 0xffff717a79e0>","logger":"task.stdout"}
{"timestamp":"2026-01-01T00:11:00.605539Z","level":"info","event":"  File \"/home/airflow/.local/lib/python3.12/site-packages/botocore/context.py\", line 123, in wrapper","logger":"task.stdout"}
{"timestamp":"2026-01-01T00:11:00.605624Z","level":"info","event":"    return func(*args, **kwargs)","logger":"task.stdout"}
{"timestamp":"2026-01-01T00:11:00.605676Z","level":"info","event":"           │     │       └ {}","logger":"task.stdout"}
{"timestamp":"2026-01-01T00:11:00.605728Z","level":"info","event":"           │     └ (<botocore.client.S3 object at 0xffff717a79e0>, 'HeadObject', {'Bucket': 'personal-projectbucket', 'Key': 'imf/CPI/year=2004/...","logger":"task.stdout"}
{"timestamp":"2026-01-01T00:11:00.605780Z","level":"info","event":"           └ <function BaseClient._make_api_call at 0xffff8cf3afc0>","logger":"task.stdout"}
{"timestamp":"2026-01-01T00:11:00.605836Z","level":"info","event":"  File \"/home/airflow/.local/lib/python3.12/site-packages/botocore/client.py\", line 1078, in _make_api_call","logger":"task.stdout"}
{"timestamp":"2026-01-01T00:11:00.605890Z","level":"info","event":"    raise error_class(parsed_response, operation_name)","logger":"task.stdout"}
{"timestamp":"2026-01-01T00:11:00.605946Z","level":"info","event":"          │           │                └ 'HeadObject'","logger":"task.stdout"}
{"timestamp":"2026-01-01T00:11:00.605998Z","level":"info","event":"          │           └ {'Error': {'Code': '403', 'Message': 'Forbidden'}, 'ResponseMetadata': {'RequestId': '8XDN79NNE5KZZWXA', 'HostId': 'Ot2rdUQqN...","logger":"task.stdout"}
{"timestamp":"2026-01-01T00:11:00.608265Z","level":"info","event":"          └ <class 'botocore.exceptions.ClientError'>","logger":"task.stdout"}
{"timestamp":"2026-01-01T00:11:00.608330Z","level":"info","event":"","logger":"task.stdout"}
{"timestamp":"2026-01-01T00:11:00.608383Z","level":"info","event":"botocore.exceptions.ClientError: An error occurred (403) when calling the HeadObject operation: Forbidden","logger":"task.stdout"}
{"timestamp":"2026-01-01T00:11:00.758138Z","level":"info","event":"2026-01-01 00:11:00 | ERROR | S3 head_object failed | flow=CPI year=2005 key=imf/CPI/year=2005/CPI_2005.csv","logger":"task.stdout"}
{"timestamp":"2026-01-01T00:11:00.758358Z","level":"info","event":"Traceback (most recent call last):","logger":"task.stdout"}
{"timestamp":"2026-01-01T00:11:00.758421Z","level":"info","event":"","logger":"task.stdout"}
{"timestamp":"2026-01-01T00:11:00.758474Z","level":"info","event":"  File \"/usr/python/lib/python3.12/threading.py\", line 1032, in _bootstrap","logger":"task.stdout"}
{"timestamp":"2026-01-01T00:11:00.758524Z","level":"info","event":"    self._bootstrap_inner()","logger":"task.stdout"}
{"timestamp":"2026-01-01T00:11:00.758572Z","level":"info","event":"    │    └ <function Thread._bootstrap_inner at 0xffff99068f40>","logger":"task.stdout"}
{"timestamp":"2026-01-01T00:11:00.758620Z","level":"info","event":"    └ <Thread(ThreadPoolExecutor-1_0, started 281472806220128)>","logger":"task.stdout"}
{"timestamp":"2026-01-01T00:11:00.758666Z","level":"info","event":"  File \"/usr/python/lib/python3.12/threading.py\", line 1075, in _bootstrap_inner","logger":"task.stdout"}
{"timestamp":"2026-01-01T00:11:00.758712Z","level":"info","event":"    self.run()","logger":"task.stdout"}
{"timestamp":"2026-01-01T00:11:00.758760Z","level":"info","event":"    │    └ <function Thread.run at 0xffff99068c20>","logger":"task.stdout"}
{"timestamp":"2026-01-01T00:11:00.758809Z","level":"info","event":"    └ <Thread(ThreadPoolExecutor-1_0, started 281472806220128)>","logger":"task.stdout"}
{"timestamp":"2026-01-01T00:11:00.758856Z","level":"info","event":"  File \"/usr/python/lib/python3.12/threading.py\", line 1012, in run","logger":"task.stdout"}
{"timestamp":"2026-01-01T00:11:00.758904Z","level":"info","event":"    self._target(*self._args, **self._kwargs)","logger":"task.stdout"}
{"timestamp":"2026-01-01T00:11:00.758950Z","level":"info","event":"    │    │        │    │        │    └ {}","logger":"task.stdout"}
{"timestamp":"2026-01-01T00:11:00.758997Z","level":"info","event":"    │    │        │    │        └ <Thread(ThreadPoolExecutor-1_0, started 281472806220128)>","logger":"task.stdout"}
{"timestamp":"2026-01-01T00:11:00.759078Z","level":"info","event":"    │    │        │    └ (<weakref at 0xffff90350ef0; to 'ThreadPoolExecutor' at 0xffff86d3eb70>, <_queue.SimpleQueue object at 0xffff712e3b00>, None,...","logger":"task.stdout"}
{"timestamp":"2026-01-01T00:11:00.759127Z","level":"info","event":"    │    │        └ <Thread(ThreadPoolExecutor-1_0, started 281472806220128)>","logger":"task.stdout"}
{"timestamp":"2026-01-01T00:11:00.759173Z","level":"info","event":"    │    └ <function _worker at 0xffff937a1c60>","logger":"task.stdout"}
{"timestamp":"2026-01-01T00:11:00.759220Z","level":"info","event":"    └ <Thread(ThreadPoolExecutor-1_0, started 281472806220128)>","logger":"task.stdout"}
{"timestamp":"2026-01-01T00:11:00.759270Z","level":"info","event":"  File \"/usr/python/lib/python3.12/concurrent/futures/thread.py\", line 93, in _worker","logger":"task.stdout"}
{"timestamp":"2026-01-01T00:11:00.759325Z","level":"info","event":"    work_item.run()","logger":"task.stdout"}
{"timestamp":"2026-01-01T00:11:00.759375Z","level":"info","event":"    │         └ <function _WorkItem.run at 0xffff937a1da0>","logger":"task.stdout"}
{"timestamp":"2026-01-01T00:11:00.759422Z","level":"info","event":"    └ <concurrent.futures.thread._WorkItem object at 0xffff704685c0>","logger":"task.stdout"}
{"timestamp":"2026-01-01T00:11:00.759471Z","level":"info","event":"  File \"/usr/python/lib/python3.12/concurrent/futures/thread.py\", line 59, in run","logger":"task.stdout"}
{"timestamp":"2026-01-01T00:11:00.759518Z","level":"info","event":"    result = self.fn(*self.args, **self.kwargs)","logger":"task.stdout"}
{"timestamp":"2026-01-01T00:11:00.759565Z","level":"info","event":"             │    │   │    │       │    └ {}","logger":"task.stdout"}
{"timestamp":"2026-01-01T00:11:00.759612Z","level":"info","event":"             │    │   │    │       └ <concurrent.futures.thread._WorkItem object at 0xffff704685c0>","logger":"task.stdout"}
{"timestamp":"2026-01-01T00:11:00.759658Z","level":"info","event":"             │    │   │    └ ([('process_flow_year_chunk-c22d1a66-a457-43d0-b7a8-5bb44f7410b9', (<Task 'process_flow_year_chunk-c22d1a66-a457-43d0-b7a8-5b...","logger":"task.stdout"}
{"timestamp":"2026-01-01T00:11:00.759714Z","level":"info","event":"             │    │   └ <concurrent.futures.thread._WorkItem object at 0xffff704685c0>","logger":"task.stdout"}
{"timestamp":"2026-01-01T00:11:00.759764Z","level":"info","event":"             │    └ <function batch_execute_tasks at 0xffff8d561d00>","logger":"task.stdout"}
{"timestamp":"2026-01-01T00:11:00.759812Z","level":"info","event":"             └ <concurrent.futures.thread._WorkItem object at 0xffff704685c0>","logger":"task.stdout"}
{"timestamp":"2026-01-01T00:11:00.759858Z","level":"info","event":"  File \"/home/airflow/.local/lib/python3.12/site-packages/dask/local.py\", line 270, in batch_execute_tasks","logger":"task.stdout"}
{"timestamp":"2026-01-01T00:11:00.759905Z","level":"info","event":"    return [execute_task(*a) for a in it]","logger":"task.stdout"}
{"timestamp":"2026-01-01T00:11:00.759983Z","level":"info","event":"            │             │      │    └ [('process_flow_year_chunk-c22d1a66-a457-43d0-b7a8-5bb44f7410b9', (<Task 'process_flow_year_chunk-c22d1a66-a457-43d0-b7a8-5bb...","logger":"task.stdout"}
{"timestamp":"2026-01-01T00:11:00.760134Z","level":"info","event":"            │             │      └ ('process_flow_year_chunk-c22d1a66-a457-43d0-b7a8-5bb44f7410b9', (<Task 'process_flow_year_chunk-c22d1a66-a457-43d0-b7a8-5bb4...","logger":"task.stdout"}
{"timestamp":"2026-01-01T00:11:00.760211Z","level":"info","event":"            │             └ ('process_flow_year_chunk-c22d1a66-a457-43d0-b7a8-5bb44f7410b9', (<Task 'process_flow_year_chunk-c22d1a66-a457-43d0-b7a8-5bb4...","logger":"task.stdout"}
{"timestamp":"2026-01-01T00:11:00.760278Z","level":"info","event":"            └ <function execute_task at 0xffff8d561c60>","logger":"task.stdout"}
{"timestamp":"2026-01-01T00:11:00.760420Z","level":"info","event":"  File \"/home/airflow/.local/lib/python3.12/site-packages/dask/local.py\", line 256, in execute_task","logger":"task.stdout"}
{"timestamp":"2026-01-01T00:11:00.760481Z","level":"info","event":"    result = task(data)","logger":"task.stdout"}
{"timestamp":"2026-01-01T00:11:00.760638Z","level":"info","event":"             │    └ {}","logger":"task.stdout"}
{"timestamp":"2026-01-01T00:11:00.760837Z","level":"info","event":"             └ <Task 'process_flow_year_chunk-c22d1a66-a457-43d0-b7a8-5bb44f7410b9' process_flow_year_chunk(...)>","logger":"task.stdout"}
{"timestamp":"2026-01-01T00:11:00.760933Z","level":"info","event":"  File \"/home/airflow/.local/lib/python3.12/site-packages/dask/_task_spec.py\", line 759, in __call__","logger":"task.stdout"}
{"timestamp":"2026-01-01T00:11:00.761064Z","level":"info","event":"    return self.func(*new_argspec)","logger":"task.stdout"}
{"timestamp":"2026-01-01T00:11:00.761160Z","level":"info","event":"           │    │     └ ('CPI', 'IMF.STA,CPI,latest', [2003, 2004, 2005, 2006, 2007], IMFConfig(key='all', sub_key='all', base_url='https://api.imf.o...","logger":"task.stdout"}
{"timestamp":"2026-01-01T00:11:00.761258Z","level":"info","event":"           │    └ <member 'func' of 'Task' objects>","logger":"task.stdout"}
{"timestamp":"2026-01-01T00:11:00.761324Z","level":"info","event":"           └ <Task 'process_flow_year_chunk-c22d1a66-a457-43d0-b7a8-5bb44f7410b9' process_flow_year_chunk(...)>","logger":"task.stdout"}
{"timestamp":"2026-01-01T00:11:00.761381Z","level":"info","event":"","logger":"task.stdout"}
{"timestamp":"2026-01-01T00:11:00.761438Z","level":"info","event":"> File \"/opt/airflow/dags/pipelines/imf/pipeline.py\", line 54, in process_flow_year_chunk","logger":"task.stdout"}
{"timestamp":"2026-01-01T00:11:00.762336Z","level":"info","event":"    if s3_object_exists(s3_cfg.bucket, s3_key, s3_cfg.region):","logger":"task.stdout"}
{"timestamp":"2026-01-01T00:11:00.762520Z","level":"info","event":"       │                │      │       │       │      └ 'eu-west-1'","logger":"task.stdout"}
{"timestamp":"2026-01-01T00:11:00.762605Z","level":"info","event":"       │                │      │       │       └ S3Config(bucket='personal-projectbucket', prefix='imf', region='eu-west-1')","logger":"task.stdout"}
{"timestamp":"2026-01-01T00:11:00.762693Z","level":"info","event":"       │                │      │       └ 'imf/CPI/year=2005/CPI_2005.csv'","logger":"task.stdout"}
{"timestamp":"2026-01-01T00:11:00.762836Z","level":"info","event":"       │                │      └ 'personal-projectbucket'","logger":"task.stdout"}
{"timestamp":"2026-01-01T00:11:00.762922Z","level":"info","event":"       │                └ S3Config(bucket='personal-projectbucket', prefix='imf', region='eu-west-1')","logger":"task.stdout"}
{"timestamp":"2026-01-01T00:11:00.762979Z","level":"info","event":"       └ <function s3_object_exists at 0xffff8cfba7a0>","logger":"task.stdout"}
{"timestamp":"2026-01-01T00:11:00.763027Z","level":"info","event":"","logger":"task.stdout"}
{"timestamp":"2026-01-01T00:11:00.763091Z","level":"info","event":"  File \"/opt/airflow/dags/pipelines/common/s3_utils.py\", line 29, in s3_object_exists","logger":"task.stdout"}
{"timestamp":"2026-01-01T00:11:00.763145Z","level":"info","event":"    s3.head_object(Bucket=bucket, Key=key)","logger":"task.stdout"}
{"timestamp":"2026-01-01T00:11:00.763240Z","level":"info","event":"    │  │                  │           └ 'imf/CPI/year=2005/CPI_2005.csv'","logger":"task.stdout"}
{"timestamp":"2026-01-01T00:11:00.763333Z","level":"info","event":"    │  │                  └ 'personal-projectbucket'","logger":"task.stdout"}
{"timestamp":"2026-01-01T00:11:00.764715Z","level":"info","event":"    │  └ <function ClientCreator._create_api_method.<locals>._api_call at 0xffff71310680>","logger":"task.stdout"}
{"timestamp":"2026-01-01T00:11:00.766311Z","level":"info","event":"    └ <botocore.client.S3 object at 0xffff717a79e0>","logger":"task.stdout"}
{"timestamp":"2026-01-01T00:11:00.766519Z","level":"info","event":"","logger":"task.stdout"}
{"timestamp":"2026-01-01T00:11:00.766582Z","level":"info","event":"  File \"/home/airflow/.local/lib/python3.12/site-packages/botocore/client.py\", line 602, in _api_call","logger":"task.stdout"}
{"timestamp":"2026-01-01T00:11:00.766644Z","level":"info","event":"    return self._make_api_call(operation_name, kwargs)","logger":"task.stdout"}
{"timestamp":"2026-01-01T00:11:00.766740Z","level":"info","event":"           │    │              │               └ {'Bucket': 'personal-projectbucket', 'Key': 'imf/CPI/year=2005/CPI_2005.csv'}","logger":"task.stdout"}
{"timestamp":"2026-01-01T00:11:00.766813Z","level":"info","event":"           │    │              └ 'HeadObject'","logger":"task.stdout"}
{"timestamp":"2026-01-01T00:11:00.766916Z","level":"info","event":"           │    └ <function BaseClient._make_api_call at 0xffff8cf3b060>","logger":"task.stdout"}
{"timestamp":"2026-01-01T00:11:00.767007Z","level":"info","event":"           └ <botocore.client.S3 object at 0xffff717a79e0>","logger":"task.stdout"}
{"timestamp":"2026-01-01T00:11:00.767063Z","level":"info","event":"  File \"/home/airflow/.local/lib/python3.12/site-packages/botocore/context.py\", line 123, in wrapper","logger":"task.stdout"}
{"timestamp":"2026-01-01T00:11:00.767117Z","level":"info","event":"    return func(*args, **kwargs)","logger":"task.stdout"}
{"timestamp":"2026-01-01T00:11:00.767168Z","level":"info","event":"           │     │       └ {}","logger":"task.stdout"}
{"timestamp":"2026-01-01T00:11:00.767220Z","level":"info","event":"           │     └ (<botocore.client.S3 object at 0xffff717a79e0>, 'HeadObject', {'Bucket': 'personal-projectbucket', 'Key': 'imf/CPI/year=2005/...","logger":"task.stdout"}
{"timestamp":"2026-01-01T00:11:00.767291Z","level":"info","event":"           └ <function BaseClient._make_api_call at 0xffff8cf3afc0>","logger":"task.stdout"}
{"timestamp":"2026-01-01T00:11:00.767338Z","level":"info","event":"  File \"/home/airflow/.local/lib/python3.12/site-packages/botocore/client.py\", line 1078, in _make_api_call","logger":"task.stdout"}
{"timestamp":"2026-01-01T00:11:00.767387Z","level":"info","event":"    raise error_class(parsed_response, operation_name)","logger":"task.stdout"}
{"timestamp":"2026-01-01T00:11:00.767434Z","level":"info","event":"          │           │                └ 'HeadObject'","logger":"task.stdout"}
{"timestamp":"2026-01-01T00:11:00.767484Z","level":"info","event":"          │           └ {'Error': {'Code': '403', 'Message': 'Forbidden'}, 'ResponseMetadata': {'RequestId': '8XDT0C7SCH65R327', 'HostId': 'maasqJT4h...","logger":"task.stdout"}
{"timestamp":"2026-01-01T00:11:00.767533Z","level":"info","event":"          └ <class 'botocore.exceptions.ClientError'>","logger":"task.stdout"}
{"timestamp":"2026-01-01T00:11:00.767582Z","level":"info","event":"","logger":"task.stdout"}
{"timestamp":"2026-01-01T00:11:00.767628Z","level":"info","event":"botocore.exceptions.ClientError: An error occurred (403) when calling the HeadObject operation: Forbidden","logger":"task.stdout"}
{"timestamp":"2026-01-01T00:11:01.000742Z","level":"info","event":"2026-01-01 00:11:01 | INFO | HTTP GET (stream) | attempt=2/5 | flow=CPI year=2014 | https://api.imf.org/external/sdmx/2.1/data/IMF.STA,CPI,latest/all/all?startPeriod=2014&endPeriod=2014","logger":"task.stdout"}
{"timestamp":"2026-01-01T00:11:01.027294Z","level":"info","event":"2026-01-01 00:11:01 | ERROR | S3 head_object failed | flow=CPI year=2006 key=imf/CPI/year=2006/CPI_2006.csv","logger":"task.stdout"}
{"timestamp":"2026-01-01T00:11:01.027419Z","level":"info","event":"Traceback (most recent call last):","logger":"task.stdout"}
{"timestamp":"2026-01-01T00:11:01.027488Z","level":"info","event":"","logger":"task.stdout"}
{"timestamp":"2026-01-01T00:11:01.027550Z","level":"info","event":"  File \"/usr/python/lib/python3.12/threading.py\", line 1032, in _bootstrap","logger":"task.stdout"}
{"timestamp":"2026-01-01T00:11:01.027652Z","level":"info","event":"    self._bootstrap_inner()","logger":"task.stdout"}
{"timestamp":"2026-01-01T00:11:01.027711Z","level":"info","event":"    │    └ <function Thread._bootstrap_inner at 0xffff99068f40>","logger":"task.stdout"}
{"timestamp":"2026-01-01T00:11:01.027771Z","level":"info","event":"    └ <Thread(ThreadPoolExecutor-1_0, started 281472806220128)>","logger":"task.stdout"}
{"timestamp":"2026-01-01T00:11:01.027829Z","level":"info","event":"  File \"/usr/python/lib/python3.12/threading.py\", line 1075, in _bootstrap_inner","logger":"task.stdout"}
{"timestamp":"2026-01-01T00:11:01.027884Z","level":"info","event":"    self.run()","logger":"task.stdout"}
{"timestamp":"2026-01-01T00:11:01.027940Z","level":"info","event":"    │    └ <function Thread.run at 0xffff99068c20>","logger":"task.stdout"}
{"timestamp":"2026-01-01T00:11:01.027997Z","level":"info","event":"    └ <Thread(ThreadPoolExecutor-1_0, started 281472806220128)>","logger":"task.stdout"}
{"timestamp":"2026-01-01T00:11:01.028054Z","level":"info","event":"  File \"/usr/python/lib/python3.12/threading.py\", line 1012, in run","logger":"task.stdout"}
{"timestamp":"2026-01-01T00:11:01.028109Z","level":"info","event":"    self._target(*self._args, **self._kwargs)","logger":"task.stdout"}
{"timestamp":"2026-01-01T00:11:01.028166Z","level":"info","event":"    │    │        │    │        │    └ {}","logger":"task.stdout"}
{"timestamp":"2026-01-01T00:11:01.028220Z","level":"info","event":"    │    │        │    │        └ <Thread(ThreadPoolExecutor-1_0, started 281472806220128)>","logger":"task.stdout"}
{"timestamp":"2026-01-01T00:11:01.028283Z","level":"info","event":"    │    │        │    └ (<weakref at 0xffff90350ef0; to 'ThreadPoolExecutor' at 0xffff86d3eb70>, <_queue.SimpleQueue object at 0xffff712e3b00>, None,...","logger":"task.stdout"}
{"timestamp":"2026-01-01T00:11:01.028338Z","level":"info","event":"    │    │        └ <Thread(ThreadPoolExecutor-1_0, started 281472806220128)>","logger":"task.stdout"}
{"timestamp":"2026-01-01T00:11:01.028394Z","level":"info","event":"    │    └ <function _worker at 0xffff937a1c60>","logger":"task.stdout"}
{"timestamp":"2026-01-01T00:11:01.028449Z","level":"info","event":"    └ <Thread(ThreadPoolExecutor-1_0, started 281472806220128)>","logger":"task.stdout"}
{"timestamp":"2026-01-01T00:11:01.028502Z","level":"info","event":"  File \"/usr/python/lib/python3.12/concurrent/futures/thread.py\", line 93, in _worker","logger":"task.stdout"}
{"timestamp":"2026-01-01T00:11:01.028557Z","level":"info","event":"    work_item.run()","logger":"task.stdout"}
{"timestamp":"2026-01-01T00:11:01.028610Z","level":"info","event":"    │         └ <function _WorkItem.run at 0xffff937a1da0>","logger":"task.stdout"}
{"timestamp":"2026-01-01T00:11:01.028665Z","level":"info","event":"    └ <concurrent.futures.thread._WorkItem object at 0xffff704685c0>","logger":"task.stdout"}
{"timestamp":"2026-01-01T00:11:01.028719Z","level":"info","event":"  File \"/usr/python/lib/python3.12/concurrent/futures/thread.py\", line 59, in run","logger":"task.stdout"}
{"timestamp":"2026-01-01T00:11:01.028771Z","level":"info","event":"    result = self.fn(*self.args, **self.kwargs)","logger":"task.stdout"}
{"timestamp":"2026-01-01T00:11:01.028824Z","level":"info","event":"             │    │   │    │       │    └ {}","logger":"task.stdout"}
{"timestamp":"2026-01-01T00:11:01.028875Z","level":"info","event":"             │    │   │    │       └ <concurrent.futures.thread._WorkItem object at 0xffff704685c0>","logger":"task.stdout"}
{"timestamp":"2026-01-01T00:11:01.028932Z","level":"info","event":"             │    │   │    └ ([('process_flow_year_chunk-c22d1a66-a457-43d0-b7a8-5bb44f7410b9', (<Task 'process_flow_year_chunk-c22d1a66-a457-43d0-b7a8-5b...","logger":"task.stdout"}
{"timestamp":"2026-01-01T00:11:01.028987Z","level":"info","event":"             │    │   └ <concurrent.futures.thread._WorkItem object at 0xffff704685c0>","logger":"task.stdout"}
{"timestamp":"2026-01-01T00:11:01.029071Z","level":"info","event":"             │    └ <function batch_execute_tasks at 0xffff8d561d00>","logger":"task.stdout"}
{"timestamp":"2026-01-01T00:11:01.029126Z","level":"info","event":"             └ <concurrent.futures.thread._WorkItem object at 0xffff704685c0>","logger":"task.stdout"}
{"timestamp":"2026-01-01T00:11:01.029177Z","level":"info","event":"  File \"/home/airflow/.local/lib/python3.12/site-packages/dask/local.py\", line 270, in batch_execute_tasks","logger":"task.stdout"}
{"timestamp":"2026-01-01T00:11:01.029228Z","level":"info","event":"    return [execute_task(*a) for a in it]","logger":"task.stdout"}
{"timestamp":"2026-01-01T00:11:01.029298Z","level":"info","event":"            │             │      │    └ [('process_flow_year_chunk-c22d1a66-a457-43d0-b7a8-5bb44f7410b9', (<Task 'process_flow_year_chunk-c22d1a66-a457-43d0-b7a8-5bb...","logger":"task.stdout"}
{"timestamp":"2026-01-01T00:11:01.029352Z","level":"info","event":"            │             │      └ ('process_flow_year_chunk-c22d1a66-a457-43d0-b7a8-5bb44f7410b9', (<Task 'process_flow_year_chunk-c22d1a66-a457-43d0-b7a8-5bb4...","logger":"task.stdout"}
{"timestamp":"2026-01-01T00:11:01.029407Z","level":"info","event":"            │             └ ('process_flow_year_chunk-c22d1a66-a457-43d0-b7a8-5bb44f7410b9', (<Task 'process_flow_year_chunk-c22d1a66-a457-43d0-b7a8-5bb4...","logger":"task.stdout"}
{"timestamp":"2026-01-01T00:11:01.029462Z","level":"info","event":"            └ <function execute_task at 0xffff8d561c60>","logger":"task.stdout"}
{"timestamp":"2026-01-01T00:11:01.029515Z","level":"info","event":"  File \"/home/airflow/.local/lib/python3.12/site-packages/dask/local.py\", line 256, in execute_task","logger":"task.stdout"}
{"timestamp":"2026-01-01T00:11:01.029567Z","level":"info","event":"    result = task(data)","logger":"task.stdout"}
{"timestamp":"2026-01-01T00:11:01.029620Z","level":"info","event":"             │    └ {}","logger":"task.stdout"}
{"timestamp":"2026-01-01T00:11:01.029673Z","level":"info","event":"             └ <Task 'process_flow_year_chunk-c22d1a66-a457-43d0-b7a8-5bb44f7410b9' process_flow_year_chunk(...)>","logger":"task.stdout"}
{"timestamp":"2026-01-01T00:11:01.029728Z","level":"info","event":"  File \"/home/airflow/.local/lib/python3.12/site-packages/dask/_task_spec.py\", line 759, in __call__","logger":"task.stdout"}
{"timestamp":"2026-01-01T00:11:01.029781Z","level":"info","event":"    return self.func(*new_argspec)","logger":"task.stdout"}
{"timestamp":"2026-01-01T00:11:01.029837Z","level":"info","event":"           │    │     └ ('CPI', 'IMF.STA,CPI,latest', [2003, 2004, 2005, 2006, 2007], IMFConfig(key='all', sub_key='all', base_url='https://api.imf.o...","logger":"task.stdout"}
{"timestamp":"2026-01-01T00:11:01.029892Z","level":"info","event":"           │    └ <member 'func' of 'Task' objects>","logger":"task.stdout"}
{"timestamp":"2026-01-01T00:11:01.029946Z","level":"info","event":"           └ <Task 'process_flow_year_chunk-c22d1a66-a457-43d0-b7a8-5bb44f7410b9' process_flow_year_chunk(...)>","logger":"task.stdout"}
{"timestamp":"2026-01-01T00:11:01.030001Z","level":"info","event":"","logger":"task.stdout"}
{"timestamp":"2026-01-01T00:11:01.030052Z","level":"info","event":"> File \"/opt/airflow/dags/pipelines/imf/pipeline.py\", line 54, in process_flow_year_chunk","logger":"task.stdout"}
{"timestamp":"2026-01-01T00:11:01.030105Z","level":"info","event":"    if s3_object_exists(s3_cfg.bucket, s3_key, s3_cfg.region):","logger":"task.stdout"}
{"timestamp":"2026-01-01T00:11:01.030159Z","level":"info","event":"       │                │      │       │       │      └ 'eu-west-1'","logger":"task.stdout"}
{"timestamp":"2026-01-01T00:11:01.030217Z","level":"info","event":"       │                │      │       │       └ S3Config(bucket='personal-projectbucket', prefix='imf', region='eu-west-1')","logger":"task.stdout"}
{"timestamp":"2026-01-01T00:11:01.030271Z","level":"info","event":"       │                │      │       └ 'imf/CPI/year=2006/CPI_2006.csv'","logger":"task.stdout"}
{"timestamp":"2026-01-01T00:11:01.030391Z","level":"info","event":"       │                │      └ 'personal-projectbucket'","logger":"task.stdout"}
{"timestamp":"2026-01-01T00:11:01.030445Z","level":"info","event":"       │                └ S3Config(bucket='personal-projectbucket', prefix='imf', region='eu-west-1')","logger":"task.stdout"}
{"timestamp":"2026-01-01T00:11:01.030498Z","level":"info","event":"       └ <function s3_object_exists at 0xffff8cfba7a0>","logger":"task.stdout"}
{"timestamp":"2026-01-01T00:11:01.034273Z","level":"info","event":"","logger":"task.stdout"}
{"timestamp":"2026-01-01T00:11:01.034345Z","level":"info","event":"  File \"/opt/airflow/dags/pipelines/common/s3_utils.py\", line 29, in s3_object_exists","logger":"task.stdout"}
{"timestamp":"2026-01-01T00:11:01.034397Z","level":"info","event":"    s3.head_object(Bucket=bucket, Key=key)","logger":"task.stdout"}
{"timestamp":"2026-01-01T00:11:01.034449Z","level":"info","event":"    │  │                  │           └ 'imf/CPI/year=2006/CPI_2006.csv'","logger":"task.stdout"}
{"timestamp":"2026-01-01T00:11:01.034504Z","level":"info","event":"    │  │                  └ 'personal-projectbucket'","logger":"task.stdout"}
{"timestamp":"2026-01-01T00:11:01.034557Z","level":"info","event":"    │  └ <function ClientCreator._create_api_method.<locals>._api_call at 0xffff71310680>","logger":"task.stdout"}
{"timestamp":"2026-01-01T00:11:01.034609Z","level":"info","event":"    └ <botocore.client.S3 object at 0xffff717a79e0>","logger":"task.stdout"}
{"timestamp":"2026-01-01T00:11:01.034663Z","level":"info","event":"","logger":"task.stdout"}
{"timestamp":"2026-01-01T00:11:01.034717Z","level":"info","event":"  File \"/home/airflow/.local/lib/python3.12/site-packages/botocore/client.py\", line 602, in _api_call","logger":"task.stdout"}
{"timestamp":"2026-01-01T00:11:01.034769Z","level":"info","event":"    return self._make_api_call(operation_name, kwargs)","logger":"task.stdout"}
{"timestamp":"2026-01-01T00:11:01.034821Z","level":"info","event":"           │    │              │               └ {'Bucket': 'personal-projectbucket', 'Key': 'imf/CPI/year=2006/CPI_2006.csv'}","logger":"task.stdout"}
{"timestamp":"2026-01-01T00:11:01.034875Z","level":"info","event":"           │    │              └ 'HeadObject'","logger":"task.stdout"}
{"timestamp":"2026-01-01T00:11:01.034928Z","level":"info","event":"           │    └ <function BaseClient._make_api_call at 0xffff8cf3b060>","logger":"task.stdout"}
{"timestamp":"2026-01-01T00:11:01.034980Z","level":"info","event":"           └ <botocore.client.S3 object at 0xffff717a79e0>","logger":"task.stdout"}
{"timestamp":"2026-01-01T00:11:01.035033Z","level":"info","event":"  File \"/home/airflow/.local/lib/python3.12/site-packages/botocore/context.py\", line 123, in wrapper","logger":"task.stdout"}
{"timestamp":"2026-01-01T00:11:01.035086Z","level":"info","event":"    return func(*args, **kwargs)","logger":"task.stdout"}
{"timestamp":"2026-01-01T00:11:01.035138Z","level":"info","event":"           │     │       └ {}","logger":"task.stdout"}
{"timestamp":"2026-01-01T00:11:01.035189Z","level":"info","event":"           │     └ (<botocore.client.S3 object at 0xffff717a79e0>, 'HeadObject', {'Bucket': 'personal-projectbucket', 'Key': 'imf/CPI/year=2006/...","logger":"task.stdout"}
{"timestamp":"2026-01-01T00:11:01.035260Z","level":"info","event":"           └ <function BaseClient._make_api_call at 0xffff8cf3afc0>","logger":"task.stdout"}
{"timestamp":"2026-01-01T00:11:01.035314Z","level":"info","event":"  File \"/home/airflow/.local/lib/python3.12/site-packages/botocore/client.py\", line 1078, in _make_api_call","logger":"task.stdout"}
{"timestamp":"2026-01-01T00:11:01.036321Z","level":"info","event":"    raise error_class(parsed_response, operation_name)","logger":"task.stdout"}
{"timestamp":"2026-01-01T00:11:01.037270Z","level":"info","event":"          │           │                └ 'HeadObject'","logger":"task.stdout"}
{"timestamp":"2026-01-01T00:11:01.037377Z","level":"info","event":"          │           └ {'Error': {'Code': '403', 'Message': 'Forbidden'}, 'ResponseMetadata': {'RequestId': '8XDT8RMK773FHCQJ', 'HostId': 'a5Mo+UuKx...","logger":"task.stdout"}
{"timestamp":"2026-01-01T00:11:01.037432Z","level":"info","event":"          └ <class 'botocore.exceptions.ClientError'>","logger":"task.stdout"}
{"timestamp":"2026-01-01T00:11:01.037486Z","level":"info","event":"","logger":"task.stdout"}
{"timestamp":"2026-01-01T00:11:01.037540Z","level":"info","event":"botocore.exceptions.ClientError: An error occurred (403) when calling the HeadObject operation: Forbidden","logger":"task.stdout"}
{"timestamp":"2026-01-01T00:11:01.189033Z","level":"info","event":"2026-01-01 00:11:01 | ERROR | S3 head_object failed | flow=CPI year=2007 key=imf/CPI/year=2007/CPI_2007.csv","logger":"task.stdout"}
{"timestamp":"2026-01-01T00:11:01.189217Z","level":"info","event":"Traceback (most recent call last):","logger":"task.stdout"}
{"timestamp":"2026-01-01T00:11:01.189322Z","level":"info","event":"","logger":"task.stdout"}
{"timestamp":"2026-01-01T00:11:01.189392Z","level":"info","event":"  File \"/usr/python/lib/python3.12/threading.py\", line 1032, in _bootstrap","logger":"task.stdout"}
{"timestamp":"2026-01-01T00:11:01.189454Z","level":"info","event":"    self._bootstrap_inner()","logger":"task.stdout"}
{"timestamp":"2026-01-01T00:11:01.189513Z","level":"info","event":"    │    └ <function Thread._bootstrap_inner at 0xffff99068f40>","logger":"task.stdout"}
{"timestamp":"2026-01-01T00:11:01.189572Z","level":"info","event":"    └ <Thread(ThreadPoolExecutor-1_0, started 281472806220128)>","logger":"task.stdout"}
{"timestamp":"2026-01-01T00:11:01.189631Z","level":"info","event":"  File \"/usr/python/lib/python3.12/threading.py\", line 1075, in _bootstrap_inner","logger":"task.stdout"}
{"timestamp":"2026-01-01T00:11:01.189687Z","level":"info","event":"    self.run()","logger":"task.stdout"}
{"timestamp":"2026-01-01T00:11:01.189743Z","level":"info","event":"    │    └ <function Thread.run at 0xffff99068c20>","logger":"task.stdout"}
{"timestamp":"2026-01-01T00:11:01.189798Z","level":"info","event":"    └ <Thread(ThreadPoolExecutor-1_0, started 281472806220128)>","logger":"task.stdout"}
{"timestamp":"2026-01-01T00:11:01.189854Z","level":"info","event":"  File \"/usr/python/lib/python3.12/threading.py\", line 1012, in run","logger":"task.stdout"}
{"timestamp":"2026-01-01T00:11:01.189910Z","level":"info","event":"    self._target(*self._args, **self._kwargs)","logger":"task.stdout"}
{"timestamp":"2026-01-01T00:11:01.192274Z","level":"info","event":"    │    │        │    │        │    └ {}","logger":"task.stdout"}
{"timestamp":"2026-01-01T00:11:01.192360Z","level":"info","event":"    │    │        │    │        └ <Thread(ThreadPoolExecutor-1_0, started 281472806220128)>","logger":"task.stdout"}
{"timestamp":"2026-01-01T00:11:01.192420Z","level":"info","event":"    │    │        │    └ (<weakref at 0xffff90350ef0; to 'ThreadPoolExecutor' at 0xffff86d3eb70>, <_queue.SimpleQueue object at 0xffff712e3b00>, None,...","logger":"task.stdout"}
{"timestamp":"2026-01-01T00:11:01.192478Z","level":"info","event":"    │    │        └ <Thread(ThreadPoolExecutor-1_0, started 281472806220128)>","logger":"task.stdout"}
{"timestamp":"2026-01-01T00:11:01.192534Z","level":"info","event":"    │    └ <function _worker at 0xffff937a1c60>","logger":"task.stdout"}
{"timestamp":"2026-01-01T00:11:01.192588Z","level":"info","event":"    └ <Thread(ThreadPoolExecutor-1_0, started 281472806220128)>","logger":"task.stdout"}
{"timestamp":"2026-01-01T00:11:01.192643Z","level":"info","event":"  File \"/usr/python/lib/python3.12/concurrent/futures/thread.py\", line 93, in _worker","logger":"task.stdout"}
{"timestamp":"2026-01-01T00:11:01.192699Z","level":"info","event":"    work_item.run()","logger":"task.stdout"}
{"timestamp":"2026-01-01T00:11:01.192751Z","level":"info","event":"    │         └ <function _WorkItem.run at 0xffff937a1da0>","logger":"task.stdout"}
{"timestamp":"2026-01-01T00:11:01.192842Z","level":"info","event":"    └ <concurrent.futures.thread._WorkItem object at 0xffff704685c0>","logger":"task.stdout"}
{"timestamp":"2026-01-01T00:11:01.192894Z","level":"info","event":"  File \"/usr/python/lib/python3.12/concurrent/futures/thread.py\", line 59, in run","logger":"task.stdout"}
{"timestamp":"2026-01-01T00:11:01.192946Z","level":"info","event":"    result = self.fn(*self.args, **self.kwargs)","logger":"task.stdout"}
{"timestamp":"2026-01-01T00:11:01.193000Z","level":"info","event":"             │    │   │    │       │    └ {}","logger":"task.stdout"}
{"timestamp":"2026-01-01T00:11:01.193054Z","level":"info","event":"             │    │   │    │       └ <concurrent.futures.thread._WorkItem object at 0xffff704685c0>","logger":"task.stdout"}
{"timestamp":"2026-01-01T00:11:01.193108Z","level":"info","event":"             │    │   │    └ ([('process_flow_year_chunk-c22d1a66-a457-43d0-b7a8-5bb44f7410b9', (<Task 'process_flow_year_chunk-c22d1a66-a457-43d0-b7a8-5b...","logger":"task.stdout"}
{"timestamp":"2026-01-01T00:11:01.193169Z","level":"info","event":"             │    │   └ <concurrent.futures.thread._WorkItem object at 0xffff704685c0>","logger":"task.stdout"}
{"timestamp":"2026-01-01T00:11:01.193231Z","level":"info","event":"             │    └ <function batch_execute_tasks at 0xffff8d561d00>","logger":"task.stdout"}
{"timestamp":"2026-01-01T00:11:01.193307Z","level":"info","event":"             └ <concurrent.futures.thread._WorkItem object at 0xffff704685c0>","logger":"task.stdout"}
{"timestamp":"2026-01-01T00:11:01.193369Z","level":"info","event":"  File \"/home/airflow/.local/lib/python3.12/site-packages/dask/local.py\", line 270, in batch_execute_tasks","logger":"task.stdout"}
{"timestamp":"2026-01-01T00:11:01.193421Z","level":"info","event":"    return [execute_task(*a) for a in it]","logger":"task.stdout"}
{"timestamp":"2026-01-01T00:11:01.193474Z","level":"info","event":"            │             │      │    └ [('process_flow_year_chunk-c22d1a66-a457-43d0-b7a8-5bb44f7410b9', (<Task 'process_flow_year_chunk-c22d1a66-a457-43d0-b7a8-5bb...","logger":"task.stdout"}
{"timestamp":"2026-01-01T00:11:01.193529Z","level":"info","event":"            │             │      └ ('process_flow_year_chunk-c22d1a66-a457-43d0-b7a8-5bb44f7410b9', (<Task 'process_flow_year_chunk-c22d1a66-a457-43d0-b7a8-5bb4...","logger":"task.stdout"}
{"timestamp":"2026-01-01T00:11:01.193603Z","level":"info","event":"            │             └ ('process_flow_year_chunk-c22d1a66-a457-43d0-b7a8-5bb44f7410b9', (<Task 'process_flow_year_chunk-c22d1a66-a457-43d0-b7a8-5bb4...","logger":"task.stdout"}
{"timestamp":"2026-01-01T00:11:01.193663Z","level":"info","event":"            └ <function execute_task at 0xffff8d561c60>","logger":"task.stdout"}
{"timestamp":"2026-01-01T00:11:01.193731Z","level":"info","event":"  File \"/home/airflow/.local/lib/python3.12/site-packages/dask/local.py\", line 256, in execute_task","logger":"task.stdout"}
{"timestamp":"2026-01-01T00:11:01.193791Z","level":"info","event":"    result = task(data)","logger":"task.stdout"}
{"timestamp":"2026-01-01T00:11:01.193842Z","level":"info","event":"             │    └ {}","logger":"task.stdout"}
{"timestamp":"2026-01-01T00:11:01.193894Z","level":"info","event":"             └ <Task 'process_flow_year_chunk-c22d1a66-a457-43d0-b7a8-5bb44f7410b9' process_flow_year_chunk(...)>","logger":"task.stdout"}
{"timestamp":"2026-01-01T00:11:01.193947Z","level":"info","event":"  File \"/home/airflow/.local/lib/python3.12/site-packages/dask/_task_spec.py\", line 759, in __call__","logger":"task.stdout"}
{"timestamp":"2026-01-01T00:11:01.193999Z","level":"info","event":"    return self.func(*new_argspec)","logger":"task.stdout"}
{"timestamp":"2026-01-01T00:11:01.194055Z","level":"info","event":"           │    │     └ ('CPI', 'IMF.STA,CPI,latest', [2003, 2004, 2005, 2006, 2007], IMFConfig(key='all', sub_key='all', base_url='https://api.imf.o...","logger":"task.stdout"}
{"timestamp":"2026-01-01T00:11:01.194140Z","level":"info","event":"           │    └ <member 'func' of 'Task' objects>","logger":"task.stdout"}
{"timestamp":"2026-01-01T00:11:01.194201Z","level":"info","event":"           └ <Task 'process_flow_year_chunk-c22d1a66-a457-43d0-b7a8-5bb44f7410b9' process_flow_year_chunk(...)>","logger":"task.stdout"}
{"timestamp":"2026-01-01T00:11:01.194274Z","level":"info","event":"","logger":"task.stdout"}
{"timestamp":"2026-01-01T00:11:01.194326Z","level":"info","event":"> File \"/opt/airflow/dags/pipelines/imf/pipeline.py\", line 54, in process_flow_year_chunk","logger":"task.stdout"}
{"timestamp":"2026-01-01T00:11:01.194378Z","level":"info","event":"    if s3_object_exists(s3_cfg.bucket, s3_key, s3_cfg.region):","logger":"task.stdout"}
{"timestamp":"2026-01-01T00:11:01.194431Z","level":"info","event":"       │                │      │       │       │      └ 'eu-west-1'","logger":"task.stdout"}
{"timestamp":"2026-01-01T00:11:01.194485Z","level":"info","event":"       │                │      │       │       └ S3Config(bucket='personal-projectbucket', prefix='imf', region='eu-west-1')","logger":"task.stdout"}
{"timestamp":"2026-01-01T00:11:01.194538Z","level":"info","event":"       │                │      │       └ 'imf/CPI/year=2007/CPI_2007.csv'","logger":"task.stdout"}
{"timestamp":"2026-01-01T00:11:01.194637Z","level":"info","event":"       │                │      └ 'personal-projectbucket'","logger":"task.stdout"}
{"timestamp":"2026-01-01T00:11:01.194694Z","level":"info","event":"       │                └ S3Config(bucket='personal-projectbucket', prefix='imf', region='eu-west-1')","logger":"task.stdout"}
{"timestamp":"2026-01-01T00:11:01.194745Z","level":"info","event":"       └ <function s3_object_exists at 0xffff8cfba7a0>","logger":"task.stdout"}
{"timestamp":"2026-01-01T00:11:01.194800Z","level":"info","event":"","logger":"task.stdout"}
{"timestamp":"2026-01-01T00:11:01.194853Z","level":"info","event":"  File \"/opt/airflow/dags/pipelines/common/s3_utils.py\", line 29, in s3_object_exists","logger":"task.stdout"}
{"timestamp":"2026-01-01T00:11:01.194905Z","level":"info","event":"    s3.head_object(Bucket=bucket, Key=key)","logger":"task.stdout"}
{"timestamp":"2026-01-01T00:11:01.194957Z","level":"info","event":"    │  │                  │           └ 'imf/CPI/year=2007/CPI_2007.csv'","logger":"task.stdout"}
{"timestamp":"2026-01-01T00:11:01.195010Z","level":"info","event":"    │  │                  └ 'personal-projectbucket'","logger":"task.stdout"}
{"timestamp":"2026-01-01T00:11:01.195072Z","level":"info","event":"    │  └ <function ClientCreator._create_api_method.<locals>._api_call at 0xffff71310680>","logger":"task.stdout"}
{"timestamp":"2026-01-01T00:11:01.195128Z","level":"info","event":"    └ <botocore.client.S3 object at 0xffff717a79e0>","logger":"task.stdout"}
{"timestamp":"2026-01-01T00:11:01.195179Z","level":"info","event":"","logger":"task.stdout"}
{"timestamp":"2026-01-01T00:11:01.195230Z","level":"info","event":"  File \"/home/airflow/.local/lib/python3.12/site-packages/botocore/client.py\", line 602, in _api_call","logger":"task.stdout"}
{"timestamp":"2026-01-01T00:11:01.195298Z","level":"info","event":"    return self._make_api_call(operation_name, kwargs)","logger":"task.stdout"}
{"timestamp":"2026-01-01T00:11:01.195351Z","level":"info","event":"           │    │              │               └ {'Bucket': 'personal-projectbucket', 'Key': 'imf/CPI/year=2007/CPI_2007.csv'}","logger":"task.stdout"}
{"timestamp":"2026-01-01T00:11:01.195404Z","level":"info","event":"           │    │              └ 'HeadObject'","logger":"task.stdout"}
{"timestamp":"2026-01-01T00:11:01.195455Z","level":"info","event":"           │    └ <function BaseClient._make_api_call at 0xffff8cf3b060>","logger":"task.stdout"}
{"timestamp":"2026-01-01T00:11:01.195508Z","level":"info","event":"           └ <botocore.client.S3 object at 0xffff717a79e0>","logger":"task.stdout"}
{"timestamp":"2026-01-01T00:11:01.195592Z","level":"info","event":"  File \"/home/airflow/.local/lib/python3.12/site-packages/botocore/context.py\", line 123, in wrapper","logger":"task.stdout"}
{"timestamp":"2026-01-01T00:11:01.195644Z","level":"info","event":"    return func(*args, **kwargs)","logger":"task.stdout"}
{"timestamp":"2026-01-01T00:11:01.195695Z","level":"info","event":"           │     │       └ {}","logger":"task.stdout"}
{"timestamp":"2026-01-01T00:11:01.195747Z","level":"info","event":"           │     └ (<botocore.client.S3 object at 0xffff717a79e0>, 'HeadObject', {'Bucket': 'personal-projectbucket', 'Key': 'imf/CPI/year=2007/...","logger":"task.stdout"}
{"timestamp":"2026-01-01T00:11:01.195800Z","level":"info","event":"           └ <function BaseClient._make_api_call at 0xffff8cf3afc0>","logger":"task.stdout"}
{"timestamp":"2026-01-01T00:11:01.195852Z","level":"info","event":"  File \"/home/airflow/.local/lib/python3.12/site-packages/botocore/client.py\", line 1078, in _make_api_call","logger":"task.stdout"}
{"timestamp":"2026-01-01T00:11:01.195904Z","level":"info","event":"    raise error_class(parsed_response, operation_name)","logger":"task.stdout"}
{"timestamp":"2026-01-01T00:11:01.195956Z","level":"info","event":"          │           │                └ 'HeadObject'","logger":"task.stdout"}
{"timestamp":"2026-01-01T00:11:01.196006Z","level":"info","event":"          │           └ {'Error': {'Code': '403', 'Message': 'Forbidden'}, 'ResponseMetadata': {'RequestId': '8XDJ6PPQRPWS3C6P', 'HostId': '+xrlY8ID7...","logger":"task.stdout"}
{"timestamp":"2026-01-01T00:11:01.196058Z","level":"info","event":"          └ <class 'botocore.exceptions.ClientError'>","logger":"task.stdout"}
{"timestamp":"2026-01-01T00:11:01.196109Z","level":"info","event":"","logger":"task.stdout"}
{"timestamp":"2026-01-01T00:11:01.196161Z","level":"info","event":"botocore.exceptions.ClientError: An error occurred (403) when calling the HeadObject operation: Forbidden","logger":"task.stdout"}
{"timestamp":"2026-01-01T00:11:01.349357Z","level":"info","event":"2026-01-01 00:11:01 | ERROR | S3 head_object failed | flow=CPI year=1963 key=imf/CPI/year=1963/CPI_1963.csv","logger":"task.stdout"}
{"timestamp":"2026-01-01T00:11:01.354282Z","level":"info","event":"Traceback (most recent call last):","logger":"task.stdout"}
{"timestamp":"2026-01-01T00:11:01.354412Z","level":"info","event":"","logger":"task.stdout"}
{"timestamp":"2026-01-01T00:11:01.354479Z","level":"info","event":"  File \"/usr/python/lib/python3.12/threading.py\", line 1032, in _bootstrap","logger":"task.stdout"}
{"timestamp":"2026-01-01T00:11:01.354537Z","level":"info","event":"    self._bootstrap_inner()","logger":"task.stdout"}
{"timestamp":"2026-01-01T00:11:01.354595Z","level":"info","event":"    │    └ <function Thread._bootstrap_inner at 0xffff99068f40>","logger":"task.stdout"}
{"timestamp":"2026-01-01T00:11:01.354653Z","level":"info","event":"    └ <Thread(ThreadPoolExecutor-1_0, started 281472806220128)>","logger":"task.stdout"}
{"timestamp":"2026-01-01T00:11:01.354709Z","level":"info","event":"  File \"/usr/python/lib/python3.12/threading.py\", line 1075, in _bootstrap_inner","logger":"task.stdout"}
{"timestamp":"2026-01-01T00:11:01.354763Z","level":"info","event":"    self.run()","logger":"task.stdout"}
{"timestamp":"2026-01-01T00:11:01.354819Z","level":"info","event":"    │    └ <function Thread.run at 0xffff99068c20>","logger":"task.stdout"}
{"timestamp":"2026-01-01T00:11:01.354874Z","level":"info","event":"    └ <Thread(ThreadPoolExecutor-1_0, started 281472806220128)>","logger":"task.stdout"}
{"timestamp":"2026-01-01T00:11:01.354931Z","level":"info","event":"  File \"/usr/python/lib/python3.12/threading.py\", line 1012, in run","logger":"task.stdout"}
{"timestamp":"2026-01-01T00:11:01.354986Z","level":"info","event":"    self._target(*self._args, **self._kwargs)","logger":"task.stdout"}
{"timestamp":"2026-01-01T00:11:01.355041Z","level":"info","event":"    │    │        │    │        │    └ {}","logger":"task.stdout"}
{"timestamp":"2026-01-01T00:11:01.355135Z","level":"info","event":"    │    │        │    │        └ <Thread(ThreadPoolExecutor-1_0, started 281472806220128)>","logger":"task.stdout"}
{"timestamp":"2026-01-01T00:11:01.355193Z","level":"info","event":"    │    │        │    └ (<weakref at 0xffff90350ef0; to 'ThreadPoolExecutor' at 0xffff86d3eb70>, <_queue.SimpleQueue object at 0xffff712e3b00>, None,...","logger":"task.stdout"}
{"timestamp":"2026-01-01T00:11:01.355258Z","level":"info","event":"    │    │        └ <Thread(ThreadPoolExecutor-1_0, started 281472806220128)>","logger":"task.stdout"}
{"timestamp":"2026-01-01T00:11:01.355311Z","level":"info","event":"    │    └ <function _worker at 0xffff937a1c60>","logger":"task.stdout"}
{"timestamp":"2026-01-01T00:11:01.355367Z","level":"info","event":"    └ <Thread(ThreadPoolExecutor-1_0, started 281472806220128)>","logger":"task.stdout"}
{"timestamp":"2026-01-01T00:11:01.355419Z","level":"info","event":"  File \"/usr/python/lib/python3.12/concurrent/futures/thread.py\", line 93, in _worker","logger":"task.stdout"}
{"timestamp":"2026-01-01T00:11:01.355471Z","level":"info","event":"    work_item.run()","logger":"task.stdout"}
{"timestamp":"2026-01-01T00:11:01.355525Z","level":"info","event":"    │         └ <function _WorkItem.run at 0xffff937a1da0>","logger":"task.stdout"}
{"timestamp":"2026-01-01T00:11:01.355577Z","level":"info","event":"    └ <concurrent.futures.thread._WorkItem object at 0xffff70469670>","logger":"task.stdout"}
{"timestamp":"2026-01-01T00:11:01.355630Z","level":"info","event":"  File \"/usr/python/lib/python3.12/concurrent/futures/thread.py\", line 59, in run","logger":"task.stdout"}
{"timestamp":"2026-01-01T00:11:01.355682Z","level":"info","event":"    result = self.fn(*self.args, **self.kwargs)","logger":"task.stdout"}
{"timestamp":"2026-01-01T00:11:01.355734Z","level":"info","event":"             │    │   │    │       │    └ {}","logger":"task.stdout"}
{"timestamp":"2026-01-01T00:11:01.355787Z","level":"info","event":"             │    │   │    │       └ <concurrent.futures.thread._WorkItem object at 0xffff70469670>","logger":"task.stdout"}
{"timestamp":"2026-01-01T00:11:01.355845Z","level":"info","event":"             │    │   │    └ ([('process_flow_year_chunk-c1ac101f-00f8-4ace-9f8f-4b353fcf5a92', (<Task 'process_flow_year_chunk-c1ac101f-00f8-4ace-9f8f-4b...","logger":"task.stdout"}
{"timestamp":"2026-01-01T00:11:01.355898Z","level":"info","event":"             │    │   └ <concurrent.futures.thread._WorkItem object at 0xffff70469670>","logger":"task.stdout"}
{"timestamp":"2026-01-01T00:11:01.355953Z","level":"info","event":"             │    └ <function batch_execute_tasks at 0xffff8d561d00>","logger":"task.stdout"}
{"timestamp":"2026-01-01T00:11:01.356005Z","level":"info","event":"             └ <concurrent.futures.thread._WorkItem object at 0xffff70469670>","logger":"task.stdout"}
{"timestamp":"2026-01-01T00:11:01.356058Z","level":"info","event":"  File \"/home/airflow/.local/lib/python3.12/site-packages/dask/local.py\", line 270, in batch_execute_tasks","logger":"task.stdout"}
{"timestamp":"2026-01-01T00:11:01.356110Z","level":"info","event":"    return [execute_task(*a) for a in it]","logger":"task.stdout"}
{"timestamp":"2026-01-01T00:11:01.356169Z","level":"info","event":"            │             │      │    └ [('process_flow_year_chunk-c1ac101f-00f8-4ace-9f8f-4b353fcf5a92', (<Task 'process_flow_year_chunk-c1ac101f-00f8-4ace-9f8f-4b3...","logger":"task.stdout"}
{"timestamp":"2026-01-01T00:11:01.356225Z","level":"info","event":"            │             │      └ ('process_flow_year_chunk-c1ac101f-00f8-4ace-9f8f-4b353fcf5a92', (<Task 'process_flow_year_chunk-c1ac101f-00f8-4ace-9f8f-4b35...","logger":"task.stdout"}
{"timestamp":"2026-01-01T00:11:01.356289Z","level":"info","event":"            │             └ ('process_flow_year_chunk-c1ac101f-00f8-4ace-9f8f-4b353fcf5a92', (<Task 'process_flow_year_chunk-c1ac101f-00f8-4ace-9f8f-4b35...","logger":"task.stdout"}
{"timestamp":"2026-01-01T00:11:01.356375Z","level":"info","event":"            └ <function execute_task at 0xffff8d561c60>","logger":"task.stdout"}
{"timestamp":"2026-01-01T00:11:01.356429Z","level":"info","event":"  File \"/home/airflow/.local/lib/python3.12/site-packages/dask/local.py\", line 256, in execute_task","logger":"task.stdout"}
{"timestamp":"2026-01-01T00:11:01.356483Z","level":"info","event":"    result = task(data)","logger":"task.stdout"}
{"timestamp":"2026-01-01T00:11:01.356538Z","level":"info","event":"             │    └ {}","logger":"task.stdout"}
{"timestamp":"2026-01-01T00:11:01.356592Z","level":"info","event":"             └ <Task 'process_flow_year_chunk-c1ac101f-00f8-4ace-9f8f-4b353fcf5a92' process_flow_year_chunk(...)>","logger":"task.stdout"}
{"timestamp":"2026-01-01T00:11:01.356649Z","level":"info","event":"  File \"/home/airflow/.local/lib/python3.12/site-packages/dask/_task_spec.py\", line 759, in __call__","logger":"task.stdout"}
{"timestamp":"2026-01-01T00:11:01.356703Z","level":"info","event":"    return self.func(*new_argspec)","logger":"task.stdout"}
{"timestamp":"2026-01-01T00:11:01.356757Z","level":"info","event":"           │    │     └ ('CPI', 'IMF.STA,CPI,latest', [1963, 1964, 1965, 1966, 1967], IMFConfig(key='all', sub_key='all', base_url='https://api.imf.o...","logger":"task.stdout"}
{"timestamp":"2026-01-01T00:11:01.356812Z","level":"info","event":"           │    └ <member 'func' of 'Task' objects>","logger":"task.stdout"}
{"timestamp":"2026-01-01T00:11:01.356867Z","level":"info","event":"           └ <Task 'process_flow_year_chunk-c1ac101f-00f8-4ace-9f8f-4b353fcf5a92' process_flow_year_chunk(...)>","logger":"task.stdout"}
{"timestamp":"2026-01-01T00:11:01.356921Z","level":"info","event":"","logger":"task.stdout"}
{"timestamp":"2026-01-01T00:11:01.356974Z","level":"info","event":"> File \"/opt/airflow/dags/pipelines/imf/pipeline.py\", line 54, in process_flow_year_chunk","logger":"task.stdout"}
{"timestamp":"2026-01-01T00:11:01.357025Z","level":"info","event":"    if s3_object_exists(s3_cfg.bucket, s3_key, s3_cfg.region):","logger":"task.stdout"}
{"timestamp":"2026-01-01T00:11:01.357080Z","level":"info","event":"       │                │      │       │       │      └ 'eu-west-1'","logger":"task.stdout"}
{"timestamp":"2026-01-01T00:11:01.357133Z","level":"info","event":"       │                │      │       │       └ S3Config(bucket='personal-projectbucket', prefix='imf', region='eu-west-1')","logger":"task.stdout"}
{"timestamp":"2026-01-01T00:11:01.357188Z","level":"info","event":"       │                │      │       └ 'imf/CPI/year=1963/CPI_1963.csv'","logger":"task.stdout"}
{"timestamp":"2026-01-01T00:11:01.357297Z","level":"info","event":"       │                │      └ 'personal-projectbucket'","logger":"task.stdout"}
{"timestamp":"2026-01-01T00:11:01.357352Z","level":"info","event":"       │                └ S3Config(bucket='personal-projectbucket', prefix='imf', region='eu-west-1')","logger":"task.stdout"}
{"timestamp":"2026-01-01T00:11:01.357405Z","level":"info","event":"       └ <function s3_object_exists at 0xffff8cfba7a0>","logger":"task.stdout"}
{"timestamp":"2026-01-01T00:11:01.357459Z","level":"info","event":"","logger":"task.stdout"}
{"timestamp":"2026-01-01T00:11:01.357512Z","level":"info","event":"  File \"/opt/airflow/dags/pipelines/common/s3_utils.py\", line 29, in s3_object_exists","logger":"task.stdout"}
{"timestamp":"2026-01-01T00:11:01.357564Z","level":"info","event":"    s3.head_object(Bucket=bucket, Key=key)","logger":"task.stdout"}
{"timestamp":"2026-01-01T00:11:01.357616Z","level":"info","event":"    │  │                  │           └ 'imf/CPI/year=1963/CPI_1963.csv'","logger":"task.stdout"}
{"timestamp":"2026-01-01T00:11:01.357672Z","level":"info","event":"    │  │                  └ 'personal-projectbucket'","logger":"task.stdout"}
{"timestamp":"2026-01-01T00:11:01.357724Z","level":"info","event":"    │  └ <function ClientCreator._create_api_method.<locals>._api_call at 0xffff71310680>","logger":"task.stdout"}
{"timestamp":"2026-01-01T00:11:01.357807Z","level":"info","event":"    └ <botocore.client.S3 object at 0xffff717a79e0>","logger":"task.stdout"}
{"timestamp":"2026-01-01T00:11:01.357859Z","level":"info","event":"","logger":"task.stdout"}
{"timestamp":"2026-01-01T00:11:01.357912Z","level":"info","event":"  File \"/home/airflow/.local/lib/python3.12/site-packages/botocore/client.py\", line 602, in _api_call","logger":"task.stdout"}
{"timestamp":"2026-01-01T00:11:01.357965Z","level":"info","event":"    return self._make_api_call(operation_name, kwargs)","logger":"task.stdout"}
{"timestamp":"2026-01-01T00:11:01.358017Z","level":"info","event":"           │    │              │               └ {'Bucket': 'personal-projectbucket', 'Key': 'imf/CPI/year=1963/CPI_1963.csv'}","logger":"task.stdout"}
{"timestamp":"2026-01-01T00:11:01.358070Z","level":"info","event":"           │    │              └ 'HeadObject'","logger":"task.stdout"}
{"timestamp":"2026-01-01T00:11:01.358123Z","level":"info","event":"           │    └ <function BaseClient._make_api_call at 0xffff8cf3b060>","logger":"task.stdout"}
{"timestamp":"2026-01-01T00:11:01.358176Z","level":"info","event":"           └ <botocore.client.S3 object at 0xffff717a79e0>","logger":"task.stdout"}
{"timestamp":"2026-01-01T00:11:01.358228Z","level":"info","event":"  File \"/home/airflow/.local/lib/python3.12/site-packages/botocore/context.py\", line 123, in wrapper","logger":"task.stdout"}
{"timestamp":"2026-01-01T00:11:01.358290Z","level":"info","event":"    return func(*args, **kwargs)","logger":"task.stdout"}
{"timestamp":"2026-01-01T00:11:01.358345Z","level":"info","event":"           │     │       └ {}","logger":"task.stdout"}
{"timestamp":"2026-01-01T00:11:01.358397Z","level":"info","event":"           │     └ (<botocore.client.S3 object at 0xffff717a79e0>, 'HeadObject', {'Bucket': 'personal-projectbucket', 'Key': 'imf/CPI/year=1963/...","logger":"task.stdout"}
{"timestamp":"2026-01-01T00:11:01.358450Z","level":"info","event":"           └ <function BaseClient._make_api_call at 0xffff8cf3afc0>","logger":"task.stdout"}
{"timestamp":"2026-01-01T00:11:01.358503Z","level":"info","event":"  File \"/home/airflow/.local/lib/python3.12/site-packages/botocore/client.py\", line 1078, in _make_api_call","logger":"task.stdout"}
{"timestamp":"2026-01-01T00:11:01.358556Z","level":"info","event":"    raise error_class(parsed_response, operation_name)","logger":"task.stdout"}
{"timestamp":"2026-01-01T00:11:01.358608Z","level":"info","event":"          │           │                └ 'HeadObject'","logger":"task.stdout"}
{"timestamp":"2026-01-01T00:11:01.358660Z","level":"info","event":"          │           └ {'Error': {'Code': '403', 'Message': 'Forbidden'}, 'ResponseMetadata': {'RequestId': '8XDJNF41EGRB6HPF', 'HostId': 'C3BFUEyp1...","logger":"task.stdout"}
{"timestamp":"2026-01-01T00:11:01.358712Z","level":"info","event":"          └ <class 'botocore.exceptions.ClientError'>","logger":"task.stdout"}
{"timestamp":"2026-01-01T00:11:01.358762Z","level":"info","event":"","logger":"task.stdout"}
{"timestamp":"2026-01-01T00:11:01.358815Z","level":"info","event":"botocore.exceptions.ClientError: An error occurred (403) when calling the HeadObject operation: Forbidden","logger":"task.stdout"}
{"timestamp":"2026-01-01T00:11:01.504969Z","level":"info","event":"2026-01-01 00:11:01 | ERROR | S3 head_object failed | flow=CPI year=1964 key=imf/CPI/year=1964/CPI_1964.csv","logger":"task.stdout"}
{"timestamp":"2026-01-01T00:11:01.505126Z","level":"info","event":"Traceback (most recent call last):","logger":"task.stdout"}
{"timestamp":"2026-01-01T00:11:01.505188Z","level":"info","event":"","logger":"task.stdout"}
{"timestamp":"2026-01-01T00:11:01.505256Z","level":"info","event":"  File \"/usr/python/lib/python3.12/threading.py\", line 1032, in _bootstrap","logger":"task.stdout"}
{"timestamp":"2026-01-01T00:11:01.505311Z","level":"info","event":"    self._bootstrap_inner()","logger":"task.stdout"}
{"timestamp":"2026-01-01T00:11:01.505398Z","level":"info","event":"    │    └ <function Thread._bootstrap_inner at 0xffff99068f40>","logger":"task.stdout"}
{"timestamp":"2026-01-01T00:11:01.505451Z","level":"info","event":"    └ <Thread(ThreadPoolExecutor-1_0, started 281472806220128)>","logger":"task.stdout"}
{"timestamp":"2026-01-01T00:11:01.505501Z","level":"info","event":"  File \"/usr/python/lib/python3.12/threading.py\", line 1075, in _bootstrap_inner","logger":"task.stdout"}
{"timestamp":"2026-01-01T00:11:01.505551Z","level":"info","event":"    self.run()","logger":"task.stdout"}
{"timestamp":"2026-01-01T00:11:01.505602Z","level":"info","event":"    │    └ <function Thread.run at 0xffff99068c20>","logger":"task.stdout"}
{"timestamp":"2026-01-01T00:11:01.505653Z","level":"info","event":"    └ <Thread(ThreadPoolExecutor-1_0, started 281472806220128)>","logger":"task.stdout"}
{"timestamp":"2026-01-01T00:11:01.505704Z","level":"info","event":"  File \"/usr/python/lib/python3.12/threading.py\", line 1012, in run","logger":"task.stdout"}
{"timestamp":"2026-01-01T00:11:01.505753Z","level":"info","event":"    self._target(*self._args, **self._kwargs)","logger":"task.stdout"}
{"timestamp":"2026-01-01T00:11:01.505801Z","level":"info","event":"    │    │        │    │        │    └ {}","logger":"task.stdout"}
{"timestamp":"2026-01-01T00:11:01.505852Z","level":"info","event":"    │    │        │    │        └ <Thread(ThreadPoolExecutor-1_0, started 281472806220128)>","logger":"task.stdout"}
{"timestamp":"2026-01-01T00:11:01.505906Z","level":"info","event":"    │    │        │    └ (<weakref at 0xffff90350ef0; to 'ThreadPoolExecutor' at 0xffff86d3eb70>, <_queue.SimpleQueue object at 0xffff712e3b00>, None,...","logger":"task.stdout"}
{"timestamp":"2026-01-01T00:11:01.505957Z","level":"info","event":"    │    │        └ <Thread(ThreadPoolExecutor-1_0, started 281472806220128)>","logger":"task.stdout"}
{"timestamp":"2026-01-01T00:11:01.506007Z","level":"info","event":"    │    └ <function _worker at 0xffff937a1c60>","logger":"task.stdout"}
{"timestamp":"2026-01-01T00:11:01.506056Z","level":"info","event":"    └ <Thread(ThreadPoolExecutor-1_0, started 281472806220128)>","logger":"task.stdout"}
{"timestamp":"2026-01-01T00:11:01.506105Z","level":"info","event":"  File \"/usr/python/lib/python3.12/concurrent/futures/thread.py\", line 93, in _worker","logger":"task.stdout"}
{"timestamp":"2026-01-01T00:11:01.506153Z","level":"info","event":"    work_item.run()","logger":"task.stdout"}
{"timestamp":"2026-01-01T00:11:01.506200Z","level":"info","event":"    │         └ <function _WorkItem.run at 0xffff937a1da0>","logger":"task.stdout"}
{"timestamp":"2026-01-01T00:11:01.506257Z","level":"info","event":"    └ <concurrent.futures.thread._WorkItem object at 0xffff70469670>","logger":"task.stdout"}
{"timestamp":"2026-01-01T00:11:01.506304Z","level":"info","event":"  File \"/usr/python/lib/python3.12/concurrent/futures/thread.py\", line 59, in run","logger":"task.stdout"}
{"timestamp":"2026-01-01T00:11:01.506353Z","level":"info","event":"    result = self.fn(*self.args, **self.kwargs)","logger":"task.stdout"}
{"timestamp":"2026-01-01T00:11:01.506404Z","level":"info","event":"             │    │   │    │       │    └ {}","logger":"task.stdout"}
{"timestamp":"2026-01-01T00:11:01.506452Z","level":"info","event":"             │    │   │    │       └ <concurrent.futures.thread._WorkItem object at 0xffff70469670>","logger":"task.stdout"}
{"timestamp":"2026-01-01T00:11:01.506504Z","level":"info","event":"             │    │   │    └ ([('process_flow_year_chunk-c1ac101f-00f8-4ace-9f8f-4b353fcf5a92', (<Task 'process_flow_year_chunk-c1ac101f-00f8-4ace-9f8f-4b...","logger":"task.stdout"}
{"timestamp":"2026-01-01T00:11:01.506552Z","level":"info","event":"             │    │   └ <concurrent.futures.thread._WorkItem object at 0xffff70469670>","logger":"task.stdout"}
{"timestamp":"2026-01-01T00:11:01.506599Z","level":"info","event":"             │    └ <function batch_execute_tasks at 0xffff8d561d00>","logger":"task.stdout"}
{"timestamp":"2026-01-01T00:11:01.506693Z","level":"info","event":"             └ <concurrent.futures.thread._WorkItem object at 0xffff70469670>","logger":"task.stdout"}
{"timestamp":"2026-01-01T00:11:01.506742Z","level":"info","event":"  File \"/home/airflow/.local/lib/python3.12/site-packages/dask/local.py\", line 270, in batch_execute_tasks","logger":"task.stdout"}
{"timestamp":"2026-01-01T00:11:01.506789Z","level":"info","event":"    return [execute_task(*a) for a in it]","logger":"task.stdout"}
{"timestamp":"2026-01-01T00:11:01.506837Z","level":"info","event":"            │             │      │    └ [('process_flow_year_chunk-c1ac101f-00f8-4ace-9f8f-4b353fcf5a92', (<Task 'process_flow_year_chunk-c1ac101f-00f8-4ace-9f8f-4b3...","logger":"task.stdout"}
{"timestamp":"2026-01-01T00:11:01.506885Z","level":"info","event":"            │             │      └ ('process_flow_year_chunk-c1ac101f-00f8-4ace-9f8f-4b353fcf5a92', (<Task 'process_flow_year_chunk-c1ac101f-00f8-4ace-9f8f-4b35...","logger":"task.stdout"}
{"timestamp":"2026-01-01T00:11:01.506933Z","level":"info","event":"            │             └ ('process_flow_year_chunk-c1ac101f-00f8-4ace-9f8f-4b353fcf5a92', (<Task 'process_flow_year_chunk-c1ac101f-00f8-4ace-9f8f-4b35...","logger":"task.stdout"}
{"timestamp":"2026-01-01T00:11:01.506981Z","level":"info","event":"            └ <function execute_task at 0xffff8d561c60>","logger":"task.stdout"}
{"timestamp":"2026-01-01T00:11:01.507028Z","level":"info","event":"  File \"/home/airflow/.local/lib/python3.12/site-packages/dask/local.py\", line 256, in execute_task","logger":"task.stdout"}
{"timestamp":"2026-01-01T00:11:01.507077Z","level":"info","event":"    result = task(data)","logger":"task.stdout"}
{"timestamp":"2026-01-01T00:11:01.509271Z","level":"info","event":"             │    └ {}","logger":"task.stdout"}
{"timestamp":"2026-01-01T00:11:01.509351Z","level":"info","event":"             └ <Task 'process_flow_year_chunk-c1ac101f-00f8-4ace-9f8f-4b353fcf5a92' process_flow_year_chunk(...)>","logger":"task.stdout"}
{"timestamp":"2026-01-01T00:11:01.509407Z","level":"info","event":"  File \"/home/airflow/.local/lib/python3.12/site-packages/dask/_task_spec.py\", line 759, in __call__","logger":"task.stdout"}
{"timestamp":"2026-01-01T00:11:01.509456Z","level":"info","event":"    return self.func(*new_argspec)","logger":"task.stdout"}
{"timestamp":"2026-01-01T00:11:01.509510Z","level":"info","event":"           │    │     └ ('CPI', 'IMF.STA,CPI,latest', [1963, 1964, 1965, 1966, 1967], IMFConfig(key='all', sub_key='all', base_url='https://api.imf.o...","logger":"task.stdout"}
{"timestamp":"2026-01-01T00:11:01.509559Z","level":"info","event":"           │    └ <member 'func' of 'Task' objects>","logger":"task.stdout"}
{"timestamp":"2026-01-01T00:11:01.509609Z","level":"info","event":"           └ <Task 'process_flow_year_chunk-c1ac101f-00f8-4ace-9f8f-4b353fcf5a92' process_flow_year_chunk(...)>","logger":"task.stdout"}
{"timestamp":"2026-01-01T00:11:01.509660Z","level":"info","event":"","logger":"task.stdout"}
{"timestamp":"2026-01-01T00:11:01.509709Z","level":"info","event":"> File \"/opt/airflow/dags/pipelines/imf/pipeline.py\", line 54, in process_flow_year_chunk","logger":"task.stdout"}
{"timestamp":"2026-01-01T00:11:01.509757Z","level":"info","event":"    if s3_object_exists(s3_cfg.bucket, s3_key, s3_cfg.region):","logger":"task.stdout"}
{"timestamp":"2026-01-01T00:11:01.509804Z","level":"info","event":"       │                │      │       │       │      └ 'eu-west-1'","logger":"task.stdout"}
{"timestamp":"2026-01-01T00:11:01.509854Z","level":"info","event":"       │                │      │       │       └ S3Config(bucket='personal-projectbucket', prefix='imf', region='eu-west-1')","logger":"task.stdout"}
{"timestamp":"2026-01-01T00:11:01.509903Z","level":"info","event":"       │                │      │       └ 'imf/CPI/year=1964/CPI_1964.csv'","logger":"task.stdout"}
{"timestamp":"2026-01-01T00:11:01.510016Z","level":"info","event":"       │                │      └ 'personal-projectbucket'","logger":"task.stdout"}
{"timestamp":"2026-01-01T00:11:01.510066Z","level":"info","event":"       │                └ S3Config(bucket='personal-projectbucket', prefix='imf', region='eu-west-1')","logger":"task.stdout"}
{"timestamp":"2026-01-01T00:11:01.510115Z","level":"info","event":"       └ <function s3_object_exists at 0xffff8cfba7a0>","logger":"task.stdout"}
{"timestamp":"2026-01-01T00:11:01.510164Z","level":"info","event":"","logger":"task.stdout"}
{"timestamp":"2026-01-01T00:11:01.510211Z","level":"info","event":"  File \"/opt/airflow/dags/pipelines/common/s3_utils.py\", line 29, in s3_object_exists","logger":"task.stdout"}
{"timestamp":"2026-01-01T00:11:01.510264Z","level":"info","event":"    s3.head_object(Bucket=bucket, Key=key)","logger":"task.stdout"}
{"timestamp":"2026-01-01T00:11:01.510312Z","level":"info","event":"    │  │                  │           └ 'imf/CPI/year=1964/CPI_1964.csv'","logger":"task.stdout"}
{"timestamp":"2026-01-01T00:11:01.510362Z","level":"info","event":"    │  │                  └ 'personal-projectbucket'","logger":"task.stdout"}
{"timestamp":"2026-01-01T00:11:01.510409Z","level":"info","event":"    │  └ <function ClientCreator._create_api_method.<locals>._api_call at 0xffff71310680>","logger":"task.stdout"}
{"timestamp":"2026-01-01T00:11:01.510456Z","level":"info","event":"    └ <botocore.client.S3 object at 0xffff717a79e0>","logger":"task.stdout"}
{"timestamp":"2026-01-01T00:11:01.510504Z","level":"info","event":"","logger":"task.stdout"}
{"timestamp":"2026-01-01T00:11:01.510552Z","level":"info","event":"  File \"/home/airflow/.local/lib/python3.12/site-packages/botocore/client.py\", line 602, in _api_call","logger":"task.stdout"}
{"timestamp":"2026-01-01T00:11:01.510599Z","level":"info","event":"    return self._make_api_call(operation_name, kwargs)","logger":"task.stdout"}
{"timestamp":"2026-01-01T00:11:01.510646Z","level":"info","event":"           │    │              │               └ {'Bucket': 'personal-projectbucket', 'Key': 'imf/CPI/year=1964/CPI_1964.csv'}","logger":"task.stdout"}
{"timestamp":"2026-01-01T00:11:01.510693Z","level":"info","event":"           │    │              └ 'HeadObject'","logger":"task.stdout"}
{"timestamp":"2026-01-01T00:11:01.510742Z","level":"info","event":"           │    └ <function BaseClient._make_api_call at 0xffff8cf3b060>","logger":"task.stdout"}
{"timestamp":"2026-01-01T00:11:01.510791Z","level":"info","event":"           └ <botocore.client.S3 object at 0xffff717a79e0>","logger":"task.stdout"}
{"timestamp":"2026-01-01T00:11:01.510839Z","level":"info","event":"  File \"/home/airflow/.local/lib/python3.12/site-packages/botocore/context.py\", line 123, in wrapper","logger":"task.stdout"}
{"timestamp":"2026-01-01T00:11:01.510886Z","level":"info","event":"    return func(*args, **kwargs)","logger":"task.stdout"}
{"timestamp":"2026-01-01T00:11:01.510935Z","level":"info","event":"           │     │       └ {}","logger":"task.stdout"}
{"timestamp":"2026-01-01T00:11:01.510983Z","level":"info","event":"           │     └ (<botocore.client.S3 object at 0xffff717a79e0>, 'HeadObject', {'Bucket': 'personal-projectbucket', 'Key': 'imf/CPI/year=1964/...","logger":"task.stdout"}
{"timestamp":"2026-01-01T00:11:01.511033Z","level":"info","event":"           └ <function BaseClient._make_api_call at 0xffff8cf3afc0>","logger":"task.stdout"}
{"timestamp":"2026-01-01T00:11:01.511081Z","level":"info","event":"  File \"/home/airflow/.local/lib/python3.12/site-packages/botocore/client.py\", line 1078, in _make_api_call","logger":"task.stdout"}
{"timestamp":"2026-01-01T00:11:01.511130Z","level":"info","event":"    raise error_class(parsed_response, operation_name)","logger":"task.stdout"}
{"timestamp":"2026-01-01T00:11:01.511178Z","level":"info","event":"          │           │                └ 'HeadObject'","logger":"task.stdout"}
{"timestamp":"2026-01-01T00:11:01.511227Z","level":"info","event":"          │           └ {'Error': {'Code': '403', 'Message': 'Forbidden'}, 'ResponseMetadata': {'RequestId': 'HKM2SBN0Z4TA885B', 'HostId': 'v3v9OLs8t...","logger":"task.stdout"}
{"timestamp":"2026-01-01T00:11:01.511314Z","level":"info","event":"          └ <class 'botocore.exceptions.ClientError'>","logger":"task.stdout"}
{"timestamp":"2026-01-01T00:11:01.511361Z","level":"info","event":"","logger":"task.stdout"}
{"timestamp":"2026-01-01T00:11:01.511407Z","level":"info","event":"botocore.exceptions.ClientError: An error occurred (403) when calling the HeadObject operation: Forbidden","logger":"task.stdout"}
{"timestamp":"2026-01-01T00:11:01.661338Z","level":"info","event":"2026-01-01 00:11:01 | ERROR | S3 head_object failed | flow=CPI year=1965 key=imf/CPI/year=1965/CPI_1965.csv","logger":"task.stdout"}
{"timestamp":"2026-01-01T00:11:01.663720Z","level":"info","event":"Traceback (most recent call last):","logger":"task.stdout"}
{"timestamp":"2026-01-01T00:11:01.663820Z","level":"info","event":"","logger":"task.stdout"}
{"timestamp":"2026-01-01T00:11:01.663877Z","level":"info","event":"  File \"/usr/python/lib/python3.12/threading.py\", line 1032, in _bootstrap","logger":"task.stdout"}
{"timestamp":"2026-01-01T00:11:01.663932Z","level":"info","event":"    self._bootstrap_inner()","logger":"task.stdout"}
{"timestamp":"2026-01-01T00:11:01.663985Z","level":"info","event":"    │    └ <function Thread._bootstrap_inner at 0xffff99068f40>","logger":"task.stdout"}
{"timestamp":"2026-01-01T00:11:01.664037Z","level":"info","event":"    └ <Thread(ThreadPoolExecutor-1_0, started 281472806220128)>","logger":"task.stdout"}
{"timestamp":"2026-01-01T00:11:01.664088Z","level":"info","event":"  File \"/usr/python/lib/python3.12/threading.py\", line 1075, in _bootstrap_inner","logger":"task.stdout"}
{"timestamp":"2026-01-01T00:11:01.664140Z","level":"info","event":"    self.run()","logger":"task.stdout"}
{"timestamp":"2026-01-01T00:11:01.664211Z","level":"info","event":"    │    └ <function Thread.run at 0xffff99068c20>","logger":"task.stdout"}
{"timestamp":"2026-01-01T00:11:01.664268Z","level":"info","event":"    └ <Thread(ThreadPoolExecutor-1_0, started 281472806220128)>","logger":"task.stdout"}
{"timestamp":"2026-01-01T00:11:01.664319Z","level":"info","event":"  File \"/usr/python/lib/python3.12/threading.py\", line 1012, in run","logger":"task.stdout"}
{"timestamp":"2026-01-01T00:11:01.664371Z","level":"info","event":"    self._target(*self._args, **self._kwargs)","logger":"task.stdout"}
{"timestamp":"2026-01-01T00:11:01.664422Z","level":"info","event":"    │    │        │    │        │    └ {}","logger":"task.stdout"}
{"timestamp":"2026-01-01T00:11:01.664480Z","level":"info","event":"    │    │        │    │        └ <Thread(ThreadPoolExecutor-1_0, started 281472806220128)>","logger":"task.stdout"}
{"timestamp":"2026-01-01T00:11:01.664543Z","level":"info","event":"    │    │        │    └ (<weakref at 0xffff90350ef0; to 'ThreadPoolExecutor' at 0xffff86d3eb70>, <_queue.SimpleQueue object at 0xffff712e3b00>, None,...","logger":"task.stdout"}
{"timestamp":"2026-01-01T00:11:01.664594Z","level":"info","event":"    │    │        └ <Thread(ThreadPoolExecutor-1_0, started 281472806220128)>","logger":"task.stdout"}
{"timestamp":"2026-01-01T00:11:01.664646Z","level":"info","event":"    │    └ <function _worker at 0xffff937a1c60>","logger":"task.stdout"}
{"timestamp":"2026-01-01T00:11:01.664695Z","level":"info","event":"    └ <Thread(ThreadPoolExecutor-1_0, started 281472806220128)>","logger":"task.stdout"}
{"timestamp":"2026-01-01T00:11:01.664745Z","level":"info","event":"  File \"/usr/python/lib/python3.12/concurrent/futures/thread.py\", line 93, in _worker","logger":"task.stdout"}
{"timestamp":"2026-01-01T00:11:01.664793Z","level":"info","event":"    work_item.run()","logger":"task.stdout"}
{"timestamp":"2026-01-01T00:11:01.667263Z","level":"info","event":"    │         └ <function _WorkItem.run at 0xffff937a1da0>","logger":"task.stdout"}
{"timestamp":"2026-01-01T00:11:01.667364Z","level":"info","event":"    └ <concurrent.futures.thread._WorkItem object at 0xffff70469670>","logger":"task.stdout"}
{"timestamp":"2026-01-01T00:11:01.667414Z","level":"info","event":"  File \"/usr/python/lib/python3.12/concurrent/futures/thread.py\", line 59, in run","logger":"task.stdout"}
{"timestamp":"2026-01-01T00:11:01.667463Z","level":"info","event":"    result = self.fn(*self.args, **self.kwargs)","logger":"task.stdout"}
{"timestamp":"2026-01-01T00:11:01.667514Z","level":"info","event":"             │    │   │    │       │    └ {}","logger":"task.stdout"}
{"timestamp":"2026-01-01T00:11:01.667564Z","level":"info","event":"             │    │   │    │       └ <concurrent.futures.thread._WorkItem object at 0xffff70469670>","logger":"task.stdout"}
{"timestamp":"2026-01-01T00:11:01.667613Z","level":"info","event":"             │    │   │    └ ([('process_flow_year_chunk-c1ac101f-00f8-4ace-9f8f-4b353fcf5a92', (<Task 'process_flow_year_chunk-c1ac101f-00f8-4ace-9f8f-4b...","logger":"task.stdout"}
{"timestamp":"2026-01-01T00:11:01.667664Z","level":"info","event":"             │    │   └ <concurrent.futures.thread._WorkItem object at 0xffff70469670>","logger":"task.stdout"}
{"timestamp":"2026-01-01T00:11:01.667714Z","level":"info","event":"             │    └ <function batch_execute_tasks at 0xffff8d561d00>","logger":"task.stdout"}
{"timestamp":"2026-01-01T00:11:01.667764Z","level":"info","event":"             └ <concurrent.futures.thread._WorkItem object at 0xffff70469670>","logger":"task.stdout"}
{"timestamp":"2026-01-01T00:11:01.667813Z","level":"info","event":"  File \"/home/airflow/.local/lib/python3.12/site-packages/dask/local.py\", line 270, in batch_execute_tasks","logger":"task.stdout"}
{"timestamp":"2026-01-01T00:11:01.667861Z","level":"info","event":"    return [execute_task(*a) for a in it]","logger":"task.stdout"}
{"timestamp":"2026-01-01T00:11:01.667911Z","level":"info","event":"            │             │      │    └ [('process_flow_year_chunk-c1ac101f-00f8-4ace-9f8f-4b353fcf5a92', (<Task 'process_flow_year_chunk-c1ac101f-00f8-4ace-9f8f-4b3...","logger":"task.stdout"}
{"timestamp":"2026-01-01T00:11:01.667961Z","level":"info","event":"            │             │      └ ('process_flow_year_chunk-c1ac101f-00f8-4ace-9f8f-4b353fcf5a92', (<Task 'process_flow_year_chunk-c1ac101f-00f8-4ace-9f8f-4b35...","logger":"task.stdout"}
{"timestamp":"2026-01-01T00:11:01.668012Z","level":"info","event":"            │             └ ('process_flow_year_chunk-c1ac101f-00f8-4ace-9f8f-4b353fcf5a92', (<Task 'process_flow_year_chunk-c1ac101f-00f8-4ace-9f8f-4b35...","logger":"task.stdout"}
{"timestamp":"2026-01-01T00:11:01.668061Z","level":"info","event":"            └ <function execute_task at 0xffff8d561c60>","logger":"task.stdout"}
{"timestamp":"2026-01-01T00:11:01.668112Z","level":"info","event":"  File \"/home/airflow/.local/lib/python3.12/site-packages/dask/local.py\", line 256, in execute_task","logger":"task.stdout"}
{"timestamp":"2026-01-01T00:11:01.668161Z","level":"info","event":"    result = task(data)","logger":"task.stdout"}
{"timestamp":"2026-01-01T00:11:01.668210Z","level":"info","event":"             │    └ {}","logger":"task.stdout"}
{"timestamp":"2026-01-01T00:11:01.668266Z","level":"info","event":"             └ <Task 'process_flow_year_chunk-c1ac101f-00f8-4ace-9f8f-4b353fcf5a92' process_flow_year_chunk(...)>","logger":"task.stdout"}
{"timestamp":"2026-01-01T00:11:01.668317Z","level":"info","event":"  File \"/home/airflow/.local/lib/python3.12/site-packages/dask/_task_spec.py\", line 759, in __call__","logger":"task.stdout"}
{"timestamp":"2026-01-01T00:11:01.668369Z","level":"info","event":"    return self.func(*new_argspec)","logger":"task.stdout"}
{"timestamp":"2026-01-01T00:11:01.668417Z","level":"info","event":"           │    │     └ ('CPI', 'IMF.STA,CPI,latest', [1963, 1964, 1965, 1966, 1967], IMFConfig(key='all', sub_key='all', base_url='https://api.imf.o...","logger":"task.stdout"}
{"timestamp":"2026-01-01T00:11:01.668468Z","level":"info","event":"           │    └ <member 'func' of 'Task' objects>","logger":"task.stdout"}
{"timestamp":"2026-01-01T00:11:01.668525Z","level":"info","event":"           └ <Task 'process_flow_year_chunk-c1ac101f-00f8-4ace-9f8f-4b353fcf5a92' process_flow_year_chunk(...)>","logger":"task.stdout"}
{"timestamp":"2026-01-01T00:11:01.668577Z","level":"info","event":"","logger":"task.stdout"}
{"timestamp":"2026-01-01T00:11:01.668626Z","level":"info","event":"> File \"/opt/airflow/dags/pipelines/imf/pipeline.py\", line 54, in process_flow_year_chunk","logger":"task.stdout"}
{"timestamp":"2026-01-01T00:11:01.668674Z","level":"info","event":"    if s3_object_exists(s3_cfg.bucket, s3_key, s3_cfg.region):","logger":"task.stdout"}
{"timestamp":"2026-01-01T00:11:01.668723Z","level":"info","event":"       │                │      │       │       │      └ 'eu-west-1'","logger":"task.stdout"}
{"timestamp":"2026-01-01T00:11:01.668771Z","level":"info","event":"       │                │      │       │       └ S3Config(bucket='personal-projectbucket', prefix='imf', region='eu-west-1')","logger":"task.stdout"}
{"timestamp":"2026-01-01T00:11:01.668820Z","level":"info","event":"       │                │      │       └ 'imf/CPI/year=1965/CPI_1965.csv'","logger":"task.stdout"}
{"timestamp":"2026-01-01T00:11:01.668918Z","level":"info","event":"       │                │      └ 'personal-projectbucket'","logger":"task.stdout"}
{"timestamp":"2026-01-01T00:11:01.668970Z","level":"info","event":"       │                └ S3Config(bucket='personal-projectbucket', prefix='imf', region='eu-west-1')","logger":"task.stdout"}
{"timestamp":"2026-01-01T00:11:01.669021Z","level":"info","event":"       └ <function s3_object_exists at 0xffff8cfba7a0>","logger":"task.stdout"}
{"timestamp":"2026-01-01T00:11:01.671265Z","level":"info","event":"","logger":"task.stdout"}
{"timestamp":"2026-01-01T00:11:01.671327Z","level":"info","event":"  File \"/opt/airflow/dags/pipelines/common/s3_utils.py\", line 29, in s3_object_exists","logger":"task.stdout"}
{"timestamp":"2026-01-01T00:11:01.671378Z","level":"info","event":"    s3.head_object(Bucket=bucket, Key=key)","logger":"task.stdout"}
{"timestamp":"2026-01-01T00:11:01.671426Z","level":"info","event":"    │  │                  │           └ 'imf/CPI/year=1965/CPI_1965.csv'","logger":"task.stdout"}
{"timestamp":"2026-01-01T00:11:01.671473Z","level":"info","event":"    │  │                  └ 'personal-projectbucket'","logger":"task.stdout"}
{"timestamp":"2026-01-01T00:11:01.671523Z","level":"info","event":"    │  └ <function ClientCreator._create_api_method.<locals>._api_call at 0xffff71310680>","logger":"task.stdout"}
{"timestamp":"2026-01-01T00:11:01.671573Z","level":"info","event":"    └ <botocore.client.S3 object at 0xffff717a79e0>","logger":"task.stdout"}
{"timestamp":"2026-01-01T00:11:01.671620Z","level":"info","event":"","logger":"task.stdout"}
{"timestamp":"2026-01-01T00:11:01.671670Z","level":"info","event":"  File \"/home/airflow/.local/lib/python3.12/site-packages/botocore/client.py\", line 602, in _api_call","logger":"task.stdout"}
{"timestamp":"2026-01-01T00:11:01.671719Z","level":"info","event":"    return self._make_api_call(operation_name, kwargs)","logger":"task.stdout"}
{"timestamp":"2026-01-01T00:11:01.671768Z","level":"info","event":"           │    │              │               └ {'Bucket': 'personal-projectbucket', 'Key': 'imf/CPI/year=1965/CPI_1965.csv'}","logger":"task.stdout"}
{"timestamp":"2026-01-01T00:11:01.671817Z","level":"info","event":"           │    │              └ 'HeadObject'","logger":"task.stdout"}
{"timestamp":"2026-01-01T00:11:01.671867Z","level":"info","event":"           │    └ <function BaseClient._make_api_call at 0xffff8cf3b060>","logger":"task.stdout"}
{"timestamp":"2026-01-01T00:11:01.671917Z","level":"info","event":"           └ <botocore.client.S3 object at 0xffff717a79e0>","logger":"task.stdout"}
{"timestamp":"2026-01-01T00:11:01.671964Z","level":"info","event":"  File \"/home/airflow/.local/lib/python3.12/site-packages/botocore/context.py\", line 123, in wrapper","logger":"task.stdout"}
{"timestamp":"2026-01-01T00:11:01.672043Z","level":"info","event":"    return func(*args, **kwargs)","logger":"task.stdout"}
{"timestamp":"2026-01-01T00:11:01.672093Z","level":"info","event":"           │     │       └ {}","logger":"task.stdout"}
{"timestamp":"2026-01-01T00:11:01.672142Z","level":"info","event":"           │     └ (<botocore.client.S3 object at 0xffff717a79e0>, 'HeadObject', {'Bucket': 'personal-projectbucket', 'Key': 'imf/CPI/year=1965/...","logger":"task.stdout"}
{"timestamp":"2026-01-01T00:11:01.672192Z","level":"info","event":"           └ <function BaseClient._make_api_call at 0xffff8cf3afc0>","logger":"task.stdout"}
{"timestamp":"2026-01-01T00:11:01.672242Z","level":"info","event":"  File \"/home/airflow/.local/lib/python3.12/site-packages/botocore/client.py\", line 1078, in _make_api_call","logger":"task.stdout"}
{"timestamp":"2026-01-01T00:11:01.672302Z","level":"info","event":"    raise error_class(parsed_response, operation_name)","logger":"task.stdout"}
{"timestamp":"2026-01-01T00:11:01.672349Z","level":"info","event":"          │           │                └ 'HeadObject'","logger":"task.stdout"}
{"timestamp":"2026-01-01T00:11:01.672399Z","level":"info","event":"          │           └ {'Error': {'Code': '403', 'Message': 'Forbidden'}, 'ResponseMetadata': {'RequestId': 'HKM45BV10SC12FWB', 'HostId': '1j3EwrqG6...","logger":"task.stdout"}
{"timestamp":"2026-01-01T00:11:01.672447Z","level":"info","event":"          └ <class 'botocore.exceptions.ClientError'>","logger":"task.stdout"}
{"timestamp":"2026-01-01T00:11:01.672496Z","level":"info","event":"","logger":"task.stdout"}
{"timestamp":"2026-01-01T00:11:01.672544Z","level":"info","event":"botocore.exceptions.ClientError: An error occurred (403) when calling the HeadObject operation: Forbidden","logger":"task.stdout"}
{"timestamp":"2026-01-01T00:11:01.820562Z","level":"info","event":"2026-01-01 00:11:01 | ERROR | S3 head_object failed | flow=CPI year=1966 key=imf/CPI/year=1966/CPI_1966.csv","logger":"task.stdout"}
{"timestamp":"2026-01-01T00:11:01.820731Z","level":"info","event":"Traceback (most recent call last):","logger":"task.stdout"}
{"timestamp":"2026-01-01T00:11:01.820799Z","level":"info","event":"","logger":"task.stdout"}
{"timestamp":"2026-01-01T00:11:01.820858Z","level":"info","event":"  File \"/usr/python/lib/python3.12/threading.py\", line 1032, in _bootstrap","logger":"task.stdout"}
{"timestamp":"2026-01-01T00:11:01.820913Z","level":"info","event":"    self._bootstrap_inner()","logger":"task.stdout"}
{"timestamp":"2026-01-01T00:11:01.820967Z","level":"info","event":"    │    └ <function Thread._bootstrap_inner at 0xffff99068f40>","logger":"task.stdout"}
{"timestamp":"2026-01-01T00:11:01.821020Z","level":"info","event":"    └ <Thread(ThreadPoolExecutor-1_0, started 281472806220128)>","logger":"task.stdout"}
{"timestamp":"2026-01-01T00:11:01.821074Z","level":"info","event":"  File \"/usr/python/lib/python3.12/threading.py\", line 1075, in _bootstrap_inner","logger":"task.stdout"}
{"timestamp":"2026-01-01T00:11:01.821126Z","level":"info","event":"    self.run()","logger":"task.stdout"}
{"timestamp":"2026-01-01T00:11:01.821176Z","level":"info","event":"    │    └ <function Thread.run at 0xffff99068c20>","logger":"task.stdout"}
{"timestamp":"2026-01-01T00:11:01.821227Z","level":"info","event":"    └ <Thread(ThreadPoolExecutor-1_0, started 281472806220128)>","logger":"task.stdout"}
{"timestamp":"2026-01-01T00:11:01.821299Z","level":"info","event":"  File \"/usr/python/lib/python3.12/threading.py\", line 1012, in run","logger":"task.stdout"}
{"timestamp":"2026-01-01T00:11:01.821352Z","level":"info","event":"    self._target(*self._args, **self._kwargs)","logger":"task.stdout"}
{"timestamp":"2026-01-01T00:11:01.821403Z","level":"info","event":"    │    │        │    │        │    └ {}","logger":"task.stdout"}
{"timestamp":"2026-01-01T00:11:01.821455Z","level":"info","event":"    │    │        │    │        └ <Thread(ThreadPoolExecutor-1_0, started 281472806220128)>","logger":"task.stdout"}
{"timestamp":"2026-01-01T00:11:01.821544Z","level":"info","event":"    │    │        │    └ (<weakref at 0xffff90350ef0; to 'ThreadPoolExecutor' at 0xffff86d3eb70>, <_queue.SimpleQueue object at 0xffff712e3b00>, None,...","logger":"task.stdout"}
{"timestamp":"2026-01-01T00:11:01.821595Z","level":"info","event":"    │    │        └ <Thread(ThreadPoolExecutor-1_0, started 281472806220128)>","logger":"task.stdout"}
{"timestamp":"2026-01-01T00:11:01.823275Z","level":"info","event":"    │    └ <function _worker at 0xffff937a1c60>","logger":"task.stdout"}
{"timestamp":"2026-01-01T00:11:01.823367Z","level":"info","event":"    └ <Thread(ThreadPoolExecutor-1_0, started 281472806220128)>","logger":"task.stdout"}
{"timestamp":"2026-01-01T00:11:01.823431Z","level":"info","event":"  File \"/usr/python/lib/python3.12/concurrent/futures/thread.py\", line 93, in _worker","logger":"task.stdout"}
{"timestamp":"2026-01-01T00:11:01.823486Z","level":"info","event":"    work_item.run()","logger":"task.stdout"}
{"timestamp":"2026-01-01T00:11:01.823538Z","level":"info","event":"    │         └ <function _WorkItem.run at 0xffff937a1da0>","logger":"task.stdout"}
{"timestamp":"2026-01-01T00:11:01.823590Z","level":"info","event":"    └ <concurrent.futures.thread._WorkItem object at 0xffff70469670>","logger":"task.stdout"}
{"timestamp":"2026-01-01T00:11:01.823640Z","level":"info","event":"  File \"/usr/python/lib/python3.12/concurrent/futures/thread.py\", line 59, in run","logger":"task.stdout"}
{"timestamp":"2026-01-01T00:11:01.823689Z","level":"info","event":"    result = self.fn(*self.args, **self.kwargs)","logger":"task.stdout"}
{"timestamp":"2026-01-01T00:11:01.823738Z","level":"info","event":"             │    │   │    │       │    └ {}","logger":"task.stdout"}
{"timestamp":"2026-01-01T00:11:01.823787Z","level":"info","event":"             │    │   │    │       └ <concurrent.futures.thread._WorkItem object at 0xffff70469670>","logger":"task.stdout"}
{"timestamp":"2026-01-01T00:11:01.823837Z","level":"info","event":"             │    │   │    └ ([('process_flow_year_chunk-c1ac101f-00f8-4ace-9f8f-4b353fcf5a92', (<Task 'process_flow_year_chunk-c1ac101f-00f8-4ace-9f8f-4b...","logger":"task.stdout"}
{"timestamp":"2026-01-01T00:11:01.823887Z","level":"info","event":"             │    │   └ <concurrent.futures.thread._WorkItem object at 0xffff70469670>","logger":"task.stdout"}
{"timestamp":"2026-01-01T00:11:01.823936Z","level":"info","event":"             │    └ <function batch_execute_tasks at 0xffff8d561d00>","logger":"task.stdout"}
{"timestamp":"2026-01-01T00:11:01.823985Z","level":"info","event":"             └ <concurrent.futures.thread._WorkItem object at 0xffff70469670>","logger":"task.stdout"}
{"timestamp":"2026-01-01T00:11:01.824034Z","level":"info","event":"  File \"/home/airflow/.local/lib/python3.12/site-packages/dask/local.py\", line 270, in batch_execute_tasks","logger":"task.stdout"}
{"timestamp":"2026-01-01T00:11:01.824083Z","level":"info","event":"    return [execute_task(*a) for a in it]","logger":"task.stdout"}
{"timestamp":"2026-01-01T00:11:01.824132Z","level":"info","event":"            │             │      │    └ [('process_flow_year_chunk-c1ac101f-00f8-4ace-9f8f-4b353fcf5a92', (<Task 'process_flow_year_chunk-c1ac101f-00f8-4ace-9f8f-4b3...","logger":"task.stdout"}
{"timestamp":"2026-01-01T00:11:01.824182Z","level":"info","event":"            │             │      └ ('process_flow_year_chunk-c1ac101f-00f8-4ace-9f8f-4b353fcf5a92', (<Task 'process_flow_year_chunk-c1ac101f-00f8-4ace-9f8f-4b35...","logger":"task.stdout"}
{"timestamp":"2026-01-01T00:11:01.824233Z","level":"info","event":"            │             └ ('process_flow_year_chunk-c1ac101f-00f8-4ace-9f8f-4b353fcf5a92', (<Task 'process_flow_year_chunk-c1ac101f-00f8-4ace-9f8f-4b35...","logger":"task.stdout"}
{"timestamp":"2026-01-01T00:11:01.824292Z","level":"info","event":"            └ <function execute_task at 0xffff8d561c60>","logger":"task.stdout"}
{"timestamp":"2026-01-01T00:11:01.824374Z","level":"info","event":"  File \"/home/airflow/.local/lib/python3.12/site-packages/dask/local.py\", line 256, in execute_task","logger":"task.stdout"}
{"timestamp":"2026-01-01T00:11:01.824425Z","level":"info","event":"    result = task(data)","logger":"task.stdout"}
{"timestamp":"2026-01-01T00:11:01.824475Z","level":"info","event":"             │    └ {}","logger":"task.stdout"}
{"timestamp":"2026-01-01T00:11:01.824523Z","level":"info","event":"             └ <Task 'process_flow_year_chunk-c1ac101f-00f8-4ace-9f8f-4b353fcf5a92' process_flow_year_chunk(...)>","logger":"task.stdout"}
{"timestamp":"2026-01-01T00:11:01.824572Z","level":"info","event":"  File \"/home/airflow/.local/lib/python3.12/site-packages/dask/_task_spec.py\", line 759, in __call__","logger":"task.stdout"}
{"timestamp":"2026-01-01T00:11:01.824621Z","level":"info","event":"    return self.func(*new_argspec)","logger":"task.stdout"}
{"timestamp":"2026-01-01T00:11:01.824669Z","level":"info","event":"           │    │     └ ('CPI', 'IMF.STA,CPI,latest', [1963, 1964, 1965, 1966, 1967], IMFConfig(key='all', sub_key='all', base_url='https://api.imf.o...","logger":"task.stdout"}
{"timestamp":"2026-01-01T00:11:01.824717Z","level":"info","event":"           │    └ <member 'func' of 'Task' objects>","logger":"task.stdout"}
{"timestamp":"2026-01-01T00:11:01.824764Z","level":"info","event":"           └ <Task 'process_flow_year_chunk-c1ac101f-00f8-4ace-9f8f-4b353fcf5a92' process_flow_year_chunk(...)>","logger":"task.stdout"}
{"timestamp":"2026-01-01T00:11:01.824812Z","level":"info","event":"","logger":"task.stdout"}
{"timestamp":"2026-01-01T00:11:01.824860Z","level":"info","event":"> File \"/opt/airflow/dags/pipelines/imf/pipeline.py\", line 54, in process_flow_year_chunk","logger":"task.stdout"}
{"timestamp":"2026-01-01T00:11:01.824909Z","level":"info","event":"    if s3_object_exists(s3_cfg.bucket, s3_key, s3_cfg.region):","logger":"task.stdout"}
{"timestamp":"2026-01-01T00:11:01.824956Z","level":"info","event":"       │                │      │       │       │      └ 'eu-west-1'","logger":"task.stdout"}
{"timestamp":"2026-01-01T00:11:01.825006Z","level":"info","event":"       │                │      │       │       └ S3Config(bucket='personal-projectbucket', prefix='imf', region='eu-west-1')","logger":"task.stdout"}
{"timestamp":"2026-01-01T00:11:01.825054Z","level":"info","event":"       │                │      │       └ 'imf/CPI/year=1966/CPI_1966.csv'","logger":"task.stdout"}
{"timestamp":"2026-01-01T00:11:01.832132Z","level":"info","event":"       │                │      └ 'personal-projectbucket'","logger":"task.stdout"}
{"timestamp":"2026-01-01T00:11:01.832525Z","level":"info","event":"       │                └ S3Config(bucket='personal-projectbucket', prefix='imf', region='eu-west-1')","logger":"task.stdout"}
{"timestamp":"2026-01-01T00:11:01.834298Z","level":"info","event":"       └ <function s3_object_exists at 0xffff8cfba7a0>","logger":"task.stdout"}
{"timestamp":"2026-01-01T00:11:01.836266Z","level":"info","event":"","logger":"task.stdout"}
{"timestamp":"2026-01-01T00:11:01.836336Z","level":"info","event":"  File \"/opt/airflow/dags/pipelines/common/s3_utils.py\", line 29, in s3_object_exists","logger":"task.stdout"}
{"timestamp":"2026-01-01T00:11:01.836384Z","level":"info","event":"    s3.head_object(Bucket=bucket, Key=key)","logger":"task.stdout"}
{"timestamp":"2026-01-01T00:11:01.836447Z","level":"info","event":"    │  │                  │           └ 'imf/CPI/year=1966/CPI_1966.csv'","logger":"task.stdout"}
{"timestamp":"2026-01-01T00:11:01.836491Z","level":"info","event":"    │  │                  └ 'personal-projectbucket'","logger":"task.stdout"}
{"timestamp":"2026-01-01T00:11:01.836533Z","level":"info","event":"    │  └ <function ClientCreator._create_api_method.<locals>._api_call at 0xffff71310680>","logger":"task.stdout"}
{"timestamp":"2026-01-01T00:11:01.836608Z","level":"info","event":"    └ <botocore.client.S3 object at 0xffff717a79e0>","logger":"task.stdout"}
{"timestamp":"2026-01-01T00:11:01.836649Z","level":"info","event":"","logger":"task.stdout"}
{"timestamp":"2026-01-01T00:11:01.836689Z","level":"info","event":"  File \"/home/airflow/.local/lib/python3.12/site-packages/botocore/client.py\", line 602, in _api_call","logger":"task.stdout"}
{"timestamp":"2026-01-01T00:11:01.836729Z","level":"info","event":"    return self._make_api_call(operation_name, kwargs)","logger":"task.stdout"}
{"timestamp":"2026-01-01T00:11:01.836770Z","level":"info","event":"           │    │              │               └ {'Bucket': 'personal-projectbucket', 'Key': 'imf/CPI/year=1966/CPI_1966.csv'}","logger":"task.stdout"}
{"timestamp":"2026-01-01T00:11:01.836812Z","level":"info","event":"           │    │              └ 'HeadObject'","logger":"task.stdout"}
{"timestamp":"2026-01-01T00:11:01.836852Z","level":"info","event":"           │    └ <function BaseClient._make_api_call at 0xffff8cf3b060>","logger":"task.stdout"}
{"timestamp":"2026-01-01T00:11:01.836893Z","level":"info","event":"           └ <botocore.client.S3 object at 0xffff717a79e0>","logger":"task.stdout"}
{"timestamp":"2026-01-01T00:11:01.836933Z","level":"info","event":"  File \"/home/airflow/.local/lib/python3.12/site-packages/botocore/context.py\", line 123, in wrapper","logger":"task.stdout"}
{"timestamp":"2026-01-01T00:11:01.836975Z","level":"info","event":"    return func(*args, **kwargs)","logger":"task.stdout"}
{"timestamp":"2026-01-01T00:11:01.837015Z","level":"info","event":"           │     │       └ {}","logger":"task.stdout"}
{"timestamp":"2026-01-01T00:11:01.837055Z","level":"info","event":"           │     └ (<botocore.client.S3 object at 0xffff717a79e0>, 'HeadObject', {'Bucket': 'personal-projectbucket', 'Key': 'imf/CPI/year=1966/...","logger":"task.stdout"}
{"timestamp":"2026-01-01T00:11:01.837094Z","level":"info","event":"           └ <function BaseClient._make_api_call at 0xffff8cf3afc0>","logger":"task.stdout"}
{"timestamp":"2026-01-01T00:11:01.837136Z","level":"info","event":"  File \"/home/airflow/.local/lib/python3.12/site-packages/botocore/client.py\", line 1078, in _make_api_call","logger":"task.stdout"}
{"timestamp":"2026-01-01T00:11:01.837174Z","level":"info","event":"    raise error_class(parsed_response, operation_name)","logger":"task.stdout"}
{"timestamp":"2026-01-01T00:11:01.837215Z","level":"info","event":"          │           │                └ 'HeadObject'","logger":"task.stdout"}
{"timestamp":"2026-01-01T00:11:01.837263Z","level":"info","event":"          │           └ {'Error': {'Code': '403', 'Message': 'Forbidden'}, 'ResponseMetadata': {'RequestId': 'HKMAWHY7GN61P6EG', 'HostId': 'waBA+fSC6...","logger":"task.stdout"}
{"timestamp":"2026-01-01T00:11:01.837304Z","level":"info","event":"          └ <class 'botocore.exceptions.ClientError'>","logger":"task.stdout"}
{"timestamp":"2026-01-01T00:11:01.837345Z","level":"info","event":"","logger":"task.stdout"}
{"timestamp":"2026-01-01T00:11:01.837384Z","level":"info","event":"botocore.exceptions.ClientError: An error occurred (403) when calling the HeadObject operation: Forbidden","logger":"task.stdout"}
{"timestamp":"2026-01-01T00:11:01.968898Z","level":"info","event":"2026-01-01 00:11:01 | ERROR | S3 head_object failed | flow=CPI year=1967 key=imf/CPI/year=1967/CPI_1967.csv","logger":"task.stdout"}
{"timestamp":"2026-01-01T00:11:01.969051Z","level":"info","event":"Traceback (most recent call last):","logger":"task.stdout"}
{"timestamp":"2026-01-01T00:11:01.969106Z","level":"info","event":"","logger":"task.stdout"}
{"timestamp":"2026-01-01T00:11:01.969153Z","level":"info","event":"  File \"/usr/python/lib/python3.12/threading.py\", line 1032, in _bootstrap","logger":"task.stdout"}
{"timestamp":"2026-01-01T00:11:01.969197Z","level":"info","event":"    self._bootstrap_inner()","logger":"task.stdout"}
{"timestamp":"2026-01-01T00:11:01.969256Z","level":"info","event":"    │    └ <function Thread._bootstrap_inner at 0xffff99068f40>","logger":"task.stdout"}
{"timestamp":"2026-01-01T00:11:01.969461Z","level":"info","event":"    └ <Thread(ThreadPoolExecutor-1_0, started 281472806220128)>","logger":"task.stdout"}
{"timestamp":"2026-01-01T00:11:01.969595Z","level":"info","event":"  File \"/usr/python/lib/python3.12/threading.py\", line 1075, in _bootstrap_inner","logger":"task.stdout"}
{"timestamp":"2026-01-01T00:11:01.969673Z","level":"info","event":"    self.run()","logger":"task.stdout"}
{"timestamp":"2026-01-01T00:11:01.969742Z","level":"info","event":"    │    └ <function Thread.run at 0xffff99068c20>","logger":"task.stdout"}
{"timestamp":"2026-01-01T00:11:01.969813Z","level":"info","event":"    └ <Thread(ThreadPoolExecutor-1_0, started 281472806220128)>","logger":"task.stdout"}
{"timestamp":"2026-01-01T00:11:01.969878Z","level":"info","event":"  File \"/usr/python/lib/python3.12/threading.py\", line 1012, in run","logger":"task.stdout"}
{"timestamp":"2026-01-01T00:11:01.969941Z","level":"info","event":"    self._target(*self._args, **self._kwargs)","logger":"task.stdout"}
{"timestamp":"2026-01-01T00:11:01.970006Z","level":"info","event":"    │    │        │    │        │    └ {}","logger":"task.stdout"}
{"timestamp":"2026-01-01T00:11:01.970070Z","level":"info","event":"    │    │        │    │        └ <Thread(ThreadPoolExecutor-1_0, started 281472806220128)>","logger":"task.stdout"}
{"timestamp":"2026-01-01T00:11:01.970126Z","level":"info","event":"    │    │        │    └ (<weakref at 0xffff90350ef0; to 'ThreadPoolExecutor' at 0xffff86d3eb70>, <_queue.SimpleQueue object at 0xffff712e3b00>, None,...","logger":"task.stdout"}
{"timestamp":"2026-01-01T00:11:01.970173Z","level":"info","event":"    │    │        └ <Thread(ThreadPoolExecutor-1_0, started 281472806220128)>","logger":"task.stdout"}
{"timestamp":"2026-01-01T00:11:01.970216Z","level":"info","event":"    │    └ <function _worker at 0xffff937a1c60>","logger":"task.stdout"}
{"timestamp":"2026-01-01T00:11:01.970263Z","level":"info","event":"    └ <Thread(ThreadPoolExecutor-1_0, started 281472806220128)>","logger":"task.stdout"}
{"timestamp":"2026-01-01T00:11:01.970305Z","level":"info","event":"  File \"/usr/python/lib/python3.12/concurrent/futures/thread.py\", line 93, in _worker","logger":"task.stdout"}
{"timestamp":"2026-01-01T00:11:01.970347Z","level":"info","event":"    work_item.run()","logger":"task.stdout"}
{"timestamp":"2026-01-01T00:11:01.970389Z","level":"info","event":"    │         └ <function _WorkItem.run at 0xffff937a1da0>","logger":"task.stdout"}
{"timestamp":"2026-01-01T00:11:01.970435Z","level":"info","event":"    └ <concurrent.futures.thread._WorkItem object at 0xffff70469670>","logger":"task.stdout"}
{"timestamp":"2026-01-01T00:11:01.970476Z","level":"info","event":"  File \"/usr/python/lib/python3.12/concurrent/futures/thread.py\", line 59, in run","logger":"task.stdout"}
{"timestamp":"2026-01-01T00:11:01.970528Z","level":"info","event":"    result = self.fn(*self.args, **self.kwargs)","logger":"task.stdout"}
{"timestamp":"2026-01-01T00:11:01.970576Z","level":"info","event":"             │    │   │    │       │    └ {}","logger":"task.stdout"}
{"timestamp":"2026-01-01T00:11:01.970635Z","level":"info","event":"             │    │   │    │       └ <concurrent.futures.thread._WorkItem object at 0xffff70469670>","logger":"task.stdout"}
{"timestamp":"2026-01-01T00:11:01.972271Z","level":"info","event":"             │    │   │    └ ([('process_flow_year_chunk-c1ac101f-00f8-4ace-9f8f-4b353fcf5a92', (<Task 'process_flow_year_chunk-c1ac101f-00f8-4ace-9f8f-4b...","logger":"task.stdout"}
{"timestamp":"2026-01-01T00:11:01.972346Z","level":"info","event":"             │    │   └ <concurrent.futures.thread._WorkItem object at 0xffff70469670>","logger":"task.stdout"}
{"timestamp":"2026-01-01T00:11:01.972425Z","level":"info","event":"             │    └ <function batch_execute_tasks at 0xffff8d561d00>","logger":"task.stdout"}
{"timestamp":"2026-01-01T00:11:01.972515Z","level":"info","event":"             └ <concurrent.futures.thread._WorkItem object at 0xffff70469670>","logger":"task.stdout"}
{"timestamp":"2026-01-01T00:11:01.972575Z","level":"info","event":"  File \"/home/airflow/.local/lib/python3.12/site-packages/dask/local.py\", line 270, in batch_execute_tasks","logger":"task.stdout"}
{"timestamp":"2026-01-01T00:11:01.972654Z","level":"info","event":"    return [execute_task(*a) for a in it]","logger":"task.stdout"}
{"timestamp":"2026-01-01T00:11:01.972713Z","level":"info","event":"            │             │      │    └ [('process_flow_year_chunk-c1ac101f-00f8-4ace-9f8f-4b353fcf5a92', (<Task 'process_flow_year_chunk-c1ac101f-00f8-4ace-9f8f-4b3...","logger":"task.stdout"}
{"timestamp":"2026-01-01T00:11:01.972759Z","level":"info","event":"            │             │      └ ('process_flow_year_chunk-c1ac101f-00f8-4ace-9f8f-4b353fcf5a92', (<Task 'process_flow_year_chunk-c1ac101f-00f8-4ace-9f8f-4b35...","logger":"task.stdout"}
{"timestamp":"2026-01-01T00:11:01.972801Z","level":"info","event":"            │             └ ('process_flow_year_chunk-c1ac101f-00f8-4ace-9f8f-4b353fcf5a92', (<Task 'process_flow_year_chunk-c1ac101f-00f8-4ace-9f8f-4b35...","logger":"task.stdout"}
{"timestamp":"2026-01-01T00:11:01.972949Z","level":"info","event":"            └ <function execute_task at 0xffff8d561c60>","logger":"task.stdout"}
{"timestamp":"2026-01-01T00:11:01.973042Z","level":"info","event":"  File \"/home/airflow/.local/lib/python3.12/site-packages/dask/local.py\", line 256, in execute_task","logger":"task.stdout"}
{"timestamp":"2026-01-01T00:11:01.973107Z","level":"info","event":"    result = task(data)","logger":"task.stdout"}
{"timestamp":"2026-01-01T00:11:01.973158Z","level":"info","event":"             │    └ {}","logger":"task.stdout"}
{"timestamp":"2026-01-01T00:11:01.973207Z","level":"info","event":"             └ <Task 'process_flow_year_chunk-c1ac101f-00f8-4ace-9f8f-4b353fcf5a92' process_flow_year_chunk(...)>","logger":"task.stdout"}
{"timestamp":"2026-01-01T00:11:01.973265Z","level":"info","event":"  File \"/home/airflow/.local/lib/python3.12/site-packages/dask/_task_spec.py\", line 759, in __call__","logger":"task.stdout"}
{"timestamp":"2026-01-01T00:11:01.973315Z","level":"info","event":"    return self.func(*new_argspec)","logger":"task.stdout"}
{"timestamp":"2026-01-01T00:11:01.973362Z","level":"info","event":"           │    │     └ ('CPI', 'IMF.STA,CPI,latest', [1963, 1964, 1965, 1966, 1967], IMFConfig(key='all', sub_key='all', base_url='https://api.imf.o...","logger":"task.stdout"}
{"timestamp":"2026-01-01T00:11:01.973420Z","level":"info","event":"           │    └ <member 'func' of 'Task' objects>","logger":"task.stdout"}
{"timestamp":"2026-01-01T00:11:01.973487Z","level":"info","event":"           └ <Task 'process_flow_year_chunk-c1ac101f-00f8-4ace-9f8f-4b353fcf5a92' process_flow_year_chunk(...)>","logger":"task.stdout"}
{"timestamp":"2026-01-01T00:11:01.973537Z","level":"info","event":"","logger":"task.stdout"}
{"timestamp":"2026-01-01T00:11:01.973585Z","level":"info","event":"> File \"/opt/airflow/dags/pipelines/imf/pipeline.py\", line 54, in process_flow_year_chunk","logger":"task.stdout"}
{"timestamp":"2026-01-01T00:11:01.973633Z","level":"info","event":"    if s3_object_exists(s3_cfg.bucket, s3_key, s3_cfg.region):","logger":"task.stdout"}
{"timestamp":"2026-01-01T00:11:01.973691Z","level":"info","event":"       │                │      │       │       │      └ 'eu-west-1'","logger":"task.stdout"}
{"timestamp":"2026-01-01T00:11:01.973736Z","level":"info","event":"       │                │      │       │       └ S3Config(bucket='personal-projectbucket', prefix='imf', region='eu-west-1')","logger":"task.stdout"}
{"timestamp":"2026-01-01T00:11:01.973783Z","level":"info","event":"       │                │      │       └ 'imf/CPI/year=1967/CPI_1967.csv'","logger":"task.stdout"}
{"timestamp":"2026-01-01T00:11:01.973871Z","level":"info","event":"       │                │      └ 'personal-projectbucket'","logger":"task.stdout"}
{"timestamp":"2026-01-01T00:11:01.973948Z","level":"info","event":"       │                └ S3Config(bucket='personal-projectbucket', prefix='imf', region='eu-west-1')","logger":"task.stdout"}
{"timestamp":"2026-01-01T00:11:01.973994Z","level":"info","event":"       └ <function s3_object_exists at 0xffff8cfba7a0>","logger":"task.stdout"}
{"timestamp":"2026-01-01T00:11:01.974039Z","level":"info","event":"","logger":"task.stdout"}
{"timestamp":"2026-01-01T00:11:01.974085Z","level":"info","event":"  File \"/opt/airflow/dags/pipelines/common/s3_utils.py\", line 29, in s3_object_exists","logger":"task.stdout"}
{"timestamp":"2026-01-01T00:11:01.974132Z","level":"info","event":"    s3.head_object(Bucket=bucket, Key=key)","logger":"task.stdout"}
{"timestamp":"2026-01-01T00:11:01.974176Z","level":"info","event":"    │  │                  │           └ 'imf/CPI/year=1967/CPI_1967.csv'","logger":"task.stdout"}
{"timestamp":"2026-01-01T00:11:01.974232Z","level":"info","event":"    │  │                  └ 'personal-projectbucket'","logger":"task.stdout"}
{"timestamp":"2026-01-01T00:11:01.974301Z","level":"info","event":"    │  └ <function ClientCreator._create_api_method.<locals>._api_call at 0xffff71310680>","logger":"task.stdout"}
{"timestamp":"2026-01-01T00:11:01.974352Z","level":"info","event":"    └ <botocore.client.S3 object at 0xffff717a79e0>","logger":"task.stdout"}
{"timestamp":"2026-01-01T00:11:01.974399Z","level":"info","event":"","logger":"task.stdout"}
{"timestamp":"2026-01-01T00:11:01.974442Z","level":"info","event":"  File \"/home/airflow/.local/lib/python3.12/site-packages/botocore/client.py\", line 602, in _api_call","logger":"task.stdout"}
{"timestamp":"2026-01-01T00:11:01.974495Z","level":"info","event":"    return self._make_api_call(operation_name, kwargs)","logger":"task.stdout"}
{"timestamp":"2026-01-01T00:11:01.974546Z","level":"info","event":"           │    │              │               └ {'Bucket': 'personal-projectbucket', 'Key': 'imf/CPI/year=1967/CPI_1967.csv'}","logger":"task.stdout"}
{"timestamp":"2026-01-01T00:11:01.974594Z","level":"info","event":"           │    │              └ 'HeadObject'","logger":"task.stdout"}
{"timestamp":"2026-01-01T00:11:01.974639Z","level":"info","event":"           │    └ <function BaseClient._make_api_call at 0xffff8cf3b060>","logger":"task.stdout"}
{"timestamp":"2026-01-01T00:11:01.974682Z","level":"info","event":"           └ <botocore.client.S3 object at 0xffff717a79e0>","logger":"task.stdout"}
{"timestamp":"2026-01-01T00:11:01.974727Z","level":"info","event":"  File \"/home/airflow/.local/lib/python3.12/site-packages/botocore/context.py\", line 123, in wrapper","logger":"task.stdout"}
{"timestamp":"2026-01-01T00:11:01.974774Z","level":"info","event":"    return func(*args, **kwargs)","logger":"task.stdout"}
{"timestamp":"2026-01-01T00:11:01.975268Z","level":"info","event":"           │     │       └ {}","logger":"task.stdout"}
{"timestamp":"2026-01-01T00:11:01.975323Z","level":"info","event":"           │     └ (<botocore.client.S3 object at 0xffff717a79e0>, 'HeadObject', {'Bucket': 'personal-projectbucket', 'Key': 'imf/CPI/year=1967/...","logger":"task.stdout"}
{"timestamp":"2026-01-01T00:11:01.975368Z","level":"info","event":"           └ <function BaseClient._make_api_call at 0xffff8cf3afc0>","logger":"task.stdout"}
{"timestamp":"2026-01-01T00:11:01.975415Z","level":"info","event":"  File \"/home/airflow/.local/lib/python3.12/site-packages/botocore/client.py\", line 1078, in _make_api_call","logger":"task.stdout"}
{"timestamp":"2026-01-01T00:11:01.975459Z","level":"info","event":"    raise error_class(parsed_response, operation_name)","logger":"task.stdout"}
{"timestamp":"2026-01-01T00:11:01.975507Z","level":"info","event":"          │           │                └ 'HeadObject'","logger":"task.stdout"}
{"timestamp":"2026-01-01T00:11:01.975552Z","level":"info","event":"          │           └ {'Error': {'Code': '403', 'Message': 'Forbidden'}, 'ResponseMetadata': {'RequestId': 'HKMBY44BZR3P0WST', 'HostId': '4Zii2a8H+...","logger":"task.stdout"}
{"timestamp":"2026-01-01T00:11:01.975651Z","level":"info","event":"          └ <class 'botocore.exceptions.ClientError'>","logger":"task.stdout"}
{"timestamp":"2026-01-01T00:11:01.975698Z","level":"info","event":"","logger":"task.stdout"}
{"timestamp":"2026-01-01T00:11:01.975742Z","level":"info","event":"botocore.exceptions.ClientError: An error occurred (403) when calling the HeadObject operation: Forbidden","logger":"task.stdout"}
{"timestamp":"2026-01-01T00:11:02.126197Z","level":"info","event":"2026-01-01 00:11:02 | ERROR | S3 head_object failed | flow=IMTS year=1948 key=imf/IMTS/year=1948/IMTS_1948.csv","logger":"task.stdout"}
{"timestamp":"2026-01-01T00:11:02.128273Z","level":"info","event":"Traceback (most recent call last):","logger":"task.stdout"}
{"timestamp":"2026-01-01T00:11:02.128362Z","level":"info","event":"","logger":"task.stdout"}
{"timestamp":"2026-01-01T00:11:02.128415Z","level":"info","event":"  File \"/usr/python/lib/python3.12/threading.py\", line 1032, in _bootstrap","logger":"task.stdout"}
{"timestamp":"2026-01-01T00:11:02.128467Z","level":"info","event":"    self._bootstrap_inner()","logger":"task.stdout"}
{"timestamp":"2026-01-01T00:11:02.128516Z","level":"info","event":"    │    └ <function Thread._bootstrap_inner at 0xffff99068f40>","logger":"task.stdout"}
{"timestamp":"2026-01-01T00:11:02.128565Z","level":"info","event":"    └ <Thread(ThreadPoolExecutor-1_0, started 281472806220128)>","logger":"task.stdout"}
{"timestamp":"2026-01-01T00:11:02.128615Z","level":"info","event":"  File \"/usr/python/lib/python3.12/threading.py\", line 1075, in _bootstrap_inner","logger":"task.stdout"}
{"timestamp":"2026-01-01T00:11:02.128659Z","level":"info","event":"    self.run()","logger":"task.stdout"}
{"timestamp":"2026-01-01T00:11:02.128705Z","level":"info","event":"    │    └ <function Thread.run at 0xffff99068c20>","logger":"task.stdout"}
{"timestamp":"2026-01-01T00:11:02.128753Z","level":"info","event":"    └ <Thread(ThreadPoolExecutor-1_0, started 281472806220128)>","logger":"task.stdout"}
{"timestamp":"2026-01-01T00:11:02.128799Z","level":"info","event":"  File \"/usr/python/lib/python3.12/threading.py\", line 1012, in run","logger":"task.stdout"}
{"timestamp":"2026-01-01T00:11:02.128845Z","level":"info","event":"    self._target(*self._args, **self._kwargs)","logger":"task.stdout"}
{"timestamp":"2026-01-01T00:11:02.128892Z","level":"info","event":"    │    │        │    │        │    └ {}","logger":"task.stdout"}
{"timestamp":"2026-01-01T00:11:02.128941Z","level":"info","event":"    │    │        │    │        └ <Thread(ThreadPoolExecutor-1_0, started 281472806220128)>","logger":"task.stdout"}
{"timestamp":"2026-01-01T00:11:02.128990Z","level":"info","event":"    │    │        │    └ (<weakref at 0xffff90350ef0; to 'ThreadPoolExecutor' at 0xffff86d3eb70>, <_queue.SimpleQueue object at 0xffff712e3b00>, None,...","logger":"task.stdout"}
{"timestamp":"2026-01-01T00:11:02.129036Z","level":"info","event":"    │    │        └ <Thread(ThreadPoolExecutor-1_0, started 281472806220128)>","logger":"task.stdout"}
{"timestamp":"2026-01-01T00:11:02.129082Z","level":"info","event":"    │    └ <function _worker at 0xffff937a1c60>","logger":"task.stdout"}
{"timestamp":"2026-01-01T00:11:02.129128Z","level":"info","event":"    └ <Thread(ThreadPoolExecutor-1_0, started 281472806220128)>","logger":"task.stdout"}
{"timestamp":"2026-01-01T00:11:02.129172Z","level":"info","event":"  File \"/usr/python/lib/python3.12/concurrent/futures/thread.py\", line 93, in _worker","logger":"task.stdout"}
{"timestamp":"2026-01-01T00:11:02.129217Z","level":"info","event":"    work_item.run()","logger":"task.stdout"}
{"timestamp":"2026-01-01T00:11:02.129265Z","level":"info","event":"    │         └ <function _WorkItem.run at 0xffff937a1da0>","logger":"task.stdout"}
{"timestamp":"2026-01-01T00:11:02.129310Z","level":"info","event":"    └ <concurrent.futures.thread._WorkItem object at 0xffff704685c0>","logger":"task.stdout"}
{"timestamp":"2026-01-01T00:11:02.129385Z","level":"info","event":"  File \"/usr/python/lib/python3.12/concurrent/futures/thread.py\", line 59, in run","logger":"task.stdout"}
{"timestamp":"2026-01-01T00:11:02.129429Z","level":"info","event":"    result = self.fn(*self.args, **self.kwargs)","logger":"task.stdout"}
{"timestamp":"2026-01-01T00:11:02.129475Z","level":"info","event":"             │    │   │    │       │    └ {}","logger":"task.stdout"}
{"timestamp":"2026-01-01T00:11:02.129521Z","level":"info","event":"             │    │   │    │       └ <concurrent.futures.thread._WorkItem object at 0xffff704685c0>","logger":"task.stdout"}
{"timestamp":"2026-01-01T00:11:02.129569Z","level":"info","event":"             │    │   │    └ ([('process_flow_year_chunk-af48a6eb-ae0b-42dd-b1c2-b13efdc04e6e', (<Task 'process_flow_year_chunk-af48a6eb-ae0b-42dd-b1c2-b1...","logger":"task.stdout"}
{"timestamp":"2026-01-01T00:11:02.129614Z","level":"info","event":"             │    │   └ <concurrent.futures.thread._WorkItem object at 0xffff704685c0>","logger":"task.stdout"}
{"timestamp":"2026-01-01T00:11:02.129661Z","level":"info","event":"             │    └ <function batch_execute_tasks at 0xffff8d561d00>","logger":"task.stdout"}
{"timestamp":"2026-01-01T00:11:02.129706Z","level":"info","event":"             └ <concurrent.futures.thread._WorkItem object at 0xffff704685c0>","logger":"task.stdout"}
{"timestamp":"2026-01-01T00:11:02.129750Z","level":"info","event":"  File \"/home/airflow/.local/lib/python3.12/site-packages/dask/local.py\", line 270, in batch_execute_tasks","logger":"task.stdout"}
{"timestamp":"2026-01-01T00:11:02.129792Z","level":"info","event":"    return [execute_task(*a) for a in it]","logger":"task.stdout"}
{"timestamp":"2026-01-01T00:11:02.129839Z","level":"info","event":"            │             │      │    └ [('process_flow_year_chunk-af48a6eb-ae0b-42dd-b1c2-b13efdc04e6e', (<Task 'process_flow_year_chunk-af48a6eb-ae0b-42dd-b1c2-b13...","logger":"task.stdout"}
{"timestamp":"2026-01-01T00:11:02.129884Z","level":"info","event":"            │             │      └ ('process_flow_year_chunk-af48a6eb-ae0b-42dd-b1c2-b13efdc04e6e', (<Task 'process_flow_year_chunk-af48a6eb-ae0b-42dd-b1c2-b13e...","logger":"task.stdout"}
{"timestamp":"2026-01-01T00:11:02.129932Z","level":"info","event":"            │             └ ('process_flow_year_chunk-af48a6eb-ae0b-42dd-b1c2-b13efdc04e6e', (<Task 'process_flow_year_chunk-af48a6eb-ae0b-42dd-b1c2-b13e...","logger":"task.stdout"}
{"timestamp":"2026-01-01T00:11:02.129979Z","level":"info","event":"            └ <function execute_task at 0xffff8d561c60>","logger":"task.stdout"}
{"timestamp":"2026-01-01T00:11:02.130022Z","level":"info","event":"  File \"/home/airflow/.local/lib/python3.12/site-packages/dask/local.py\", line 256, in execute_task","logger":"task.stdout"}
{"timestamp":"2026-01-01T00:11:02.130067Z","level":"info","event":"    result = task(data)","logger":"task.stdout"}
{"timestamp":"2026-01-01T00:11:02.130111Z","level":"info","event":"             │    └ {}","logger":"task.stdout"}
{"timestamp":"2026-01-01T00:11:02.130154Z","level":"info","event":"             └ <Task 'process_flow_year_chunk-af48a6eb-ae0b-42dd-b1c2-b13efdc04e6e' process_flow_year_chunk(...)>","logger":"task.stdout"}
{"timestamp":"2026-01-01T00:11:02.130203Z","level":"info","event":"  File \"/home/airflow/.local/lib/python3.12/site-packages/dask/_task_spec.py\", line 759, in __call__","logger":"task.stdout"}
{"timestamp":"2026-01-01T00:11:02.130256Z","level":"info","event":"    return self.func(*new_argspec)","logger":"task.stdout"}
{"timestamp":"2026-01-01T00:11:02.130305Z","level":"info","event":"           │    │     └ ('IMTS', 'IMF.STA,IMTS,latest', [1948, 1949, 1950, 1951, 1952], IMFConfig(key='all', sub_key='all', base_url='https://api.imf...","logger":"task.stdout"}
{"timestamp":"2026-01-01T00:11:02.130352Z","level":"info","event":"           │    └ <member 'func' of 'Task' objects>","logger":"task.stdout"}
{"timestamp":"2026-01-01T00:11:02.130428Z","level":"info","event":"           └ <Task 'process_flow_year_chunk-af48a6eb-ae0b-42dd-b1c2-b13efdc04e6e' process_flow_year_chunk(...)>","logger":"task.stdout"}
{"timestamp":"2026-01-01T00:11:02.130474Z","level":"info","event":"","logger":"task.stdout"}
{"timestamp":"2026-01-01T00:11:02.130519Z","level":"info","event":"> File \"/opt/airflow/dags/pipelines/imf/pipeline.py\", line 54, in process_flow_year_chunk","logger":"task.stdout"}
{"timestamp":"2026-01-01T00:11:02.130563Z","level":"info","event":"    if s3_object_exists(s3_cfg.bucket, s3_key, s3_cfg.region):","logger":"task.stdout"}
{"timestamp":"2026-01-01T00:11:02.130608Z","level":"info","event":"       │                │      │       │       │      └ 'eu-west-1'","logger":"task.stdout"}
{"timestamp":"2026-01-01T00:11:02.130653Z","level":"info","event":"       │                │      │       │       └ S3Config(bucket='personal-projectbucket', prefix='imf', region='eu-west-1')","logger":"task.stdout"}
{"timestamp":"2026-01-01T00:11:02.130697Z","level":"info","event":"       │                │      │       └ 'imf/IMTS/year=1948/IMTS_1948.csv'","logger":"task.stdout"}
{"timestamp":"2026-01-01T00:11:02.130783Z","level":"info","event":"       │                │      └ 'personal-projectbucket'","logger":"task.stdout"}
{"timestamp":"2026-01-01T00:11:02.130827Z","level":"info","event":"       │                └ S3Config(bucket='personal-projectbucket', prefix='imf', region='eu-west-1')","logger":"task.stdout"}
{"timestamp":"2026-01-01T00:11:02.130871Z","level":"info","event":"       └ <function s3_object_exists at 0xffff8cfba7a0>","logger":"task.stdout"}
{"timestamp":"2026-01-01T00:11:02.130917Z","level":"info","event":"","logger":"task.stdout"}
{"timestamp":"2026-01-01T00:11:02.130961Z","level":"info","event":"  File \"/opt/airflow/dags/pipelines/common/s3_utils.py\", line 29, in s3_object_exists","logger":"task.stdout"}
{"timestamp":"2026-01-01T00:11:02.131007Z","level":"info","event":"    s3.head_object(Bucket=bucket, Key=key)","logger":"task.stdout"}
{"timestamp":"2026-01-01T00:11:02.131051Z","level":"info","event":"    │  │                  │           └ 'imf/IMTS/year=1948/IMTS_1948.csv'","logger":"task.stdout"}
{"timestamp":"2026-01-01T00:11:02.131096Z","level":"info","event":"    │  │                  └ 'personal-projectbucket'","logger":"task.stdout"}
{"timestamp":"2026-01-01T00:11:02.131141Z","level":"info","event":"    │  └ <function ClientCreator._create_api_method.<locals>._api_call at 0xffff71310680>","logger":"task.stdout"}
{"timestamp":"2026-01-01T00:11:02.131185Z","level":"info","event":"    └ <botocore.client.S3 object at 0xffff717a79e0>","logger":"task.stdout"}
{"timestamp":"2026-01-01T00:11:02.131228Z","level":"info","event":"","logger":"task.stdout"}
{"timestamp":"2026-01-01T00:11:02.131280Z","level":"info","event":"  File \"/home/airflow/.local/lib/python3.12/site-packages/botocore/client.py\", line 602, in _api_call","logger":"task.stdout"}
{"timestamp":"2026-01-01T00:11:02.131325Z","level":"info","event":"    return self._make_api_call(operation_name, kwargs)","logger":"task.stdout"}
{"timestamp":"2026-01-01T00:11:02.131371Z","level":"info","event":"           │    │              │               └ {'Bucket': 'personal-projectbucket', 'Key': 'imf/IMTS/year=1948/IMTS_1948.csv'}","logger":"task.stdout"}
{"timestamp":"2026-01-01T00:11:02.131419Z","level":"info","event":"           │    │              └ 'HeadObject'","logger":"task.stdout"}
{"timestamp":"2026-01-01T00:11:02.131463Z","level":"info","event":"           │    └ <function BaseClient._make_api_call at 0xffff8cf3b060>","logger":"task.stdout"}
{"timestamp":"2026-01-01T00:11:02.131510Z","level":"info","event":"           └ <botocore.client.S3 object at 0xffff717a79e0>","logger":"task.stdout"}
{"timestamp":"2026-01-01T00:11:02.131554Z","level":"info","event":"  File \"/home/airflow/.local/lib/python3.12/site-packages/botocore/context.py\", line 123, in wrapper","logger":"task.stdout"}
{"timestamp":"2026-01-01T00:11:02.134261Z","level":"info","event":"    return func(*args, **kwargs)","logger":"task.stdout"}
{"timestamp":"2026-01-01T00:11:02.134314Z","level":"info","event":"           │     │       └ {}","logger":"task.stdout"}
{"timestamp":"2026-01-01T00:11:02.134360Z","level":"info","event":"           │     └ (<botocore.client.S3 object at 0xffff717a79e0>, 'HeadObject', {'Bucket': 'personal-projectbucket', 'Key': 'imf/IMTS/year=1948...","logger":"task.stdout"}
{"timestamp":"2026-01-01T00:11:02.134405Z","level":"info","event":"           └ <function BaseClient._make_api_call at 0xffff8cf3afc0>","logger":"task.stdout"}
{"timestamp":"2026-01-01T00:11:02.134451Z","level":"info","event":"  File \"/home/airflow/.local/lib/python3.12/site-packages/botocore/client.py\", line 1078, in _make_api_call","logger":"task.stdout"}
{"timestamp":"2026-01-01T00:11:02.134495Z","level":"info","event":"    raise error_class(parsed_response, operation_name)","logger":"task.stdout"}
{"timestamp":"2026-01-01T00:11:02.134538Z","level":"info","event":"          │           │                └ 'HeadObject'","logger":"task.stdout"}
{"timestamp":"2026-01-01T00:11:02.134582Z","level":"info","event":"          │           └ {'Error': {'Code': '403', 'Message': 'Forbidden'}, 'ResponseMetadata': {'RequestId': 'HKM1TMT8ZVGJXRCJ', 'HostId': 'KDZeKcL3A...","logger":"task.stdout"}
{"timestamp":"2026-01-01T00:11:02.134627Z","level":"info","event":"          └ <class 'botocore.exceptions.ClientError'>","logger":"task.stdout"}
{"timestamp":"2026-01-01T00:11:02.134670Z","level":"info","event":"","logger":"task.stdout"}
{"timestamp":"2026-01-01T00:11:02.134714Z","level":"info","event":"botocore.exceptions.ClientError: An error occurred (403) when calling the HeadObject operation: Forbidden","logger":"task.stdout"}
{"timestamp":"2026-01-01T00:11:02.272455Z","level":"info","event":"2026-01-01 00:11:02 | ERROR | S3 head_object failed | flow=IMTS year=1949 key=imf/IMTS/year=1949/IMTS_1949.csv","logger":"task.stdout"}
{"timestamp":"2026-01-01T00:11:02.272599Z","level":"info","event":"Traceback (most recent call last):","logger":"task.stdout"}
{"timestamp":"2026-01-01T00:11:02.272653Z","level":"info","event":"","logger":"task.stdout"}
{"timestamp":"2026-01-01T00:11:02.272698Z","level":"info","event":"  File \"/usr/python/lib/python3.12/threading.py\", line 1032, in _bootstrap","logger":"task.stdout"}
{"timestamp":"2026-01-01T00:11:02.272743Z","level":"info","event":"    self._bootstrap_inner()","logger":"task.stdout"}
{"timestamp":"2026-01-01T00:11:02.272787Z","level":"info","event":"    │    └ <function Thread._bootstrap_inner at 0xffff99068f40>","logger":"task.stdout"}
{"timestamp":"2026-01-01T00:11:02.272831Z","level":"info","event":"    └ <Thread(ThreadPoolExecutor-1_0, started 281472806220128)>","logger":"task.stdout"}
{"timestamp":"2026-01-01T00:11:02.272874Z","level":"info","event":"  File \"/usr/python/lib/python3.12/threading.py\", line 1075, in _bootstrap_inner","logger":"task.stdout"}
{"timestamp":"2026-01-01T00:11:02.272916Z","level":"info","event":"    self.run()","logger":"task.stdout"}
{"timestamp":"2026-01-01T00:11:02.272959Z","level":"info","event":"    │    └ <function Thread.run at 0xffff99068c20>","logger":"task.stdout"}
{"timestamp":"2026-01-01T00:11:02.273003Z","level":"info","event":"    └ <Thread(ThreadPoolExecutor-1_0, started 281472806220128)>","logger":"task.stdout"}
{"timestamp":"2026-01-01T00:11:02.273046Z","level":"info","event":"  File \"/usr/python/lib/python3.12/threading.py\", line 1012, in run","logger":"task.stdout"}
{"timestamp":"2026-01-01T00:11:02.273087Z","level":"info","event":"    self._target(*self._args, **self._kwargs)","logger":"task.stdout"}
{"timestamp":"2026-01-01T00:11:02.273129Z","level":"info","event":"    │    │        │    │        │    └ {}","logger":"task.stdout"}
{"timestamp":"2026-01-01T00:11:02.273172Z","level":"info","event":"    │    │        │    │        └ <Thread(ThreadPoolExecutor-1_0, started 281472806220128)>","logger":"task.stdout"}
{"timestamp":"2026-01-01T00:11:02.273267Z","level":"info","event":"    │    │        │    └ (<weakref at 0xffff90350ef0; to 'ThreadPoolExecutor' at 0xffff86d3eb70>, <_queue.SimpleQueue object at 0xffff712e3b00>, None,...","logger":"task.stdout"}
{"timestamp":"2026-01-01T00:11:02.273311Z","level":"info","event":"    │    │        └ <Thread(ThreadPoolExecutor-1_0, started 281472806220128)>","logger":"task.stdout"}
{"timestamp":"2026-01-01T00:11:02.273352Z","level":"info","event":"    │    └ <function _worker at 0xffff937a1c60>","logger":"task.stdout"}
{"timestamp":"2026-01-01T00:11:02.273393Z","level":"info","event":"    └ <Thread(ThreadPoolExecutor-1_0, started 281472806220128)>","logger":"task.stdout"}
{"timestamp":"2026-01-01T00:11:02.273433Z","level":"info","event":"  File \"/usr/python/lib/python3.12/concurrent/futures/thread.py\", line 93, in _worker","logger":"task.stdout"}
{"timestamp":"2026-01-01T00:11:02.273474Z","level":"info","event":"    work_item.run()","logger":"task.stdout"}
{"timestamp":"2026-01-01T00:11:02.273514Z","level":"info","event":"    │         └ <function _WorkItem.run at 0xffff937a1da0>","logger":"task.stdout"}
{"timestamp":"2026-01-01T00:11:02.273554Z","level":"info","event":"    └ <concurrent.futures.thread._WorkItem object at 0xffff704685c0>","logger":"task.stdout"}
{"timestamp":"2026-01-01T00:11:02.273595Z","level":"info","event":"  File \"/usr/python/lib/python3.12/concurrent/futures/thread.py\", line 59, in run","logger":"task.stdout"}
{"timestamp":"2026-01-01T00:11:02.273634Z","level":"info","event":"    result = self.fn(*self.args, **self.kwargs)","logger":"task.stdout"}
{"timestamp":"2026-01-01T00:11:02.273675Z","level":"info","event":"             │    │   │    │       │    └ {}","logger":"task.stdout"}
{"timestamp":"2026-01-01T00:11:02.273716Z","level":"info","event":"             │    │   │    │       └ <concurrent.futures.thread._WorkItem object at 0xffff704685c0>","logger":"task.stdout"}
{"timestamp":"2026-01-01T00:11:02.273759Z","level":"info","event":"             │    │   │    └ ([('process_flow_year_chunk-af48a6eb-ae0b-42dd-b1c2-b13efdc04e6e', (<Task 'process_flow_year_chunk-af48a6eb-ae0b-42dd-b1c2-b1...","logger":"task.stdout"}
{"timestamp":"2026-01-01T00:11:02.273798Z","level":"info","event":"             │    │   └ <concurrent.futures.thread._WorkItem object at 0xffff704685c0>","logger":"task.stdout"}
{"timestamp":"2026-01-01T00:11:02.273840Z","level":"info","event":"             │    └ <function batch_execute_tasks at 0xffff8d561d00>","logger":"task.stdout"}
{"timestamp":"2026-01-01T00:11:02.273880Z","level":"info","event":"             └ <concurrent.futures.thread._WorkItem object at 0xffff704685c0>","logger":"task.stdout"}
{"timestamp":"2026-01-01T00:11:02.273918Z","level":"info","event":"  File \"/home/airflow/.local/lib/python3.12/site-packages/dask/local.py\", line 270, in batch_execute_tasks","logger":"task.stdout"}
{"timestamp":"2026-01-01T00:11:02.273960Z","level":"info","event":"    return [execute_task(*a) for a in it]","logger":"task.stdout"}
{"timestamp":"2026-01-01T00:11:02.274001Z","level":"info","event":"            │             │      │    └ [('process_flow_year_chunk-af48a6eb-ae0b-42dd-b1c2-b13efdc04e6e', (<Task 'process_flow_year_chunk-af48a6eb-ae0b-42dd-b1c2-b13...","logger":"task.stdout"}
{"timestamp":"2026-01-01T00:11:02.274042Z","level":"info","event":"            │             │      └ ('process_flow_year_chunk-af48a6eb-ae0b-42dd-b1c2-b13efdc04e6e', (<Task 'process_flow_year_chunk-af48a6eb-ae0b-42dd-b1c2-b13e...","logger":"task.stdout"}
{"timestamp":"2026-01-01T00:11:02.274082Z","level":"info","event":"            │             └ ('process_flow_year_chunk-af48a6eb-ae0b-42dd-b1c2-b13efdc04e6e', (<Task 'process_flow_year_chunk-af48a6eb-ae0b-42dd-b1c2-b13e...","logger":"task.stdout"}
{"timestamp":"2026-01-01T00:11:02.274123Z","level":"info","event":"            └ <function execute_task at 0xffff8d561c60>","logger":"task.stdout"}
{"timestamp":"2026-01-01T00:11:02.274189Z","level":"info","event":"  File \"/home/airflow/.local/lib/python3.12/site-packages/dask/local.py\", line 256, in execute_task","logger":"task.stdout"}
{"timestamp":"2026-01-01T00:11:02.274230Z","level":"info","event":"    result = task(data)","logger":"task.stdout"}
{"timestamp":"2026-01-01T00:11:02.274282Z","level":"info","event":"             │    └ {}","logger":"task.stdout"}
{"timestamp":"2026-01-01T00:11:02.274321Z","level":"info","event":"             └ <Task 'process_flow_year_chunk-af48a6eb-ae0b-42dd-b1c2-b13efdc04e6e' process_flow_year_chunk(...)>","logger":"task.stdout"}
{"timestamp":"2026-01-01T00:11:02.274363Z","level":"info","event":"  File \"/home/airflow/.local/lib/python3.12/site-packages/dask/_task_spec.py\", line 759, in __call__","logger":"task.stdout"}
{"timestamp":"2026-01-01T00:11:02.274404Z","level":"info","event":"    return self.func(*new_argspec)","logger":"task.stdout"}
{"timestamp":"2026-01-01T00:11:02.274446Z","level":"info","event":"           │    │     └ ('IMTS', 'IMF.STA,IMTS,latest', [1948, 1949, 1950, 1951, 1952], IMFConfig(key='all', sub_key='all', base_url='https://api.imf...","logger":"task.stdout"}
{"timestamp":"2026-01-01T00:11:02.274488Z","level":"info","event":"           │    └ <member 'func' of 'Task' objects>","logger":"task.stdout"}
{"timestamp":"2026-01-01T00:11:02.274528Z","level":"info","event":"           └ <Task 'process_flow_year_chunk-af48a6eb-ae0b-42dd-b1c2-b13efdc04e6e' process_flow_year_chunk(...)>","logger":"task.stdout"}
{"timestamp":"2026-01-01T00:11:02.274570Z","level":"info","event":"","logger":"task.stdout"}
{"timestamp":"2026-01-01T00:11:02.274609Z","level":"info","event":"> File \"/opt/airflow/dags/pipelines/imf/pipeline.py\", line 54, in process_flow_year_chunk","logger":"task.stdout"}
{"timestamp":"2026-01-01T00:11:02.274648Z","level":"info","event":"    if s3_object_exists(s3_cfg.bucket, s3_key, s3_cfg.region):","logger":"task.stdout"}
{"timestamp":"2026-01-01T00:11:02.274686Z","level":"info","event":"       │                │      │       │       │      └ 'eu-west-1'","logger":"task.stdout"}
{"timestamp":"2026-01-01T00:11:02.274728Z","level":"info","event":"       │                │      │       │       └ S3Config(bucket='personal-projectbucket', prefix='imf', region='eu-west-1')","logger":"task.stdout"}
{"timestamp":"2026-01-01T00:11:02.274770Z","level":"info","event":"       │                │      │       └ 'imf/IMTS/year=1949/IMTS_1949.csv'","logger":"task.stdout"}
{"timestamp":"2026-01-01T00:11:02.274846Z","level":"info","event":"       │                │      └ 'personal-projectbucket'","logger":"task.stdout"}
{"timestamp":"2026-01-01T00:11:02.274888Z","level":"info","event":"       │                └ S3Config(bucket='personal-projectbucket', prefix='imf', region='eu-west-1')","logger":"task.stdout"}
{"timestamp":"2026-01-01T00:11:02.274929Z","level":"info","event":"       └ <function s3_object_exists at 0xffff8cfba7a0>","logger":"task.stdout"}
{"timestamp":"2026-01-01T00:11:02.274968Z","level":"info","event":"","logger":"task.stdout"}
{"timestamp":"2026-01-01T00:11:02.275008Z","level":"info","event":"  File \"/opt/airflow/dags/pipelines/common/s3_utils.py\", line 29, in s3_object_exists","logger":"task.stdout"}
{"timestamp":"2026-01-01T00:11:02.275047Z","level":"info","event":"    s3.head_object(Bucket=bucket, Key=key)","logger":"task.stdout"}
{"timestamp":"2026-01-01T00:11:02.275086Z","level":"info","event":"    │  │                  │           └ 'imf/IMTS/year=1949/IMTS_1949.csv'","logger":"task.stdout"}
{"timestamp":"2026-01-01T00:11:02.275125Z","level":"info","event":"    │  │                  └ 'personal-projectbucket'","logger":"task.stdout"}
{"timestamp":"2026-01-01T00:11:02.275165Z","level":"info","event":"    │  └ <function ClientCreator._create_api_method.<locals>._api_call at 0xffff71310680>","logger":"task.stdout"}
{"timestamp":"2026-01-01T00:11:02.275204Z","level":"info","event":"    └ <botocore.client.S3 object at 0xffff717a79e0>","logger":"task.stdout"}
{"timestamp":"2026-01-01T00:11:02.275269Z","level":"info","event":"","logger":"task.stdout"}
{"timestamp":"2026-01-01T00:11:02.275308Z","level":"info","event":"  File \"/home/airflow/.local/lib/python3.12/site-packages/botocore/client.py\", line 602, in _api_call","logger":"task.stdout"}
{"timestamp":"2026-01-01T00:11:02.275348Z","level":"info","event":"    return self._make_api_call(operation_name, kwargs)","logger":"task.stdout"}
{"timestamp":"2026-01-01T00:11:02.275387Z","level":"info","event":"           │    │              │               └ {'Bucket': 'personal-projectbucket', 'Key': 'imf/IMTS/year=1949/IMTS_1949.csv'}","logger":"task.stdout"}
{"timestamp":"2026-01-01T00:11:02.275428Z","level":"info","event":"           │    │              └ 'HeadObject'","logger":"task.stdout"}
{"timestamp":"2026-01-01T00:11:02.275467Z","level":"info","event":"           │    └ <function BaseClient._make_api_call at 0xffff8cf3b060>","logger":"task.stdout"}
{"timestamp":"2026-01-01T00:11:02.275509Z","level":"info","event":"           └ <botocore.client.S3 object at 0xffff717a79e0>","logger":"task.stdout"}
{"timestamp":"2026-01-01T00:11:02.275550Z","level":"info","event":"  File \"/home/airflow/.local/lib/python3.12/site-packages/botocore/context.py\", line 123, in wrapper","logger":"task.stdout"}
{"timestamp":"2026-01-01T00:11:02.275589Z","level":"info","event":"    return func(*args, **kwargs)","logger":"task.stdout"}
{"timestamp":"2026-01-01T00:11:02.275627Z","level":"info","event":"           │     │       └ {}","logger":"task.stdout"}
{"timestamp":"2026-01-01T00:11:02.275667Z","level":"info","event":"           │     └ (<botocore.client.S3 object at 0xffff717a79e0>, 'HeadObject', {'Bucket': 'personal-projectbucket', 'Key': 'imf/IMTS/year=1949...","logger":"task.stdout"}
{"timestamp":"2026-01-01T00:11:02.275707Z","level":"info","event":"           └ <function BaseClient._make_api_call at 0xffff8cf3afc0>","logger":"task.stdout"}
{"timestamp":"2026-01-01T00:11:02.275748Z","level":"info","event":"  File \"/home/airflow/.local/lib/python3.12/site-packages/botocore/client.py\", line 1078, in _make_api_call","logger":"task.stdout"}
{"timestamp":"2026-01-01T00:11:02.275788Z","level":"info","event":"    raise error_class(parsed_response, operation_name)","logger":"task.stdout"}
{"timestamp":"2026-01-01T00:11:02.275827Z","level":"info","event":"          │           │                └ 'HeadObject'","logger":"task.stdout"}
{"timestamp":"2026-01-01T00:11:02.275866Z","level":"info","event":"          │           └ {'Error': {'Code': '403', 'Message': 'Forbidden'}, 'ResponseMetadata': {'RequestId': 'HKM9YMKTTDZ2D83E', 'HostId': 'kXmdcsNfZ...","logger":"task.stdout"}
{"timestamp":"2026-01-01T00:11:02.275906Z","level":"info","event":"          └ <class 'botocore.exceptions.ClientError'>","logger":"task.stdout"}
{"timestamp":"2026-01-01T00:11:02.275946Z","level":"info","event":"","logger":"task.stdout"}
{"timestamp":"2026-01-01T00:11:02.275984Z","level":"info","event":"botocore.exceptions.ClientError: An error occurred (403) when calling the HeadObject operation: Forbidden","logger":"task.stdout"}
{"timestamp":"2026-01-01T00:11:02.428096Z","level":"info","event":"2026-01-01 00:11:02 | ERROR | S3 head_object failed | flow=IMTS year=1950 key=imf/IMTS/year=1950/IMTS_1950.csv","logger":"task.stdout"}
{"timestamp":"2026-01-01T00:11:02.428730Z","level":"info","event":"Traceback (most recent call last):","logger":"task.stdout"}
{"timestamp":"2026-01-01T00:11:02.430268Z","level":"info","event":"","logger":"task.stdout"}
{"timestamp":"2026-01-01T00:11:02.430337Z","level":"info","event":"  File \"/usr/python/lib/python3.12/threading.py\", line 1032, in _bootstrap","logger":"task.stdout"}
{"timestamp":"2026-01-01T00:11:02.430384Z","level":"info","event":"    self._bootstrap_inner()","logger":"task.stdout"}
{"timestamp":"2026-01-01T00:11:02.430429Z","level":"info","event":"    │    └ <function Thread._bootstrap_inner at 0xffff99068f40>","logger":"task.stdout"}
{"timestamp":"2026-01-01T00:11:02.430503Z","level":"info","event":"    └ <Thread(ThreadPoolExecutor-1_0, started 281472806220128)>","logger":"task.stdout"}
{"timestamp":"2026-01-01T00:11:02.430582Z","level":"info","event":"  File \"/usr/python/lib/python3.12/threading.py\", line 1075, in _bootstrap_inner","logger":"task.stdout"}
{"timestamp":"2026-01-01T00:11:02.430684Z","level":"info","event":"    self.run()","logger":"task.stdout"}
{"timestamp":"2026-01-01T00:11:02.430750Z","level":"info","event":"    │    └ <function Thread.run at 0xffff99068c20>","logger":"task.stdout"}
{"timestamp":"2026-01-01T00:11:02.430800Z","level":"info","event":"    └ <Thread(ThreadPoolExecutor-1_0, started 281472806220128)>","logger":"task.stdout"}
{"timestamp":"2026-01-01T00:11:02.430847Z","level":"info","event":"  File \"/usr/python/lib/python3.12/threading.py\", line 1012, in run","logger":"task.stdout"}
{"timestamp":"2026-01-01T00:11:02.430893Z","level":"info","event":"    self._target(*self._args, **self._kwargs)","logger":"task.stdout"}
{"timestamp":"2026-01-01T00:11:02.430935Z","level":"info","event":"    │    │        │    │        │    └ {}","logger":"task.stdout"}
{"timestamp":"2026-01-01T00:11:02.430977Z","level":"info","event":"    │    │        │    │        └ <Thread(ThreadPoolExecutor-1_0, started 281472806220128)>","logger":"task.stdout"}
{"timestamp":"2026-01-01T00:11:02.431022Z","level":"info","event":"    │    │        │    └ (<weakref at 0xffff90350ef0; to 'ThreadPoolExecutor' at 0xffff86d3eb70>, <_queue.SimpleQueue object at 0xffff712e3b00>, None,...","logger":"task.stdout"}
{"timestamp":"2026-01-01T00:11:02.431065Z","level":"info","event":"    │    │        └ <Thread(ThreadPoolExecutor-1_0, started 281472806220128)>","logger":"task.stdout"}
{"timestamp":"2026-01-01T00:11:02.431107Z","level":"info","event":"    │    └ <function _worker at 0xffff937a1c60>","logger":"task.stdout"}
{"timestamp":"2026-01-01T00:11:02.431149Z","level":"info","event":"    └ <Thread(ThreadPoolExecutor-1_0, started 281472806220128)>","logger":"task.stdout"}
{"timestamp":"2026-01-01T00:11:02.431190Z","level":"info","event":"  File \"/usr/python/lib/python3.12/concurrent/futures/thread.py\", line 93, in _worker","logger":"task.stdout"}
{"timestamp":"2026-01-01T00:11:02.431233Z","level":"info","event":"    work_item.run()","logger":"task.stdout"}
{"timestamp":"2026-01-01T00:11:02.431283Z","level":"info","event":"    │         └ <function _WorkItem.run at 0xffff937a1da0>","logger":"task.stdout"}
{"timestamp":"2026-01-01T00:11:02.431326Z","level":"info","event":"    └ <concurrent.futures.thread._WorkItem object at 0xffff704685c0>","logger":"task.stdout"}
{"timestamp":"2026-01-01T00:11:02.431367Z","level":"info","event":"  File \"/usr/python/lib/python3.12/concurrent/futures/thread.py\", line 59, in run","logger":"task.stdout"}
{"timestamp":"2026-01-01T00:11:02.431411Z","level":"info","event":"    result = self.fn(*self.args, **self.kwargs)","logger":"task.stdout"}
{"timestamp":"2026-01-01T00:11:02.431479Z","level":"info","event":"             │    │   │    │       │    └ {}","logger":"task.stdout"}
{"timestamp":"2026-01-01T00:11:02.431531Z","level":"info","event":"             │    │   │    │       └ <concurrent.futures.thread._WorkItem object at 0xffff704685c0>","logger":"task.stdout"}
{"timestamp":"2026-01-01T00:11:02.431574Z","level":"info","event":"             │    │   │    └ ([('process_flow_year_chunk-af48a6eb-ae0b-42dd-b1c2-b13efdc04e6e', (<Task 'process_flow_year_chunk-af48a6eb-ae0b-42dd-b1c2-b1...","logger":"task.stdout"}
{"timestamp":"2026-01-01T00:11:02.431618Z","level":"info","event":"             │    │   └ <concurrent.futures.thread._WorkItem object at 0xffff704685c0>","logger":"task.stdout"}
{"timestamp":"2026-01-01T00:11:02.431660Z","level":"info","event":"             │    └ <function batch_execute_tasks at 0xffff8d561d00>","logger":"task.stdout"}
{"timestamp":"2026-01-01T00:11:02.431701Z","level":"info","event":"             └ <concurrent.futures.thread._WorkItem object at 0xffff704685c0>","logger":"task.stdout"}
{"timestamp":"2026-01-01T00:11:02.431773Z","level":"info","event":"  File \"/home/airflow/.local/lib/python3.12/site-packages/dask/local.py\", line 270, in batch_execute_tasks","logger":"task.stdout"}
{"timestamp":"2026-01-01T00:11:02.431814Z","level":"info","event":"    return [execute_task(*a) for a in it]","logger":"task.stdout"}
{"timestamp":"2026-01-01T00:11:02.431858Z","level":"info","event":"            │             │      │    └ [('process_flow_year_chunk-af48a6eb-ae0b-42dd-b1c2-b13efdc04e6e', (<Task 'process_flow_year_chunk-af48a6eb-ae0b-42dd-b1c2-b13...","logger":"task.stdout"}
{"timestamp":"2026-01-01T00:11:02.431901Z","level":"info","event":"            │             │      └ ('process_flow_year_chunk-af48a6eb-ae0b-42dd-b1c2-b13efdc04e6e', (<Task 'process_flow_year_chunk-af48a6eb-ae0b-42dd-b1c2-b13e...","logger":"task.stdout"}
{"timestamp":"2026-01-01T00:11:02.431943Z","level":"info","event":"            │             └ ('process_flow_year_chunk-af48a6eb-ae0b-42dd-b1c2-b13efdc04e6e', (<Task 'process_flow_year_chunk-af48a6eb-ae0b-42dd-b1c2-b13e...","logger":"task.stdout"}
{"timestamp":"2026-01-01T00:11:02.431986Z","level":"info","event":"            └ <function execute_task at 0xffff8d561c60>","logger":"task.stdout"}
{"timestamp":"2026-01-01T00:11:02.432027Z","level":"info","event":"  File \"/home/airflow/.local/lib/python3.12/site-packages/dask/local.py\", line 256, in execute_task","logger":"task.stdout"}
{"timestamp":"2026-01-01T00:11:02.432069Z","level":"info","event":"    result = task(data)","logger":"task.stdout"}
{"timestamp":"2026-01-01T00:11:02.432113Z","level":"info","event":"             │    └ {}","logger":"task.stdout"}
{"timestamp":"2026-01-01T00:11:02.432156Z","level":"info","event":"             └ <Task 'process_flow_year_chunk-af48a6eb-ae0b-42dd-b1c2-b13efdc04e6e' process_flow_year_chunk(...)>","logger":"task.stdout"}
{"timestamp":"2026-01-01T00:11:02.432202Z","level":"info","event":"  File \"/home/airflow/.local/lib/python3.12/site-packages/dask/_task_spec.py\", line 759, in __call__","logger":"task.stdout"}
{"timestamp":"2026-01-01T00:11:02.432253Z","level":"info","event":"    return self.func(*new_argspec)","logger":"task.stdout"}
{"timestamp":"2026-01-01T00:11:02.432298Z","level":"info","event":"           │    │     └ ('IMTS', 'IMF.STA,IMTS,latest', [1948, 1949, 1950, 1951, 1952], IMFConfig(key='all', sub_key='all', base_url='https://api.imf...","logger":"task.stdout"}
{"timestamp":"2026-01-01T00:11:02.432340Z","level":"info","event":"           │    └ <member 'func' of 'Task' objects>","logger":"task.stdout"}
{"timestamp":"2026-01-01T00:11:02.432382Z","level":"info","event":"           └ <Task 'process_flow_year_chunk-af48a6eb-ae0b-42dd-b1c2-b13efdc04e6e' process_flow_year_chunk(...)>","logger":"task.stdout"}
{"timestamp":"2026-01-01T00:11:02.432424Z","level":"info","event":"","logger":"task.stdout"}
{"timestamp":"2026-01-01T00:11:02.432468Z","level":"info","event":"> File \"/opt/airflow/dags/pipelines/imf/pipeline.py\", line 54, in process_flow_year_chunk","logger":"task.stdout"}
{"timestamp":"2026-01-01T00:11:02.432508Z","level":"info","event":"    if s3_object_exists(s3_cfg.bucket, s3_key, s3_cfg.region):","logger":"task.stdout"}
{"timestamp":"2026-01-01T00:11:02.432550Z","level":"info","event":"       │                │      │       │       │      └ 'eu-west-1'","logger":"task.stdout"}
{"timestamp":"2026-01-01T00:11:02.432592Z","level":"info","event":"       │                │      │       │       └ S3Config(bucket='personal-projectbucket', prefix='imf', region='eu-west-1')","logger":"task.stdout"}
{"timestamp":"2026-01-01T00:11:02.432634Z","level":"info","event":"       │                │      │       └ 'imf/IMTS/year=1950/IMTS_1950.csv'","logger":"task.stdout"}
{"timestamp":"2026-01-01T00:11:02.435305Z","level":"info","event":"       │                │      └ 'personal-projectbucket'","logger":"task.stdout"}
{"timestamp":"2026-01-01T00:11:02.435383Z","level":"info","event":"       │                └ S3Config(bucket='personal-projectbucket', prefix='imf', region='eu-west-1')","logger":"task.stdout"}
{"timestamp":"2026-01-01T00:11:02.435424Z","level":"info","event":"       └ <function s3_object_exists at 0xffff8cfba7a0>","logger":"task.stdout"}
{"timestamp":"2026-01-01T00:11:02.435464Z","level":"info","event":"","logger":"task.stdout"}
{"timestamp":"2026-01-01T00:11:02.435503Z","level":"info","event":"  File \"/opt/airflow/dags/pipelines/common/s3_utils.py\", line 29, in s3_object_exists","logger":"task.stdout"}
{"timestamp":"2026-01-01T00:11:02.435543Z","level":"info","event":"    s3.head_object(Bucket=bucket, Key=key)","logger":"task.stdout"}
{"timestamp":"2026-01-01T00:11:02.435584Z","level":"info","event":"    │  │                  │           └ 'imf/IMTS/year=1950/IMTS_1950.csv'","logger":"task.stdout"}
{"timestamp":"2026-01-01T00:11:02.435626Z","level":"info","event":"    │  │                  └ 'personal-projectbucket'","logger":"task.stdout"}
{"timestamp":"2026-01-01T00:11:02.435669Z","level":"info","event":"    │  └ <function ClientCreator._create_api_method.<locals>._api_call at 0xffff71310680>","logger":"task.stdout"}
{"timestamp":"2026-01-01T00:11:02.435711Z","level":"info","event":"    └ <botocore.client.S3 object at 0xffff717a79e0>","logger":"task.stdout"}
{"timestamp":"2026-01-01T00:11:02.435752Z","level":"info","event":"","logger":"task.stdout"}
{"timestamp":"2026-01-01T00:11:02.435794Z","level":"info","event":"  File \"/home/airflow/.local/lib/python3.12/site-packages/botocore/client.py\", line 602, in _api_call","logger":"task.stdout"}
{"timestamp":"2026-01-01T00:11:02.435835Z","level":"info","event":"    return self._make_api_call(operation_name, kwargs)","logger":"task.stdout"}
{"timestamp":"2026-01-01T00:11:02.435875Z","level":"info","event":"           │    │              │               └ {'Bucket': 'personal-projectbucket', 'Key': 'imf/IMTS/year=1950/IMTS_1950.csv'}","logger":"task.stdout"}
{"timestamp":"2026-01-01T00:11:02.435919Z","level":"info","event":"           │    │              └ 'HeadObject'","logger":"task.stdout"}
{"timestamp":"2026-01-01T00:11:02.435961Z","level":"info","event":"           │    └ <function BaseClient._make_api_call at 0xffff8cf3b060>","logger":"task.stdout"}
{"timestamp":"2026-01-01T00:11:02.436002Z","level":"info","event":"           └ <botocore.client.S3 object at 0xffff717a79e0>","logger":"task.stdout"}
{"timestamp":"2026-01-01T00:11:02.436047Z","level":"info","event":"  File \"/home/airflow/.local/lib/python3.12/site-packages/botocore/context.py\", line 123, in wrapper","logger":"task.stdout"}
{"timestamp":"2026-01-01T00:11:02.436089Z","level":"info","event":"    return func(*args, **kwargs)","logger":"task.stdout"}
{"timestamp":"2026-01-01T00:11:02.436129Z","level":"info","event":"           │     │       └ {}","logger":"task.stdout"}
{"timestamp":"2026-01-01T00:11:02.436174Z","level":"info","event":"           │     └ (<botocore.client.S3 object at 0xffff717a79e0>, 'HeadObject', {'Bucket': 'personal-projectbucket', 'Key': 'imf/IMTS/year=1950...","logger":"task.stdout"}
{"timestamp":"2026-01-01T00:11:02.436216Z","level":"info","event":"           └ <function BaseClient._make_api_call at 0xffff8cf3afc0>","logger":"task.stdout"}
{"timestamp":"2026-01-01T00:11:02.436266Z","level":"info","event":"  File \"/home/airflow/.local/lib/python3.12/site-packages/botocore/client.py\", line 1078, in _make_api_call","logger":"task.stdout"}
{"timestamp":"2026-01-01T00:11:02.436309Z","level":"info","event":"    raise error_class(parsed_response, operation_name)","logger":"task.stdout"}
{"timestamp":"2026-01-01T00:11:02.436347Z","level":"info","event":"          │           │                └ 'HeadObject'","logger":"task.stdout"}
{"timestamp":"2026-01-01T00:11:02.436387Z","level":"info","event":"          │           └ {'Error': {'Code': '403', 'Message': 'Forbidden'}, 'ResponseMetadata': {'RequestId': 'HKMDD82VSCWEWGVY', 'HostId': 'J8Skn9qbW...","logger":"task.stdout"}
{"timestamp":"2026-01-01T00:11:02.436456Z","level":"info","event":"          └ <class 'botocore.exceptions.ClientError'>","logger":"task.stdout"}
{"timestamp":"2026-01-01T00:11:02.436498Z","level":"info","event":"","logger":"task.stdout"}
{"timestamp":"2026-01-01T00:11:02.436539Z","level":"info","event":"botocore.exceptions.ClientError: An error occurred (403) when calling the HeadObject operation: Forbidden","logger":"task.stdout"}
{"timestamp":"2026-01-01T00:11:02.577597Z","level":"info","event":"2026-01-01 00:11:02 | ERROR | S3 head_object failed | flow=IMTS year=1951 key=imf/IMTS/year=1951/IMTS_1951.csv","logger":"task.stdout"}
{"timestamp":"2026-01-01T00:11:02.577743Z","level":"info","event":"Traceback (most recent call last):","logger":"task.stdout"}
{"timestamp":"2026-01-01T00:11:02.577798Z","level":"info","event":"","logger":"task.stdout"}
{"timestamp":"2026-01-01T00:11:02.577846Z","level":"info","event":"  File \"/usr/python/lib/python3.12/threading.py\", line 1032, in _bootstrap","logger":"task.stdout"}
{"timestamp":"2026-01-01T00:11:02.577892Z","level":"info","event":"    self._bootstrap_inner()","logger":"task.stdout"}
{"timestamp":"2026-01-01T00:11:02.577936Z","level":"info","event":"    │    └ <function Thread._bootstrap_inner at 0xffff99068f40>","logger":"task.stdout"}
{"timestamp":"2026-01-01T00:11:02.577981Z","level":"info","event":"    └ <Thread(ThreadPoolExecutor-1_0, started 281472806220128)>","logger":"task.stdout"}
{"timestamp":"2026-01-01T00:11:02.578027Z","level":"info","event":"  File \"/usr/python/lib/python3.12/threading.py\", line 1075, in _bootstrap_inner","logger":"task.stdout"}
{"timestamp":"2026-01-01T00:11:02.578072Z","level":"info","event":"    self.run()","logger":"task.stdout"}
{"timestamp":"2026-01-01T00:11:02.578116Z","level":"info","event":"    │    └ <function Thread.run at 0xffff99068c20>","logger":"task.stdout"}
{"timestamp":"2026-01-01T00:11:02.578168Z","level":"info","event":"    └ <Thread(ThreadPoolExecutor-1_0, started 281472806220128)>","logger":"task.stdout"}
{"timestamp":"2026-01-01T00:11:02.578211Z","level":"info","event":"  File \"/usr/python/lib/python3.12/threading.py\", line 1012, in run","logger":"task.stdout"}
{"timestamp":"2026-01-01T00:11:02.578263Z","level":"info","event":"    self._target(*self._args, **self._kwargs)","logger":"task.stdout"}
{"timestamp":"2026-01-01T00:11:02.578305Z","level":"info","event":"    │    │        │    │        │    └ {}","logger":"task.stdout"}
{"timestamp":"2026-01-01T00:11:02.578347Z","level":"info","event":"    │    │        │    │        └ <Thread(ThreadPoolExecutor-1_0, started 281472806220128)>","logger":"task.stdout"}
{"timestamp":"2026-01-01T00:11:02.578392Z","level":"info","event":"    │    │        │    └ (<weakref at 0xffff90350ef0; to 'ThreadPoolExecutor' at 0xffff86d3eb70>, <_queue.SimpleQueue object at 0xffff712e3b00>, None,...","logger":"task.stdout"}
{"timestamp":"2026-01-01T00:11:02.578436Z","level":"info","event":"    │    │        └ <Thread(ThreadPoolExecutor-1_0, started 281472806220128)>","logger":"task.stdout"}
{"timestamp":"2026-01-01T00:11:02.578480Z","level":"info","event":"    │    └ <function _worker at 0xffff937a1c60>","logger":"task.stdout"}
{"timestamp":"2026-01-01T00:11:02.578523Z","level":"info","event":"    └ <Thread(ThreadPoolExecutor-1_0, started 281472806220128)>","logger":"task.stdout"}
{"timestamp":"2026-01-01T00:11:02.578564Z","level":"info","event":"  File \"/usr/python/lib/python3.12/concurrent/futures/thread.py\", line 93, in _worker","logger":"task.stdout"}
{"timestamp":"2026-01-01T00:11:02.578608Z","level":"info","event":"    work_item.run()","logger":"task.stdout"}
{"timestamp":"2026-01-01T00:11:02.578651Z","level":"info","event":"    │         └ <function _WorkItem.run at 0xffff937a1da0>","logger":"task.stdout"}
{"timestamp":"2026-01-01T00:11:02.578699Z","level":"info","event":"    └ <concurrent.futures.thread._WorkItem object at 0xffff704685c0>","logger":"task.stdout"}
{"timestamp":"2026-01-01T00:11:02.578741Z","level":"info","event":"  File \"/usr/python/lib/python3.12/concurrent/futures/thread.py\", line 59, in run","logger":"task.stdout"}
{"timestamp":"2026-01-01T00:11:02.578787Z","level":"info","event":"    result = self.fn(*self.args, **self.kwargs)","logger":"task.stdout"}
{"timestamp":"2026-01-01T00:11:02.578829Z","level":"info","event":"             │    │   │    │       │    └ {}","logger":"task.stdout"}
{"timestamp":"2026-01-01T00:11:02.578871Z","level":"info","event":"             │    │   │    │       └ <concurrent.futures.thread._WorkItem object at 0xffff704685c0>","logger":"task.stdout"}
{"timestamp":"2026-01-01T00:11:02.578918Z","level":"info","event":"             │    │   │    └ ([('process_flow_year_chunk-af48a6eb-ae0b-42dd-b1c2-b13efdc04e6e', (<Task 'process_flow_year_chunk-af48a6eb-ae0b-42dd-b1c2-b1...","logger":"task.stdout"}
{"timestamp":"2026-01-01T00:11:02.578967Z","level":"info","event":"             │    │   └ <concurrent.futures.thread._WorkItem object at 0xffff704685c0>","logger":"task.stdout"}
{"timestamp":"2026-01-01T00:11:02.579010Z","level":"info","event":"             │    └ <function batch_execute_tasks at 0xffff8d561d00>","logger":"task.stdout"}
{"timestamp":"2026-01-01T00:11:02.579051Z","level":"info","event":"             └ <concurrent.futures.thread._WorkItem object at 0xffff704685c0>","logger":"task.stdout"}
{"timestamp":"2026-01-01T00:11:02.579092Z","level":"info","event":"  File \"/home/airflow/.local/lib/python3.12/site-packages/dask/local.py\", line 270, in batch_execute_tasks","logger":"task.stdout"}
{"timestamp":"2026-01-01T00:11:02.579134Z","level":"info","event":"    return [execute_task(*a) for a in it]","logger":"task.stdout"}
{"timestamp":"2026-01-01T00:11:02.579177Z","level":"info","event":"            │             │      │    └ [('process_flow_year_chunk-af48a6eb-ae0b-42dd-b1c2-b13efdc04e6e', (<Task 'process_flow_year_chunk-af48a6eb-ae0b-42dd-b1c2-b13...","logger":"task.stdout"}
{"timestamp":"2026-01-01T00:11:02.579219Z","level":"info","event":"            │             │      └ ('process_flow_year_chunk-af48a6eb-ae0b-42dd-b1c2-b13efdc04e6e', (<Task 'process_flow_year_chunk-af48a6eb-ae0b-42dd-b1c2-b13e...","logger":"task.stdout"}
{"timestamp":"2026-01-01T00:11:02.579262Z","level":"info","event":"            │             └ ('process_flow_year_chunk-af48a6eb-ae0b-42dd-b1c2-b13efdc04e6e', (<Task 'process_flow_year_chunk-af48a6eb-ae0b-42dd-b1c2-b13e...","logger":"task.stdout"}
{"timestamp":"2026-01-01T00:11:02.579307Z","level":"info","event":"            └ <function execute_task at 0xffff8d561c60>","logger":"task.stdout"}
{"timestamp":"2026-01-01T00:11:02.579355Z","level":"info","event":"  File \"/home/airflow/.local/lib/python3.12/site-packages/dask/local.py\", line 256, in execute_task","logger":"task.stdout"}
{"timestamp":"2026-01-01T00:11:02.579398Z","level":"info","event":"    result = task(data)","logger":"task.stdout"}
{"timestamp":"2026-01-01T00:11:02.579438Z","level":"info","event":"             │    └ {}","logger":"task.stdout"}
{"timestamp":"2026-01-01T00:11:02.579479Z","level":"info","event":"             └ <Task 'process_flow_year_chunk-af48a6eb-ae0b-42dd-b1c2-b13efdc04e6e' process_flow_year_chunk(...)>","logger":"task.stdout"}
{"timestamp":"2026-01-01T00:11:02.579521Z","level":"info","event":"  File \"/home/airflow/.local/lib/python3.12/site-packages/dask/_task_spec.py\", line 759, in __call__","logger":"task.stdout"}
{"timestamp":"2026-01-01T00:11:02.579567Z","level":"info","event":"    return self.func(*new_argspec)","logger":"task.stdout"}
{"timestamp":"2026-01-01T00:11:02.579614Z","level":"info","event":"           │    │     └ ('IMTS', 'IMF.STA,IMTS,latest', [1948, 1949, 1950, 1951, 1952], IMFConfig(key='all', sub_key='all', base_url='https://api.imf...","logger":"task.stdout"}
{"timestamp":"2026-01-01T00:11:02.579658Z","level":"info","event":"           │    └ <member 'func' of 'Task' objects>","logger":"task.stdout"}
{"timestamp":"2026-01-01T00:11:02.579701Z","level":"info","event":"           └ <Task 'process_flow_year_chunk-af48a6eb-ae0b-42dd-b1c2-b13efdc04e6e' process_flow_year_chunk(...)>","logger":"task.stdout"}
{"timestamp":"2026-01-01T00:11:02.579773Z","level":"info","event":"","logger":"task.stdout"}
{"timestamp":"2026-01-01T00:11:02.579817Z","level":"info","event":"> File \"/opt/airflow/dags/pipelines/imf/pipeline.py\", line 54, in process_flow_year_chunk","logger":"task.stdout"}
{"timestamp":"2026-01-01T00:11:02.579858Z","level":"info","event":"    if s3_object_exists(s3_cfg.bucket, s3_key, s3_cfg.region):","logger":"task.stdout"}
{"timestamp":"2026-01-01T00:11:02.579900Z","level":"info","event":"       │                │      │       │       │      └ 'eu-west-1'","logger":"task.stdout"}
{"timestamp":"2026-01-01T00:11:02.579943Z","level":"info","event":"       │                │      │       │       └ S3Config(bucket='personal-projectbucket', prefix='imf', region='eu-west-1')","logger":"task.stdout"}
{"timestamp":"2026-01-01T00:11:02.579988Z","level":"info","event":"       │                │      │       └ 'imf/IMTS/year=1951/IMTS_1951.csv'","logger":"task.stdout"}
{"timestamp":"2026-01-01T00:11:02.580068Z","level":"info","event":"       │                │      └ 'personal-projectbucket'","logger":"task.stdout"}
{"timestamp":"2026-01-01T00:11:02.580117Z","level":"info","event":"       │                └ S3Config(bucket='personal-projectbucket', prefix='imf', region='eu-west-1')","logger":"task.stdout"}
{"timestamp":"2026-01-01T00:11:02.580159Z","level":"info","event":"       └ <function s3_object_exists at 0xffff8cfba7a0>","logger":"task.stdout"}
{"timestamp":"2026-01-01T00:11:02.580200Z","level":"info","event":"","logger":"task.stdout"}
{"timestamp":"2026-01-01T00:11:02.580242Z","level":"info","event":"  File \"/opt/airflow/dags/pipelines/common/s3_utils.py\", line 29, in s3_object_exists","logger":"task.stdout"}
{"timestamp":"2026-01-01T00:11:02.580293Z","level":"info","event":"    s3.head_object(Bucket=bucket, Key=key)","logger":"task.stdout"}
{"timestamp":"2026-01-01T00:11:02.580335Z","level":"info","event":"    │  │                  │           └ 'imf/IMTS/year=1951/IMTS_1951.csv'","logger":"task.stdout"}
{"timestamp":"2026-01-01T00:11:02.580376Z","level":"info","event":"    │  │                  └ 'personal-projectbucket'","logger":"task.stdout"}
{"timestamp":"2026-01-01T00:11:02.580417Z","level":"info","event":"    │  └ <function ClientCreator._create_api_method.<locals>._api_call at 0xffff71310680>","logger":"task.stdout"}
{"timestamp":"2026-01-01T00:11:02.580460Z","level":"info","event":"    └ <botocore.client.S3 object at 0xffff717a79e0>","logger":"task.stdout"}
{"timestamp":"2026-01-01T00:11:02.580501Z","level":"info","event":"","logger":"task.stdout"}
{"timestamp":"2026-01-01T00:11:02.580543Z","level":"info","event":"  File \"/home/airflow/.local/lib/python3.12/site-packages/botocore/client.py\", line 602, in _api_call","logger":"task.stdout"}
{"timestamp":"2026-01-01T00:11:02.582262Z","level":"info","event":"    return self._make_api_call(operation_name, kwargs)","logger":"task.stdout"}
{"timestamp":"2026-01-01T00:11:02.582315Z","level":"info","event":"           │    │              │               └ {'Bucket': 'personal-projectbucket', 'Key': 'imf/IMTS/year=1951/IMTS_1951.csv'}","logger":"task.stdout"}
{"timestamp":"2026-01-01T00:11:02.582358Z","level":"info","event":"           │    │              └ 'HeadObject'","logger":"task.stdout"}
{"timestamp":"2026-01-01T00:11:02.582399Z","level":"info","event":"           │    └ <function BaseClient._make_api_call at 0xffff8cf3b060>","logger":"task.stdout"}
{"timestamp":"2026-01-01T00:11:02.582443Z","level":"info","event":"           └ <botocore.client.S3 object at 0xffff717a79e0>","logger":"task.stdout"}
{"timestamp":"2026-01-01T00:11:02.582488Z","level":"info","event":"  File \"/home/airflow/.local/lib/python3.12/site-packages/botocore/context.py\", line 123, in wrapper","logger":"task.stdout"}
{"timestamp":"2026-01-01T00:11:02.582535Z","level":"info","event":"    return func(*args, **kwargs)","logger":"task.stdout"}
{"timestamp":"2026-01-01T00:11:02.582604Z","level":"info","event":"           │     │       └ {}","logger":"task.stdout"}
{"timestamp":"2026-01-01T00:11:02.582645Z","level":"info","event":"           │     └ (<botocore.client.S3 object at 0xffff717a79e0>, 'HeadObject', {'Bucket': 'personal-projectbucket', 'Key': 'imf/IMTS/year=1951...","logger":"task.stdout"}
{"timestamp":"2026-01-01T00:11:02.582687Z","level":"info","event":"           └ <function BaseClient._make_api_call at 0xffff8cf3afc0>","logger":"task.stdout"}
{"timestamp":"2026-01-01T00:11:02.582729Z","level":"info","event":"  File \"/home/airflow/.local/lib/python3.12/site-packages/botocore/client.py\", line 1078, in _make_api_call","logger":"task.stdout"}
{"timestamp":"2026-01-01T00:11:02.582770Z","level":"info","event":"    raise error_class(parsed_response, operation_name)","logger":"task.stdout"}
{"timestamp":"2026-01-01T00:11:02.582812Z","level":"info","event":"          │           │                └ 'HeadObject'","logger":"task.stdout"}
{"timestamp":"2026-01-01T00:11:02.582854Z","level":"info","event":"          │           └ {'Error': {'Code': '403', 'Message': 'Forbidden'}, 'ResponseMetadata': {'RequestId': 'D3WFVHESZQ4RFW3Q', 'HostId': '7S8uI8/KW...","logger":"task.stdout"}
{"timestamp":"2026-01-01T00:11:02.582896Z","level":"info","event":"          └ <class 'botocore.exceptions.ClientError'>","logger":"task.stdout"}
{"timestamp":"2026-01-01T00:11:02.582937Z","level":"info","event":"","logger":"task.stdout"}
{"timestamp":"2026-01-01T00:11:02.582980Z","level":"info","event":"botocore.exceptions.ClientError: An error occurred (403) when calling the HeadObject operation: Forbidden","logger":"task.stdout"}
{"timestamp":"2026-01-01T00:11:02.726454Z","level":"info","event":"2026-01-01 00:11:02 | ERROR | S3 head_object failed | flow=IMTS year=1952 key=imf/IMTS/year=1952/IMTS_1952.csv","logger":"task.stdout"}
{"timestamp":"2026-01-01T00:11:02.726609Z","level":"info","event":"Traceback (most recent call last):","logger":"task.stdout"}
{"timestamp":"2026-01-01T00:11:02.726668Z","level":"info","event":"","logger":"task.stdout"}
{"timestamp":"2026-01-01T00:11:02.726713Z","level":"info","event":"  File \"/usr/python/lib/python3.12/threading.py\", line 1032, in _bootstrap","logger":"task.stdout"}
{"timestamp":"2026-01-01T00:11:02.726756Z","level":"info","event":"    self._bootstrap_inner()","logger":"task.stdout"}
{"timestamp":"2026-01-01T00:11:02.726798Z","level":"info","event":"    │    └ <function Thread._bootstrap_inner at 0xffff99068f40>","logger":"task.stdout"}
{"timestamp":"2026-01-01T00:11:02.726840Z","level":"info","event":"    └ <Thread(ThreadPoolExecutor-1_0, started 281472806220128)>","logger":"task.stdout"}
{"timestamp":"2026-01-01T00:11:02.726883Z","level":"info","event":"  File \"/usr/python/lib/python3.12/threading.py\", line 1075, in _bootstrap_inner","logger":"task.stdout"}
{"timestamp":"2026-01-01T00:11:02.726923Z","level":"info","event":"    self.run()","logger":"task.stdout"}
{"timestamp":"2026-01-01T00:11:02.726964Z","level":"info","event":"    │    └ <function Thread.run at 0xffff99068c20>","logger":"task.stdout"}
{"timestamp":"2026-01-01T00:11:02.727004Z","level":"info","event":"    └ <Thread(ThreadPoolExecutor-1_0, started 281472806220128)>","logger":"task.stdout"}
{"timestamp":"2026-01-01T00:11:02.727044Z","level":"info","event":"  File \"/usr/python/lib/python3.12/threading.py\", line 1012, in run","logger":"task.stdout"}
{"timestamp":"2026-01-01T00:11:02.727085Z","level":"info","event":"    self._target(*self._args, **self._kwargs)","logger":"task.stdout"}
{"timestamp":"2026-01-01T00:11:02.727124Z","level":"info","event":"    │    │        │    │        │    └ {}","logger":"task.stdout"}
{"timestamp":"2026-01-01T00:11:02.727164Z","level":"info","event":"    │    │        │    │        └ <Thread(ThreadPoolExecutor-1_0, started 281472806220128)>","logger":"task.stdout"}
{"timestamp":"2026-01-01T00:11:02.727205Z","level":"info","event":"    │    │        │    └ (<weakref at 0xffff90350ef0; to 'ThreadPoolExecutor' at 0xffff86d3eb70>, <_queue.SimpleQueue object at 0xffff712e3b00>, None,...","logger":"task.stdout"}
{"timestamp":"2026-01-01T00:11:02.727286Z","level":"info","event":"    │    │        └ <Thread(ThreadPoolExecutor-1_0, started 281472806220128)>","logger":"task.stdout"}
{"timestamp":"2026-01-01T00:11:02.727326Z","level":"info","event":"    │    └ <function _worker at 0xffff937a1c60>","logger":"task.stdout"}
{"timestamp":"2026-01-01T00:11:02.727365Z","level":"info","event":"    └ <Thread(ThreadPoolExecutor-1_0, started 281472806220128)>","logger":"task.stdout"}
{"timestamp":"2026-01-01T00:11:02.727404Z","level":"info","event":"  File \"/usr/python/lib/python3.12/concurrent/futures/thread.py\", line 93, in _worker","logger":"task.stdout"}
{"timestamp":"2026-01-01T00:11:02.727443Z","level":"info","event":"    work_item.run()","logger":"task.stdout"}
{"timestamp":"2026-01-01T00:11:02.727482Z","level":"info","event":"    │         └ <function _WorkItem.run at 0xffff937a1da0>","logger":"task.stdout"}
{"timestamp":"2026-01-01T00:11:02.727521Z","level":"info","event":"    └ <concurrent.futures.thread._WorkItem object at 0xffff704685c0>","logger":"task.stdout"}
{"timestamp":"2026-01-01T00:11:02.727558Z","level":"info","event":"  File \"/usr/python/lib/python3.12/concurrent/futures/thread.py\", line 59, in run","logger":"task.stdout"}
{"timestamp":"2026-01-01T00:11:02.727596Z","level":"info","event":"    result = self.fn(*self.args, **self.kwargs)","logger":"task.stdout"}
{"timestamp":"2026-01-01T00:11:02.727635Z","level":"info","event":"             │    │   │    │       │    └ {}","logger":"task.stdout"}
{"timestamp":"2026-01-01T00:11:02.727675Z","level":"info","event":"             │    │   │    │       └ <concurrent.futures.thread._WorkItem object at 0xffff704685c0>","logger":"task.stdout"}
{"timestamp":"2026-01-01T00:11:02.727714Z","level":"info","event":"             │    │   │    └ ([('process_flow_year_chunk-af48a6eb-ae0b-42dd-b1c2-b13efdc04e6e', (<Task 'process_flow_year_chunk-af48a6eb-ae0b-42dd-b1c2-b1...","logger":"task.stdout"}
{"timestamp":"2026-01-01T00:11:02.727754Z","level":"info","event":"             │    │   └ <concurrent.futures.thread._WorkItem object at 0xffff704685c0>","logger":"task.stdout"}
{"timestamp":"2026-01-01T00:11:02.727792Z","level":"info","event":"             │    └ <function batch_execute_tasks at 0xffff8d561d00>","logger":"task.stdout"}
{"timestamp":"2026-01-01T00:11:02.727831Z","level":"info","event":"             └ <concurrent.futures.thread._WorkItem object at 0xffff704685c0>","logger":"task.stdout"}
{"timestamp":"2026-01-01T00:11:02.727869Z","level":"info","event":"  File \"/home/airflow/.local/lib/python3.12/site-packages/dask/local.py\", line 270, in batch_execute_tasks","logger":"task.stdout"}
{"timestamp":"2026-01-01T00:11:02.727907Z","level":"info","event":"    return [execute_task(*a) for a in it]","logger":"task.stdout"}
{"timestamp":"2026-01-01T00:11:02.727946Z","level":"info","event":"            │             │      │    └ [('process_flow_year_chunk-af48a6eb-ae0b-42dd-b1c2-b13efdc04e6e', (<Task 'process_flow_year_chunk-af48a6eb-ae0b-42dd-b1c2-b13...","logger":"task.stdout"}
{"timestamp":"2026-01-01T00:11:02.727984Z","level":"info","event":"            │             │      └ ('process_flow_year_chunk-af48a6eb-ae0b-42dd-b1c2-b13efdc04e6e', (<Task 'process_flow_year_chunk-af48a6eb-ae0b-42dd-b1c2-b13e...","logger":"task.stdout"}
{"timestamp":"2026-01-01T00:11:02.728024Z","level":"info","event":"            │             └ ('process_flow_year_chunk-af48a6eb-ae0b-42dd-b1c2-b13efdc04e6e', (<Task 'process_flow_year_chunk-af48a6eb-ae0b-42dd-b1c2-b13e...","logger":"task.stdout"}
{"timestamp":"2026-01-01T00:11:02.728063Z","level":"info","event":"            └ <function execute_task at 0xffff8d561c60>","logger":"task.stdout"}
{"timestamp":"2026-01-01T00:11:02.728102Z","level":"info","event":"  File \"/home/airflow/.local/lib/python3.12/site-packages/dask/local.py\", line 256, in execute_task","logger":"task.stdout"}
{"timestamp":"2026-01-01T00:11:02.728164Z","level":"info","event":"    result = task(data)","logger":"task.stdout"}
{"timestamp":"2026-01-01T00:11:02.728203Z","level":"info","event":"             │    └ {}","logger":"task.stdout"}
{"timestamp":"2026-01-01T00:11:02.728241Z","level":"info","event":"             └ <Task 'process_flow_year_chunk-af48a6eb-ae0b-42dd-b1c2-b13efdc04e6e' process_flow_year_chunk(...)>","logger":"task.stdout"}
{"timestamp":"2026-01-01T00:11:02.728287Z","level":"info","event":"  File \"/home/airflow/.local/lib/python3.12/site-packages/dask/_task_spec.py\", line 759, in __call__","logger":"task.stdout"}
{"timestamp":"2026-01-01T00:11:02.728325Z","level":"info","event":"    return self.func(*new_argspec)","logger":"task.stdout"}
{"timestamp":"2026-01-01T00:11:02.728365Z","level":"info","event":"           │    │     └ ('IMTS', 'IMF.STA,IMTS,latest', [1948, 1949, 1950, 1951, 1952], IMFConfig(key='all', sub_key='all', base_url='https://api.imf...","logger":"task.stdout"}
{"timestamp":"2026-01-01T00:11:02.728404Z","level":"info","event":"           │    └ <member 'func' of 'Task' objects>","logger":"task.stdout"}
{"timestamp":"2026-01-01T00:11:02.730266Z","level":"info","event":"           └ <Task 'process_flow_year_chunk-af48a6eb-ae0b-42dd-b1c2-b13efdc04e6e' process_flow_year_chunk(...)>","logger":"task.stdout"}
{"timestamp":"2026-01-01T00:11:02.730330Z","level":"info","event":"","logger":"task.stdout"}
{"timestamp":"2026-01-01T00:11:02.730376Z","level":"info","event":"> File \"/opt/airflow/dags/pipelines/imf/pipeline.py\", line 54, in process_flow_year_chunk","logger":"task.stdout"}
{"timestamp":"2026-01-01T00:11:02.730415Z","level":"info","event":"    if s3_object_exists(s3_cfg.bucket, s3_key, s3_cfg.region):","logger":"task.stdout"}
{"timestamp":"2026-01-01T00:11:02.730454Z","level":"info","event":"       │                │      │       │       │      └ 'eu-west-1'","logger":"task.stdout"}
{"timestamp":"2026-01-01T00:11:02.730494Z","level":"info","event":"       │                │      │       │       └ S3Config(bucket='personal-projectbucket', prefix='imf', region='eu-west-1')","logger":"task.stdout"}
{"timestamp":"2026-01-01T00:11:02.730539Z","level":"info","event":"       │                │      │       └ 'imf/IMTS/year=1952/IMTS_1952.csv'","logger":"task.stdout"}
{"timestamp":"2026-01-01T00:11:02.730627Z","level":"info","event":"       │                │      └ 'personal-projectbucket'","logger":"task.stdout"}
{"timestamp":"2026-01-01T00:11:02.730668Z","level":"info","event":"       │                └ S3Config(bucket='personal-projectbucket', prefix='imf', region='eu-west-1')","logger":"task.stdout"}
{"timestamp":"2026-01-01T00:11:02.730709Z","level":"info","event":"       └ <function s3_object_exists at 0xffff8cfba7a0>","logger":"task.stdout"}
{"timestamp":"2026-01-01T00:11:02.730749Z","level":"info","event":"","logger":"task.stdout"}
{"timestamp":"2026-01-01T00:11:02.730791Z","level":"info","event":"  File \"/opt/airflow/dags/pipelines/common/s3_utils.py\", line 29, in s3_object_exists","logger":"task.stdout"}
{"timestamp":"2026-01-01T00:11:02.730831Z","level":"info","event":"    s3.head_object(Bucket=bucket, Key=key)","logger":"task.stdout"}
{"timestamp":"2026-01-01T00:11:02.730869Z","level":"info","event":"    │  │                  │           └ 'imf/IMTS/year=1952/IMTS_1952.csv'","logger":"task.stdout"}
{"timestamp":"2026-01-01T00:11:02.730911Z","level":"info","event":"    │  │                  └ 'personal-projectbucket'","logger":"task.stdout"}
{"timestamp":"2026-01-01T00:11:02.730957Z","level":"info","event":"    │  └ <function ClientCreator._create_api_method.<locals>._api_call at 0xffff71310680>","logger":"task.stdout"}
{"timestamp":"2026-01-01T00:11:02.730996Z","level":"info","event":"    └ <botocore.client.S3 object at 0xffff717a79e0>","logger":"task.stdout"}
{"timestamp":"2026-01-01T00:11:02.731062Z","level":"info","event":"","logger":"task.stdout"}
{"timestamp":"2026-01-01T00:11:02.731101Z","level":"info","event":"  File \"/home/airflow/.local/lib/python3.12/site-packages/botocore/client.py\", line 602, in _api_call","logger":"task.stdout"}
{"timestamp":"2026-01-01T00:11:02.731139Z","level":"info","event":"    return self._make_api_call(operation_name, kwargs)","logger":"task.stdout"}
{"timestamp":"2026-01-01T00:11:02.731186Z","level":"info","event":"           │    │              │               └ {'Bucket': 'personal-projectbucket', 'Key': 'imf/IMTS/year=1952/IMTS_1952.csv'}","logger":"task.stdout"}
{"timestamp":"2026-01-01T00:11:02.731226Z","level":"info","event":"           │    │              └ 'HeadObject'","logger":"task.stdout"}
{"timestamp":"2026-01-01T00:11:02.731263Z","level":"info","event":"           │    └ <function BaseClient._make_api_call at 0xffff8cf3b060>","logger":"task.stdout"}
{"timestamp":"2026-01-01T00:11:02.731303Z","level":"info","event":"           └ <botocore.client.S3 object at 0xffff717a79e0>","logger":"task.stdout"}
{"timestamp":"2026-01-01T00:11:02.731339Z","level":"info","event":"  File \"/home/airflow/.local/lib/python3.12/site-packages/botocore/context.py\", line 123, in wrapper","logger":"task.stdout"}
{"timestamp":"2026-01-01T00:11:02.731378Z","level":"info","event":"    return func(*args, **kwargs)","logger":"task.stdout"}
{"timestamp":"2026-01-01T00:11:02.731416Z","level":"info","event":"           │     │       └ {}","logger":"task.stdout"}
{"timestamp":"2026-01-01T00:11:02.731458Z","level":"info","event":"           │     └ (<botocore.client.S3 object at 0xffff717a79e0>, 'HeadObject', {'Bucket': 'personal-projectbucket', 'Key': 'imf/IMTS/year=1952...","logger":"task.stdout"}
{"timestamp":"2026-01-01T00:11:02.731499Z","level":"info","event":"           └ <function BaseClient._make_api_call at 0xffff8cf3afc0>","logger":"task.stdout"}
{"timestamp":"2026-01-01T00:11:02.731543Z","level":"info","event":"  File \"/home/airflow/.local/lib/python3.12/site-packages/botocore/client.py\", line 1078, in _make_api_call","logger":"task.stdout"}
{"timestamp":"2026-01-01T00:11:02.731582Z","level":"info","event":"    raise error_class(parsed_response, operation_name)","logger":"task.stdout"}
{"timestamp":"2026-01-01T00:11:02.731625Z","level":"info","event":"          │           │                └ 'HeadObject'","logger":"task.stdout"}
{"timestamp":"2026-01-01T00:11:02.731668Z","level":"info","event":"          │           └ {'Error': {'Code': '403', 'Message': 'Forbidden'}, 'ResponseMetadata': {'RequestId': 'D3W5F8SDHPS1GKCC', 'HostId': '5VpGzXA9e...","logger":"task.stdout"}
{"timestamp":"2026-01-01T00:11:02.731707Z","level":"info","event":"          └ <class 'botocore.exceptions.ClientError'>","logger":"task.stdout"}
{"timestamp":"2026-01-01T00:11:02.731753Z","level":"info","event":"","logger":"task.stdout"}
{"timestamp":"2026-01-01T00:11:02.731794Z","level":"info","event":"botocore.exceptions.ClientError: An error occurred (403) when calling the HeadObject operation: Forbidden","logger":"task.stdout"}
{"timestamp":"2026-01-01T00:11:02.874235Z","level":"info","event":"2026-01-01 00:11:02 | ERROR | S3 head_object failed | flow=CPI year=1958 key=imf/CPI/year=1958/CPI_1958.csv","logger":"task.stdout"}
{"timestamp":"2026-01-01T00:11:02.874395Z","level":"info","event":"Traceback (most recent call last):","logger":"task.stdout"}
{"timestamp":"2026-01-01T00:11:02.874447Z","level":"info","event":"","logger":"task.stdout"}
{"timestamp":"2026-01-01T00:11:02.874493Z","level":"info","event":"  File \"/usr/python/lib/python3.12/threading.py\", line 1032, in _bootstrap","logger":"task.stdout"}
{"timestamp":"2026-01-01T00:11:02.874536Z","level":"info","event":"    self._bootstrap_inner()","logger":"task.stdout"}
{"timestamp":"2026-01-01T00:11:02.874578Z","level":"info","event":"    │    └ <function Thread._bootstrap_inner at 0xffff99068f40>","logger":"task.stdout"}
{"timestamp":"2026-01-01T00:11:02.874622Z","level":"info","event":"    └ <Thread(ThreadPoolExecutor-1_0, started 281472806220128)>","logger":"task.stdout"}
{"timestamp":"2026-01-01T00:11:02.874691Z","level":"info","event":"  File \"/usr/python/lib/python3.12/threading.py\", line 1075, in _bootstrap_inner","logger":"task.stdout"}
{"timestamp":"2026-01-01T00:11:02.874735Z","level":"info","event":"    self.run()","logger":"task.stdout"}
{"timestamp":"2026-01-01T00:11:02.874777Z","level":"info","event":"    │    └ <function Thread.run at 0xffff99068c20>","logger":"task.stdout"}
{"timestamp":"2026-01-01T00:11:02.874824Z","level":"info","event":"    └ <Thread(ThreadPoolExecutor-1_0, started 281472806220128)>","logger":"task.stdout"}
{"timestamp":"2026-01-01T00:11:02.874871Z","level":"info","event":"  File \"/usr/python/lib/python3.12/threading.py\", line 1012, in run","logger":"task.stdout"}
{"timestamp":"2026-01-01T00:11:02.874916Z","level":"info","event":"    self._target(*self._args, **self._kwargs)","logger":"task.stdout"}
{"timestamp":"2026-01-01T00:11:02.874958Z","level":"info","event":"    │    │        │    │        │    └ {}","logger":"task.stdout"}
{"timestamp":"2026-01-01T00:11:02.874999Z","level":"info","event":"    │    │        │    │        └ <Thread(ThreadPoolExecutor-1_0, started 281472806220128)>","logger":"task.stdout"}
{"timestamp":"2026-01-01T00:11:02.875040Z","level":"info","event":"    │    │        │    └ (<weakref at 0xffff90350ef0; to 'ThreadPoolExecutor' at 0xffff86d3eb70>, <_queue.SimpleQueue object at 0xffff712e3b00>, None,...","logger":"task.stdout"}
{"timestamp":"2026-01-01T00:11:02.875080Z","level":"info","event":"    │    │        └ <Thread(ThreadPoolExecutor-1_0, started 281472806220128)>","logger":"task.stdout"}
{"timestamp":"2026-01-01T00:11:02.875118Z","level":"info","event":"    │    └ <function _worker at 0xffff937a1c60>","logger":"task.stdout"}
{"timestamp":"2026-01-01T00:11:02.875161Z","level":"info","event":"    └ <Thread(ThreadPoolExecutor-1_0, started 281472806220128)>","logger":"task.stdout"}
{"timestamp":"2026-01-01T00:11:02.875202Z","level":"info","event":"  File \"/usr/python/lib/python3.12/concurrent/futures/thread.py\", line 93, in _worker","logger":"task.stdout"}
{"timestamp":"2026-01-01T00:11:02.877268Z","level":"info","event":"    work_item.run()","logger":"task.stdout"}
{"timestamp":"2026-01-01T00:11:02.877333Z","level":"info","event":"    │         └ <function _WorkItem.run at 0xffff937a1da0>","logger":"task.stdout"}
{"timestamp":"2026-01-01T00:11:02.877375Z","level":"info","event":"    └ <concurrent.futures.thread._WorkItem object at 0xffff8d4b3470>","logger":"task.stdout"}
{"timestamp":"2026-01-01T00:11:02.877418Z","level":"info","event":"  File \"/usr/python/lib/python3.12/concurrent/futures/thread.py\", line 59, in run","logger":"task.stdout"}
{"timestamp":"2026-01-01T00:11:02.877457Z","level":"info","event":"    result = self.fn(*self.args, **self.kwargs)","logger":"task.stdout"}
{"timestamp":"2026-01-01T00:11:02.877499Z","level":"info","event":"             │    │   │    │       │    └ {}","logger":"task.stdout"}
{"timestamp":"2026-01-01T00:11:02.877541Z","level":"info","event":"             │    │   │    │       └ <concurrent.futures.thread._WorkItem object at 0xffff8d4b3470>","logger":"task.stdout"}
{"timestamp":"2026-01-01T00:11:02.877584Z","level":"info","event":"             │    │   │    └ ([('process_flow_year_chunk-a75896a0-8527-4a27-b3b6-b5b8103619ac', (<Task 'process_flow_year_chunk-a75896a0-8527-4a27-b3b6-b5...","logger":"task.stdout"}
{"timestamp":"2026-01-01T00:11:02.877630Z","level":"info","event":"             │    │   └ <concurrent.futures.thread._WorkItem object at 0xffff8d4b3470>","logger":"task.stdout"}
{"timestamp":"2026-01-01T00:11:02.881259Z","level":"info","event":"             │    └ <function batch_execute_tasks at 0xffff8d561d00>","logger":"task.stdout"}
{"timestamp":"2026-01-01T00:11:02.881309Z","level":"info","event":"             └ <concurrent.futures.thread._WorkItem object at 0xffff8d4b3470>","logger":"task.stdout"}
{"timestamp":"2026-01-01T00:11:02.881374Z","level":"info","event":"  File \"/home/airflow/.local/lib/python3.12/site-packages/dask/local.py\", line 270, in batch_execute_tasks","logger":"task.stdout"}
{"timestamp":"2026-01-01T00:11:02.881415Z","level":"info","event":"    return [execute_task(*a) for a in it]","logger":"task.stdout"}
{"timestamp":"2026-01-01T00:11:02.881454Z","level":"info","event":"            │             │      │    └ [('process_flow_year_chunk-a75896a0-8527-4a27-b3b6-b5b8103619ac', (<Task 'process_flow_year_chunk-a75896a0-8527-4a27-b3b6-b5b...","logger":"task.stdout"}
{"timestamp":"2026-01-01T00:11:02.881493Z","level":"info","event":"            │             │      └ ('process_flow_year_chunk-a75896a0-8527-4a27-b3b6-b5b8103619ac', (<Task 'process_flow_year_chunk-a75896a0-8527-4a27-b3b6-b5b8...","logger":"task.stdout"}
{"timestamp":"2026-01-01T00:11:02.881532Z","level":"info","event":"            │             └ ('process_flow_year_chunk-a75896a0-8527-4a27-b3b6-b5b8103619ac', (<Task 'process_flow_year_chunk-a75896a0-8527-4a27-b3b6-b5b8...","logger":"task.stdout"}
{"timestamp":"2026-01-01T00:11:02.881573Z","level":"info","event":"            └ <function execute_task at 0xffff8d561c60>","logger":"task.stdout"}
{"timestamp":"2026-01-01T00:11:02.881611Z","level":"info","event":"  File \"/home/airflow/.local/lib/python3.12/site-packages/dask/local.py\", line 256, in execute_task","logger":"task.stdout"}
{"timestamp":"2026-01-01T00:11:02.881651Z","level":"info","event":"    result = task(data)","logger":"task.stdout"}
{"timestamp":"2026-01-01T00:11:02.881689Z","level":"info","event":"             │    └ {}","logger":"task.stdout"}
{"timestamp":"2026-01-01T00:11:02.881730Z","level":"info","event":"             └ <Task 'process_flow_year_chunk-a75896a0-8527-4a27-b3b6-b5b8103619ac' process_flow_year_chunk(...)>","logger":"task.stdout"}
{"timestamp":"2026-01-01T00:11:02.881772Z","level":"info","event":"  File \"/home/airflow/.local/lib/python3.12/site-packages/dask/_task_spec.py\", line 759, in __call__","logger":"task.stdout"}
{"timestamp":"2026-01-01T00:11:02.881812Z","level":"info","event":"    return self.func(*new_argspec)","logger":"task.stdout"}
{"timestamp":"2026-01-01T00:11:02.881852Z","level":"info","event":"           │    │     └ ('CPI', 'IMF.STA,CPI,latest', [1958, 1959, 1960, 1961, 1962], IMFConfig(key='all', sub_key='all', base_url='https://api.imf.o...","logger":"task.stdout"}
{"timestamp":"2026-01-01T00:11:02.881893Z","level":"info","event":"           │    └ <member 'func' of 'Task' objects>","logger":"task.stdout"}
{"timestamp":"2026-01-01T00:11:02.881931Z","level":"info","event":"           └ <Task 'process_flow_year_chunk-a75896a0-8527-4a27-b3b6-b5b8103619ac' process_flow_year_chunk(...)>","logger":"task.stdout"}
{"timestamp":"2026-01-01T00:11:02.881971Z","level":"info","event":"","logger":"task.stdout"}
{"timestamp":"2026-01-01T00:11:02.882011Z","level":"info","event":"> File \"/opt/airflow/dags/pipelines/imf/pipeline.py\", line 54, in process_flow_year_chunk","logger":"task.stdout"}
{"timestamp":"2026-01-01T00:11:02.882050Z","level":"info","event":"    if s3_object_exists(s3_cfg.bucket, s3_key, s3_cfg.region):","logger":"task.stdout"}
{"timestamp":"2026-01-01T00:11:02.882090Z","level":"info","event":"       │                │      │       │       │      └ 'eu-west-1'","logger":"task.stdout"}
{"timestamp":"2026-01-01T00:11:02.882132Z","level":"info","event":"       │                │      │       │       └ S3Config(bucket='personal-projectbucket', prefix='imf', region='eu-west-1')","logger":"task.stdout"}
{"timestamp":"2026-01-01T00:11:02.882171Z","level":"info","event":"       │                │      │       └ 'imf/CPI/year=1958/CPI_1958.csv'","logger":"task.stdout"}
{"timestamp":"2026-01-01T00:11:02.882264Z","level":"info","event":"       │                │      └ 'personal-projectbucket'","logger":"task.stdout"}
{"timestamp":"2026-01-01T00:11:02.882308Z","level":"info","event":"       │                └ S3Config(bucket='personal-projectbucket', prefix='imf', region='eu-west-1')","logger":"task.stdout"}
{"timestamp":"2026-01-01T00:11:02.882377Z","level":"info","event":"       └ <function s3_object_exists at 0xffff8cfba7a0>","logger":"task.stdout"}
{"timestamp":"2026-01-01T00:11:02.882417Z","level":"info","event":"","logger":"task.stdout"}
{"timestamp":"2026-01-01T00:11:02.882455Z","level":"info","event":"  File \"/opt/airflow/dags/pipelines/common/s3_utils.py\", line 29, in s3_object_exists","logger":"task.stdout"}
{"timestamp":"2026-01-01T00:11:02.882495Z","level":"info","event":"    s3.head_object(Bucket=bucket, Key=key)","logger":"task.stdout"}
{"timestamp":"2026-01-01T00:11:02.882532Z","level":"info","event":"    │  │                  │           └ 'imf/CPI/year=1958/CPI_1958.csv'","logger":"task.stdout"}
{"timestamp":"2026-01-01T00:11:02.882571Z","level":"info","event":"    │  │                  └ 'personal-projectbucket'","logger":"task.stdout"}
{"timestamp":"2026-01-01T00:11:02.882610Z","level":"info","event":"    │  └ <function ClientCreator._create_api_method.<locals>._api_call at 0xffff71310680>","logger":"task.stdout"}
{"timestamp":"2026-01-01T00:11:02.882648Z","level":"info","event":"    └ <botocore.client.S3 object at 0xffff717a79e0>","logger":"task.stdout"}
{"timestamp":"2026-01-01T00:11:02.882685Z","level":"info","event":"","logger":"task.stdout"}
{"timestamp":"2026-01-01T00:11:02.882724Z","level":"info","event":"  File \"/home/airflow/.local/lib/python3.12/site-packages/botocore/client.py\", line 602, in _api_call","logger":"task.stdout"}
{"timestamp":"2026-01-01T00:11:02.882763Z","level":"info","event":"    return self._make_api_call(operation_name, kwargs)","logger":"task.stdout"}
{"timestamp":"2026-01-01T00:11:02.882800Z","level":"info","event":"           │    │              │               └ {'Bucket': 'personal-projectbucket', 'Key': 'imf/CPI/year=1958/CPI_1958.csv'}","logger":"task.stdout"}
{"timestamp":"2026-01-01T00:11:02.882838Z","level":"info","event":"           │    │              └ 'HeadObject'","logger":"task.stdout"}
{"timestamp":"2026-01-01T00:11:02.882877Z","level":"info","event":"           │    └ <function BaseClient._make_api_call at 0xffff8cf3b060>","logger":"task.stdout"}
{"timestamp":"2026-01-01T00:11:02.882914Z","level":"info","event":"           └ <botocore.client.S3 object at 0xffff717a79e0>","logger":"task.stdout"}
{"timestamp":"2026-01-01T00:11:02.882953Z","level":"info","event":"  File \"/home/airflow/.local/lib/python3.12/site-packages/botocore/context.py\", line 123, in wrapper","logger":"task.stdout"}
{"timestamp":"2026-01-01T00:11:02.882993Z","level":"info","event":"    return func(*args, **kwargs)","logger":"task.stdout"}
{"timestamp":"2026-01-01T00:11:02.883030Z","level":"info","event":"           │     │       └ {}","logger":"task.stdout"}
{"timestamp":"2026-01-01T00:11:02.883072Z","level":"info","event":"           │     └ (<botocore.client.S3 object at 0xffff717a79e0>, 'HeadObject', {'Bucket': 'personal-projectbucket', 'Key': 'imf/CPI/year=1958/...","logger":"task.stdout"}
{"timestamp":"2026-01-01T00:11:02.883111Z","level":"info","event":"           └ <function BaseClient._make_api_call at 0xffff8cf3afc0>","logger":"task.stdout"}
{"timestamp":"2026-01-01T00:11:02.883152Z","level":"info","event":"  File \"/home/airflow/.local/lib/python3.12/site-packages/botocore/client.py\", line 1078, in _make_api_call","logger":"task.stdout"}
{"timestamp":"2026-01-01T00:11:02.883194Z","level":"info","event":"    raise error_class(parsed_response, operation_name)","logger":"task.stdout"}
{"timestamp":"2026-01-01T00:11:02.883233Z","level":"info","event":"          │           │                └ 'HeadObject'","logger":"task.stdout"}
{"timestamp":"2026-01-01T00:11:02.883277Z","level":"info","event":"          │           └ {'Error': {'Code': '403', 'Message': 'Forbidden'}, 'ResponseMetadata': {'RequestId': 'D3W1N6FE5SPRGXQH', 'HostId': '2oZQ5dLIc...","logger":"task.stdout"}
{"timestamp":"2026-01-01T00:11:02.883321Z","level":"info","event":"          └ <class 'botocore.exceptions.ClientError'>","logger":"task.stdout"}
{"timestamp":"2026-01-01T00:11:02.883407Z","level":"info","event":"","logger":"task.stdout"}
{"timestamp":"2026-01-01T00:11:02.883451Z","level":"info","event":"botocore.exceptions.ClientError: An error occurred (403) when calling the HeadObject operation: Forbidden","logger":"task.stdout"}
{"timestamp":"2026-01-01T00:11:03.022576Z","level":"info","event":"2026-01-01 00:11:03 | ERROR | S3 head_object failed | flow=CPI year=1959 key=imf/CPI/year=1959/CPI_1959.csv","logger":"task.stdout"}
{"timestamp":"2026-01-01T00:11:03.022718Z","level":"info","event":"Traceback (most recent call last):","logger":"task.stdout"}
{"timestamp":"2026-01-01T00:11:03.022769Z","level":"info","event":"","logger":"task.stdout"}
{"timestamp":"2026-01-01T00:11:03.022813Z","level":"info","event":"  File \"/usr/python/lib/python3.12/threading.py\", line 1032, in _bootstrap","logger":"task.stdout"}
{"timestamp":"2026-01-01T00:11:03.022855Z","level":"info","event":"    self._bootstrap_inner()","logger":"task.stdout"}
{"timestamp":"2026-01-01T00:11:03.022895Z","level":"info","event":"    │    └ <function Thread._bootstrap_inner at 0xffff99068f40>","logger":"task.stdout"}
{"timestamp":"2026-01-01T00:11:03.022935Z","level":"info","event":"    └ <Thread(ThreadPoolExecutor-1_0, started 281472806220128)>","logger":"task.stdout"}
{"timestamp":"2026-01-01T00:11:03.022975Z","level":"info","event":"  File \"/usr/python/lib/python3.12/threading.py\", line 1075, in _bootstrap_inner","logger":"task.stdout"}
{"timestamp":"2026-01-01T00:11:03.023016Z","level":"info","event":"    self.run()","logger":"task.stdout"}
{"timestamp":"2026-01-01T00:11:03.023056Z","level":"info","event":"    │    └ <function Thread.run at 0xffff99068c20>","logger":"task.stdout"}
{"timestamp":"2026-01-01T00:11:03.023096Z","level":"info","event":"    └ <Thread(ThreadPoolExecutor-1_0, started 281472806220128)>","logger":"task.stdout"}
{"timestamp":"2026-01-01T00:11:03.023135Z","level":"info","event":"  File \"/usr/python/lib/python3.12/threading.py\", line 1012, in run","logger":"task.stdout"}
{"timestamp":"2026-01-01T00:11:03.023173Z","level":"info","event":"    self._target(*self._args, **self._kwargs)","logger":"task.stdout"}
{"timestamp":"2026-01-01T00:11:03.023212Z","level":"info","event":"    │    │        │    │        │    └ {}","logger":"task.stdout"}
{"timestamp":"2026-01-01T00:11:03.023265Z","level":"info","event":"    │    │        │    │        └ <Thread(ThreadPoolExecutor-1_0, started 281472806220128)>","logger":"task.stdout"}
{"timestamp":"2026-01-01T00:11:03.023307Z","level":"info","event":"    │    │        │    └ (<weakref at 0xffff90350ef0; to 'ThreadPoolExecutor' at 0xffff86d3eb70>, <_queue.SimpleQueue object at 0xffff712e3b00>, None,...","logger":"task.stdout"}
{"timestamp":"2026-01-01T00:11:03.023349Z","level":"info","event":"    │    │        └ <Thread(ThreadPoolExecutor-1_0, started 281472806220128)>","logger":"task.stdout"}
{"timestamp":"2026-01-01T00:11:03.023390Z","level":"info","event":"    │    └ <function _worker at 0xffff937a1c60>","logger":"task.stdout"}
{"timestamp":"2026-01-01T00:11:03.023430Z","level":"info","event":"    └ <Thread(ThreadPoolExecutor-1_0, started 281472806220128)>","logger":"task.stdout"}
{"timestamp":"2026-01-01T00:11:03.023469Z","level":"info","event":"  File \"/usr/python/lib/python3.12/concurrent/futures/thread.py\", line 93, in _worker","logger":"task.stdout"}
{"timestamp":"2026-01-01T00:11:03.023507Z","level":"info","event":"    work_item.run()","logger":"task.stdout"}
{"timestamp":"2026-01-01T00:11:03.023545Z","level":"info","event":"    │         └ <function _WorkItem.run at 0xffff937a1da0>","logger":"task.stdout"}
{"timestamp":"2026-01-01T00:11:03.023584Z","level":"info","event":"    └ <concurrent.futures.thread._WorkItem object at 0xffff8d4b3470>","logger":"task.stdout"}
{"timestamp":"2026-01-01T00:11:03.023623Z","level":"info","event":"  File \"/usr/python/lib/python3.12/concurrent/futures/thread.py\", line 59, in run","logger":"task.stdout"}
{"timestamp":"2026-01-01T00:11:03.023686Z","level":"info","event":"    result = self.fn(*self.args, **self.kwargs)","logger":"task.stdout"}
{"timestamp":"2026-01-01T00:11:03.023725Z","level":"info","event":"             │    │   │    │       │    └ {}","logger":"task.stdout"}
{"timestamp":"2026-01-01T00:11:03.023763Z","level":"info","event":"             │    │   │    │       └ <concurrent.futures.thread._WorkItem object at 0xffff8d4b3470>","logger":"task.stdout"}
{"timestamp":"2026-01-01T00:11:03.023801Z","level":"info","event":"             │    │   │    └ ([('process_flow_year_chunk-a75896a0-8527-4a27-b3b6-b5b8103619ac', (<Task 'process_flow_year_chunk-a75896a0-8527-4a27-b3b6-b5...","logger":"task.stdout"}
{"timestamp":"2026-01-01T00:11:03.023839Z","level":"info","event":"             │    │   └ <concurrent.futures.thread._WorkItem object at 0xffff8d4b3470>","logger":"task.stdout"}
{"timestamp":"2026-01-01T00:11:03.023877Z","level":"info","event":"             │    └ <function batch_execute_tasks at 0xffff8d561d00>","logger":"task.stdout"}
{"timestamp":"2026-01-01T00:11:03.023916Z","level":"info","event":"             └ <concurrent.futures.thread._WorkItem object at 0xffff8d4b3470>","logger":"task.stdout"}
{"timestamp":"2026-01-01T00:11:03.023955Z","level":"info","event":"  File \"/home/airflow/.local/lib/python3.12/site-packages/dask/local.py\", line 270, in batch_execute_tasks","logger":"task.stdout"}
{"timestamp":"2026-01-01T00:11:03.023994Z","level":"info","event":"    return [execute_task(*a) for a in it]","logger":"task.stdout"}
{"timestamp":"2026-01-01T00:11:03.024032Z","level":"info","event":"            │             │      │    └ [('process_flow_year_chunk-a75896a0-8527-4a27-b3b6-b5b8103619ac', (<Task 'process_flow_year_chunk-a75896a0-8527-4a27-b3b6-b5b...","logger":"task.stdout"}
{"timestamp":"2026-01-01T00:11:03.024070Z","level":"info","event":"            │             │      └ ('process_flow_year_chunk-a75896a0-8527-4a27-b3b6-b5b8103619ac', (<Task 'process_flow_year_chunk-a75896a0-8527-4a27-b3b6-b5b8...","logger":"task.stdout"}
{"timestamp":"2026-01-01T00:11:03.024109Z","level":"info","event":"            │             └ ('process_flow_year_chunk-a75896a0-8527-4a27-b3b6-b5b8103619ac', (<Task 'process_flow_year_chunk-a75896a0-8527-4a27-b3b6-b5b8...","logger":"task.stdout"}
{"timestamp":"2026-01-01T00:11:03.024148Z","level":"info","event":"            └ <function execute_task at 0xffff8d561c60>","logger":"task.stdout"}
{"timestamp":"2026-01-01T00:11:03.024186Z","level":"info","event":"  File \"/home/airflow/.local/lib/python3.12/site-packages/dask/local.py\", line 256, in execute_task","logger":"task.stdout"}
{"timestamp":"2026-01-01T00:11:03.024225Z","level":"info","event":"    result = task(data)","logger":"task.stdout"}
{"timestamp":"2026-01-01T00:11:03.024261Z","level":"info","event":"             │    └ {}","logger":"task.stdout"}
{"timestamp":"2026-01-01T00:11:03.024298Z","level":"info","event":"             └ <Task 'process_flow_year_chunk-a75896a0-8527-4a27-b3b6-b5b8103619ac' process_flow_year_chunk(...)>","logger":"task.stdout"}
{"timestamp":"2026-01-01T00:11:03.024336Z","level":"info","event":"  File \"/home/airflow/.local/lib/python3.12/site-packages/dask/_task_spec.py\", line 759, in __call__","logger":"task.stdout"}
{"timestamp":"2026-01-01T00:11:03.024374Z","level":"info","event":"    return self.func(*new_argspec)","logger":"task.stdout"}
{"timestamp":"2026-01-01T00:11:03.024412Z","level":"info","event":"           │    │     └ ('CPI', 'IMF.STA,CPI,latest', [1958, 1959, 1960, 1961, 1962], IMFConfig(key='all', sub_key='all', base_url='https://api.imf.o...","logger":"task.stdout"}
{"timestamp":"2026-01-01T00:11:03.024450Z","level":"info","event":"           │    └ <member 'func' of 'Task' objects>","logger":"task.stdout"}
{"timestamp":"2026-01-01T00:11:03.024487Z","level":"info","event":"           └ <Task 'process_flow_year_chunk-a75896a0-8527-4a27-b3b6-b5b8103619ac' process_flow_year_chunk(...)>","logger":"task.stdout"}
{"timestamp":"2026-01-01T00:11:03.024549Z","level":"info","event":"","logger":"task.stdout"}
{"timestamp":"2026-01-01T00:11:03.024588Z","level":"info","event":"> File \"/opt/airflow/dags/pipelines/imf/pipeline.py\", line 54, in process_flow_year_chunk","logger":"task.stdout"}
{"timestamp":"2026-01-01T00:11:03.024627Z","level":"info","event":"    if s3_object_exists(s3_cfg.bucket, s3_key, s3_cfg.region):","logger":"task.stdout"}
{"timestamp":"2026-01-01T00:11:03.024665Z","level":"info","event":"       │                │      │       │       │      └ 'eu-west-1'","logger":"task.stdout"}
{"timestamp":"2026-01-01T00:11:03.024705Z","level":"info","event":"       │                │      │       │       └ S3Config(bucket='personal-projectbucket', prefix='imf', region='eu-west-1')","logger":"task.stdout"}
{"timestamp":"2026-01-01T00:11:03.024745Z","level":"info","event":"       │                │      │       └ 'imf/CPI/year=1959/CPI_1959.csv'","logger":"task.stdout"}
{"timestamp":"2026-01-01T00:11:03.024820Z","level":"info","event":"       │                │      └ 'personal-projectbucket'","logger":"task.stdout"}
{"timestamp":"2026-01-01T00:11:03.024862Z","level":"info","event":"       │                └ S3Config(bucket='personal-projectbucket', prefix='imf', region='eu-west-1')","logger":"task.stdout"}
{"timestamp":"2026-01-01T00:11:03.024901Z","level":"info","event":"       └ <function s3_object_exists at 0xffff8cfba7a0>","logger":"task.stdout"}
{"timestamp":"2026-01-01T00:11:03.024940Z","level":"info","event":"","logger":"task.stdout"}
{"timestamp":"2026-01-01T00:11:03.024979Z","level":"info","event":"  File \"/opt/airflow/dags/pipelines/common/s3_utils.py\", line 29, in s3_object_exists","logger":"task.stdout"}
{"timestamp":"2026-01-01T00:11:03.025018Z","level":"info","event":"    s3.head_object(Bucket=bucket, Key=key)","logger":"task.stdout"}
{"timestamp":"2026-01-01T00:11:03.025057Z","level":"info","event":"    │  │                  │           └ 'imf/CPI/year=1959/CPI_1959.csv'","logger":"task.stdout"}
{"timestamp":"2026-01-01T00:11:03.025097Z","level":"info","event":"    │  │                  └ 'personal-projectbucket'","logger":"task.stdout"}
{"timestamp":"2026-01-01T00:11:03.025136Z","level":"info","event":"    │  └ <function ClientCreator._create_api_method.<locals>._api_call at 0xffff71310680>","logger":"task.stdout"}
{"timestamp":"2026-01-01T00:11:03.025175Z","level":"info","event":"    └ <botocore.client.S3 object at 0xffff717a79e0>","logger":"task.stdout"}
{"timestamp":"2026-01-01T00:11:03.025213Z","level":"info","event":"","logger":"task.stdout"}
{"timestamp":"2026-01-01T00:11:03.025260Z","level":"info","event":"  File \"/home/airflow/.local/lib/python3.12/site-packages/botocore/client.py\", line 602, in _api_call","logger":"task.stdout"}
{"timestamp":"2026-01-01T00:11:03.025299Z","level":"info","event":"    return self._make_api_call(operation_name, kwargs)","logger":"task.stdout"}
{"timestamp":"2026-01-01T00:11:03.025337Z","level":"info","event":"           │    │              │               └ {'Bucket': 'personal-projectbucket', 'Key': 'imf/CPI/year=1959/CPI_1959.csv'}","logger":"task.stdout"}
{"timestamp":"2026-01-01T00:11:03.025376Z","level":"info","event":"           │    │              └ 'HeadObject'","logger":"task.stdout"}
{"timestamp":"2026-01-01T00:11:03.025415Z","level":"info","event":"           │    └ <function BaseClient._make_api_call at 0xffff8cf3b060>","logger":"task.stdout"}
{"timestamp":"2026-01-01T00:11:03.025455Z","level":"info","event":"           └ <botocore.client.S3 object at 0xffff717a79e0>","logger":"task.stdout"}
{"timestamp":"2026-01-01T00:11:03.025493Z","level":"info","event":"  File \"/home/airflow/.local/lib/python3.12/site-packages/botocore/context.py\", line 123, in wrapper","logger":"task.stdout"}
{"timestamp":"2026-01-01T00:11:03.025532Z","level":"info","event":"    return func(*args, **kwargs)","logger":"task.stdout"}
{"timestamp":"2026-01-01T00:11:03.025595Z","level":"info","event":"           │     │       └ {}","logger":"task.stdout"}
{"timestamp":"2026-01-01T00:11:03.025635Z","level":"info","event":"           │     └ (<botocore.client.S3 object at 0xffff717a79e0>, 'HeadObject', {'Bucket': 'personal-projectbucket', 'Key': 'imf/CPI/year=1959/...","logger":"task.stdout"}
{"timestamp":"2026-01-01T00:11:03.025676Z","level":"info","event":"           └ <function BaseClient._make_api_call at 0xffff8cf3afc0>","logger":"task.stdout"}
{"timestamp":"2026-01-01T00:11:03.025722Z","level":"info","event":"  File \"/home/airflow/.local/lib/python3.12/site-packages/botocore/client.py\", line 1078, in _make_api_call","logger":"task.stdout"}
{"timestamp":"2026-01-01T00:11:03.025767Z","level":"info","event":"    raise error_class(parsed_response, operation_name)","logger":"task.stdout"}
{"timestamp":"2026-01-01T00:11:03.025807Z","level":"info","event":"          │           │                └ 'HeadObject'","logger":"task.stdout"}
{"timestamp":"2026-01-01T00:11:03.025846Z","level":"info","event":"          │           └ {'Error': {'Code': '403', 'Message': 'Forbidden'}, 'ResponseMetadata': {'RequestId': 'D3WDDG7NJSD0JPR2', 'HostId': '1JzSwG7om...","logger":"task.stdout"}
{"timestamp":"2026-01-01T00:11:03.025886Z","level":"info","event":"          └ <class 'botocore.exceptions.ClientError'>","logger":"task.stdout"}
{"timestamp":"2026-01-01T00:11:03.025933Z","level":"info","event":"","logger":"task.stdout"}
{"timestamp":"2026-01-01T00:11:03.025977Z","level":"info","event":"botocore.exceptions.ClientError: An error occurred (403) when calling the HeadObject operation: Forbidden","logger":"task.stdout"}
{"timestamp":"2026-01-01T00:11:03.165879Z","level":"info","event":"2026-01-01 00:11:03 | ERROR | S3 head_object failed | flow=CPI year=1960 key=imf/CPI/year=1960/CPI_1960.csv","logger":"task.stdout"}
{"timestamp":"2026-01-01T00:11:03.166019Z","level":"info","event":"Traceback (most recent call last):","logger":"task.stdout"}
{"timestamp":"2026-01-01T00:11:03.166066Z","level":"info","event":"","logger":"task.stdout"}
{"timestamp":"2026-01-01T00:11:03.166107Z","level":"info","event":"  File \"/usr/python/lib/python3.12/threading.py\", line 1032, in _bootstrap","logger":"task.stdout"}
{"timestamp":"2026-01-01T00:11:03.166150Z","level":"info","event":"    self._bootstrap_inner()","logger":"task.stdout"}
{"timestamp":"2026-01-01T00:11:03.166189Z","level":"info","event":"    │    └ <function Thread._bootstrap_inner at 0xffff99068f40>","logger":"task.stdout"}
{"timestamp":"2026-01-01T00:11:03.166232Z","level":"info","event":"    └ <Thread(ThreadPoolExecutor-1_0, started 281472806220128)>","logger":"task.stdout"}
{"timestamp":"2026-01-01T00:11:03.167294Z","level":"info","event":"  File \"/usr/python/lib/python3.12/threading.py\", line 1075, in _bootstrap_inner","logger":"task.stdout"}
{"timestamp":"2026-01-01T00:11:03.169265Z","level":"info","event":"    self.run()","logger":"task.stdout"}
{"timestamp":"2026-01-01T00:11:03.169327Z","level":"info","event":"    │    └ <function Thread.run at 0xffff99068c20>","logger":"task.stdout"}
{"timestamp":"2026-01-01T00:11:03.169370Z","level":"info","event":"    └ <Thread(ThreadPoolExecutor-1_0, started 281472806220128)>","logger":"task.stdout"}
{"timestamp":"2026-01-01T00:11:03.169410Z","level":"info","event":"  File \"/usr/python/lib/python3.12/threading.py\", line 1012, in run","logger":"task.stdout"}
{"timestamp":"2026-01-01T00:11:03.169448Z","level":"info","event":"    self._target(*self._args, **self._kwargs)","logger":"task.stdout"}
{"timestamp":"2026-01-01T00:11:03.169489Z","level":"info","event":"    │    │        │    │        │    └ {}","logger":"task.stdout"}
{"timestamp":"2026-01-01T00:11:03.169528Z","level":"info","event":"    │    │        │    │        └ <Thread(ThreadPoolExecutor-1_0, started 281472806220128)>","logger":"task.stdout"}
{"timestamp":"2026-01-01T00:11:03.169567Z","level":"info","event":"    │    │        │    └ (<weakref at 0xffff90350ef0; to 'ThreadPoolExecutor' at 0xffff86d3eb70>, <_queue.SimpleQueue object at 0xffff712e3b00>, None,...","logger":"task.stdout"}
{"timestamp":"2026-01-01T00:11:03.169640Z","level":"info","event":"    │    │        └ <Thread(ThreadPoolExecutor-1_0, started 281472806220128)>","logger":"task.stdout"}
{"timestamp":"2026-01-01T00:11:03.169678Z","level":"info","event":"    │    └ <function _worker at 0xffff937a1c60>","logger":"task.stdout"}
{"timestamp":"2026-01-01T00:11:03.169714Z","level":"info","event":"    └ <Thread(ThreadPoolExecutor-1_0, started 281472806220128)>","logger":"task.stdout"}
{"timestamp":"2026-01-01T00:11:03.169753Z","level":"info","event":"  File \"/usr/python/lib/python3.12/concurrent/futures/thread.py\", line 93, in _worker","logger":"task.stdout"}
{"timestamp":"2026-01-01T00:11:03.169794Z","level":"info","event":"    work_item.run()","logger":"task.stdout"}
{"timestamp":"2026-01-01T00:11:03.169832Z","level":"info","event":"    │         └ <function _WorkItem.run at 0xffff937a1da0>","logger":"task.stdout"}
{"timestamp":"2026-01-01T00:11:03.169870Z","level":"info","event":"    └ <concurrent.futures.thread._WorkItem object at 0xffff8d4b3470>","logger":"task.stdout"}
{"timestamp":"2026-01-01T00:11:03.169906Z","level":"info","event":"  File \"/usr/python/lib/python3.12/concurrent/futures/thread.py\", line 59, in run","logger":"task.stdout"}
{"timestamp":"2026-01-01T00:11:03.169948Z","level":"info","event":"    result = self.fn(*self.args, **self.kwargs)","logger":"task.stdout"}
{"timestamp":"2026-01-01T00:11:03.169985Z","level":"info","event":"             │    │   │    │       │    └ {}","logger":"task.stdout"}
{"timestamp":"2026-01-01T00:11:03.170025Z","level":"info","event":"             │    │   │    │       └ <concurrent.futures.thread._WorkItem object at 0xffff8d4b3470>","logger":"task.stdout"}
{"timestamp":"2026-01-01T00:11:03.170064Z","level":"info","event":"             │    │   │    └ ([('process_flow_year_chunk-a75896a0-8527-4a27-b3b6-b5b8103619ac', (<Task 'process_flow_year_chunk-a75896a0-8527-4a27-b3b6-b5...","logger":"task.stdout"}
{"timestamp":"2026-01-01T00:11:03.170101Z","level":"info","event":"             │    │   └ <concurrent.futures.thread._WorkItem object at 0xffff8d4b3470>","logger":"task.stdout"}
{"timestamp":"2026-01-01T00:11:03.170139Z","level":"info","event":"             │    └ <function batch_execute_tasks at 0xffff8d561d00>","logger":"task.stdout"}
{"timestamp":"2026-01-01T00:11:03.170176Z","level":"info","event":"             └ <concurrent.futures.thread._WorkItem object at 0xffff8d4b3470>","logger":"task.stdout"}
{"timestamp":"2026-01-01T00:11:03.170215Z","level":"info","event":"  File \"/home/airflow/.local/lib/python3.12/site-packages/dask/local.py\", line 270, in batch_execute_tasks","logger":"task.stdout"}
{"timestamp":"2026-01-01T00:11:03.170256Z","level":"info","event":"    return [execute_task(*a) for a in it]","logger":"task.stdout"}
{"timestamp":"2026-01-01T00:11:03.170295Z","level":"info","event":"            │             │      │    └ [('process_flow_year_chunk-a75896a0-8527-4a27-b3b6-b5b8103619ac', (<Task 'process_flow_year_chunk-a75896a0-8527-4a27-b3b6-b5b...","logger":"task.stdout"}
{"timestamp":"2026-01-01T00:11:03.170332Z","level":"info","event":"            │             │      └ ('process_flow_year_chunk-a75896a0-8527-4a27-b3b6-b5b8103619ac', (<Task 'process_flow_year_chunk-a75896a0-8527-4a27-b3b6-b5b8...","logger":"task.stdout"}
{"timestamp":"2026-01-01T00:11:03.170372Z","level":"info","event":"            │             └ ('process_flow_year_chunk-a75896a0-8527-4a27-b3b6-b5b8103619ac', (<Task 'process_flow_year_chunk-a75896a0-8527-4a27-b3b6-b5b8...","logger":"task.stdout"}
{"timestamp":"2026-01-01T00:11:03.170410Z","level":"info","event":"            └ <function execute_task at 0xffff8d561c60>","logger":"task.stdout"}
{"timestamp":"2026-01-01T00:11:03.170447Z","level":"info","event":"  File \"/home/airflow/.local/lib/python3.12/site-packages/dask/local.py\", line 256, in execute_task","logger":"task.stdout"}
{"timestamp":"2026-01-01T00:11:03.170506Z","level":"info","event":"    result = task(data)","logger":"task.stdout"}
{"timestamp":"2026-01-01T00:11:03.170546Z","level":"info","event":"             │    └ {}","logger":"task.stdout"}
{"timestamp":"2026-01-01T00:11:03.170585Z","level":"info","event":"             └ <Task 'process_flow_year_chunk-a75896a0-8527-4a27-b3b6-b5b8103619ac' process_flow_year_chunk(...)>","logger":"task.stdout"}
{"timestamp":"2026-01-01T00:11:03.170629Z","level":"info","event":"  File \"/home/airflow/.local/lib/python3.12/site-packages/dask/_task_spec.py\", line 759, in __call__","logger":"task.stdout"}
{"timestamp":"2026-01-01T00:11:03.170670Z","level":"info","event":"    return self.func(*new_argspec)","logger":"task.stdout"}
{"timestamp":"2026-01-01T00:11:03.170707Z","level":"info","event":"           │    │     └ ('CPI', 'IMF.STA,CPI,latest', [1958, 1959, 1960, 1961, 1962], IMFConfig(key='all', sub_key='all', base_url='https://api.imf.o...","logger":"task.stdout"}
{"timestamp":"2026-01-01T00:11:03.170744Z","level":"info","event":"           │    └ <member 'func' of 'Task' objects>","logger":"task.stdout"}
{"timestamp":"2026-01-01T00:11:03.170780Z","level":"info","event":"           └ <Task 'process_flow_year_chunk-a75896a0-8527-4a27-b3b6-b5b8103619ac' process_flow_year_chunk(...)>","logger":"task.stdout"}
{"timestamp":"2026-01-01T00:11:03.170820Z","level":"info","event":"","logger":"task.stdout"}
{"timestamp":"2026-01-01T00:11:03.170859Z","level":"info","event":"> File \"/opt/airflow/dags/pipelines/imf/pipeline.py\", line 54, in process_flow_year_chunk","logger":"task.stdout"}
{"timestamp":"2026-01-01T00:11:03.170896Z","level":"info","event":"    if s3_object_exists(s3_cfg.bucket, s3_key, s3_cfg.region):","logger":"task.stdout"}
{"timestamp":"2026-01-01T00:11:03.170932Z","level":"info","event":"       │                │      │       │       │      └ 'eu-west-1'","logger":"task.stdout"}
{"timestamp":"2026-01-01T00:11:03.170971Z","level":"info","event":"       │                │      │       │       └ S3Config(bucket='personal-projectbucket', prefix='imf', region='eu-west-1')","logger":"task.stdout"}
{"timestamp":"2026-01-01T00:11:03.171010Z","level":"info","event":"       │                │      │       └ 'imf/CPI/year=1960/CPI_1960.csv'","logger":"task.stdout"}
{"timestamp":"2026-01-01T00:11:03.171087Z","level":"info","event":"       │                │      └ 'personal-projectbucket'","logger":"task.stdout"}
{"timestamp":"2026-01-01T00:11:03.171124Z","level":"info","event":"       │                └ S3Config(bucket='personal-projectbucket', prefix='imf', region='eu-west-1')","logger":"task.stdout"}
{"timestamp":"2026-01-01T00:11:03.171165Z","level":"info","event":"       └ <function s3_object_exists at 0xffff8cfba7a0>","logger":"task.stdout"}
{"timestamp":"2026-01-01T00:11:03.171201Z","level":"info","event":"","logger":"task.stdout"}
{"timestamp":"2026-01-01T00:11:03.171237Z","level":"info","event":"  File \"/opt/airflow/dags/pipelines/common/s3_utils.py\", line 29, in s3_object_exists","logger":"task.stdout"}
{"timestamp":"2026-01-01T00:11:03.171282Z","level":"info","event":"    s3.head_object(Bucket=bucket, Key=key)","logger":"task.stdout"}
{"timestamp":"2026-01-01T00:11:03.171318Z","level":"info","event":"    │  │                  │           └ 'imf/CPI/year=1960/CPI_1960.csv'","logger":"task.stdout"}
{"timestamp":"2026-01-01T00:11:03.171359Z","level":"info","event":"    │  │                  └ 'personal-projectbucket'","logger":"task.stdout"}
{"timestamp":"2026-01-01T00:11:03.171401Z","level":"info","event":"    │  └ <function ClientCreator._create_api_method.<locals>._api_call at 0xffff71310680>","logger":"task.stdout"}
{"timestamp":"2026-01-01T00:11:03.171439Z","level":"info","event":"    └ <botocore.client.S3 object at 0xffff717a79e0>","logger":"task.stdout"}
{"timestamp":"2026-01-01T00:11:03.171478Z","level":"info","event":"","logger":"task.stdout"}
{"timestamp":"2026-01-01T00:11:03.171517Z","level":"info","event":"  File \"/home/airflow/.local/lib/python3.12/site-packages/botocore/client.py\", line 602, in _api_call","logger":"task.stdout"}
{"timestamp":"2026-01-01T00:11:03.171560Z","level":"info","event":"    return self._make_api_call(operation_name, kwargs)","logger":"task.stdout"}
{"timestamp":"2026-01-01T00:11:03.171595Z","level":"info","event":"           │    │              │               └ {'Bucket': 'personal-projectbucket', 'Key': 'imf/CPI/year=1960/CPI_1960.csv'}","logger":"task.stdout"}
{"timestamp":"2026-01-01T00:11:03.171633Z","level":"info","event":"           │    │              └ 'HeadObject'","logger":"task.stdout"}
{"timestamp":"2026-01-01T00:11:03.171670Z","level":"info","event":"           │    └ <function BaseClient._make_api_call at 0xffff8cf3b060>","logger":"task.stdout"}
{"timestamp":"2026-01-01T00:11:03.171708Z","level":"info","event":"           └ <botocore.client.S3 object at 0xffff717a79e0>","logger":"task.stdout"}
{"timestamp":"2026-01-01T00:11:03.171746Z","level":"info","event":"  File \"/home/airflow/.local/lib/python3.12/site-packages/botocore/context.py\", line 123, in wrapper","logger":"task.stdout"}
{"timestamp":"2026-01-01T00:11:03.171784Z","level":"info","event":"    return func(*args, **kwargs)","logger":"task.stdout"}
{"timestamp":"2026-01-01T00:11:03.171821Z","level":"info","event":"           │     │       └ {}","logger":"task.stdout"}
{"timestamp":"2026-01-01T00:11:03.171858Z","level":"info","event":"           │     └ (<botocore.client.S3 object at 0xffff717a79e0>, 'HeadObject', {'Bucket': 'personal-projectbucket', 'Key': 'imf/CPI/year=1960/...","logger":"task.stdout"}
{"timestamp":"2026-01-01T00:11:03.171899Z","level":"info","event":"           └ <function BaseClient._make_api_call at 0xffff8cf3afc0>","logger":"task.stdout"}
{"timestamp":"2026-01-01T00:11:03.171940Z","level":"info","event":"  File \"/home/airflow/.local/lib/python3.12/site-packages/botocore/client.py\", line 1078, in _make_api_call","logger":"task.stdout"}
{"timestamp":"2026-01-01T00:11:03.171978Z","level":"info","event":"    raise error_class(parsed_response, operation_name)","logger":"task.stdout"}
{"timestamp":"2026-01-01T00:11:03.172014Z","level":"info","event":"          │           │                └ 'HeadObject'","logger":"task.stdout"}
{"timestamp":"2026-01-01T00:11:03.172052Z","level":"info","event":"          │           └ {'Error': {'Code': '403', 'Message': 'Forbidden'}, 'ResponseMetadata': {'RequestId': 'D3W3ZEP8RJDZ72CG', 'HostId': 'KBOqVOSkR...","logger":"task.stdout"}
{"timestamp":"2026-01-01T00:11:03.172089Z","level":"info","event":"          └ <class 'botocore.exceptions.ClientError'>","logger":"task.stdout"}
{"timestamp":"2026-01-01T00:11:03.172126Z","level":"info","event":"","logger":"task.stdout"}
{"timestamp":"2026-01-01T00:11:03.172159Z","level":"info","event":"botocore.exceptions.ClientError: An error occurred (403) when calling the HeadObject operation: Forbidden","logger":"task.stdout"}
{"timestamp":"2026-01-01T00:11:03.304595Z","level":"info","event":"2026-01-01 00:11:03 | ERROR | S3 head_object failed | flow=CPI year=1961 key=imf/CPI/year=1961/CPI_1961.csv","logger":"task.stdout"}
{"timestamp":"2026-01-01T00:11:03.304723Z","level":"info","event":"Traceback (most recent call last):","logger":"task.stdout"}
{"timestamp":"2026-01-01T00:11:03.304769Z","level":"info","event":"","logger":"task.stdout"}
{"timestamp":"2026-01-01T00:11:03.304811Z","level":"info","event":"  File \"/usr/python/lib/python3.12/threading.py\", line 1032, in _bootstrap","logger":"task.stdout"}
{"timestamp":"2026-01-01T00:11:03.307267Z","level":"info","event":"    self._bootstrap_inner()","logger":"task.stdout"}
{"timestamp":"2026-01-01T00:11:03.307335Z","level":"info","event":"    │    └ <function Thread._bootstrap_inner at 0xffff99068f40>","logger":"task.stdout"}
{"timestamp":"2026-01-01T00:11:03.307378Z","level":"info","event":"    └ <Thread(ThreadPoolExecutor-1_0, started 281472806220128)>","logger":"task.stdout"}
{"timestamp":"2026-01-01T00:11:03.307443Z","level":"info","event":"  File \"/usr/python/lib/python3.12/threading.py\", line 1075, in _bootstrap_inner","logger":"task.stdout"}
{"timestamp":"2026-01-01T00:11:03.307481Z","level":"info","event":"    self.run()","logger":"task.stdout"}
{"timestamp":"2026-01-01T00:11:03.307518Z","level":"info","event":"    │    └ <function Thread.run at 0xffff99068c20>","logger":"task.stdout"}
{"timestamp":"2026-01-01T00:11:03.307558Z","level":"info","event":"    └ <Thread(ThreadPoolExecutor-1_0, started 281472806220128)>","logger":"task.stdout"}
{"timestamp":"2026-01-01T00:11:03.307595Z","level":"info","event":"  File \"/usr/python/lib/python3.12/threading.py\", line 1012, in run","logger":"task.stdout"}
{"timestamp":"2026-01-01T00:11:03.307635Z","level":"info","event":"    self._target(*self._args, **self._kwargs)","logger":"task.stdout"}
{"timestamp":"2026-01-01T00:11:03.307671Z","level":"info","event":"    │    │        │    │        │    └ {}","logger":"task.stdout"}
{"timestamp":"2026-01-01T00:11:03.307714Z","level":"info","event":"    │    │        │    │        └ <Thread(ThreadPoolExecutor-1_0, started 281472806220128)>","logger":"task.stdout"}
{"timestamp":"2026-01-01T00:11:03.307758Z","level":"info","event":"    │    │        │    └ (<weakref at 0xffff90350ef0; to 'ThreadPoolExecutor' at 0xffff86d3eb70>, <_queue.SimpleQueue object at 0xffff712e3b00>, None,...","logger":"task.stdout"}
{"timestamp":"2026-01-01T00:11:03.307797Z","level":"info","event":"    │    │        └ <Thread(ThreadPoolExecutor-1_0, started 281472806220128)>","logger":"task.stdout"}
{"timestamp":"2026-01-01T00:11:03.307835Z","level":"info","event":"    │    └ <function _worker at 0xffff937a1c60>","logger":"task.stdout"}
{"timestamp":"2026-01-01T00:11:03.307871Z","level":"info","event":"    └ <Thread(ThreadPoolExecutor-1_0, started 281472806220128)>","logger":"task.stdout"}
{"timestamp":"2026-01-01T00:11:03.307906Z","level":"info","event":"  File \"/usr/python/lib/python3.12/concurrent/futures/thread.py\", line 93, in _worker","logger":"task.stdout"}
{"timestamp":"2026-01-01T00:11:03.307945Z","level":"info","event":"    work_item.run()","logger":"task.stdout"}
{"timestamp":"2026-01-01T00:11:03.307985Z","level":"info","event":"    │         └ <function _WorkItem.run at 0xffff937a1da0>","logger":"task.stdout"}
{"timestamp":"2026-01-01T00:11:03.308027Z","level":"info","event":"    └ <concurrent.futures.thread._WorkItem object at 0xffff8d4b3470>","logger":"task.stdout"}
{"timestamp":"2026-01-01T00:11:03.308064Z","level":"info","event":"  File \"/usr/python/lib/python3.12/concurrent/futures/thread.py\", line 59, in run","logger":"task.stdout"}
{"timestamp":"2026-01-01T00:11:03.308103Z","level":"info","event":"    result = self.fn(*self.args, **self.kwargs)","logger":"task.stdout"}
{"timestamp":"2026-01-01T00:11:03.308142Z","level":"info","event":"             │    │   │    │       │    └ {}","logger":"task.stdout"}
{"timestamp":"2026-01-01T00:11:03.308184Z","level":"info","event":"             │    │   │    │       └ <concurrent.futures.thread._WorkItem object at 0xffff8d4b3470>","logger":"task.stdout"}
{"timestamp":"2026-01-01T00:11:03.308225Z","level":"info","event":"             │    │   │    └ ([('process_flow_year_chunk-a75896a0-8527-4a27-b3b6-b5b8103619ac', (<Task 'process_flow_year_chunk-a75896a0-8527-4a27-b3b6-b5...","logger":"task.stdout"}
{"timestamp":"2026-01-01T00:11:03.308265Z","level":"info","event":"             │    │   └ <concurrent.futures.thread._WorkItem object at 0xffff8d4b3470>","logger":"task.stdout"}
{"timestamp":"2026-01-01T00:11:03.308305Z","level":"info","event":"             │    └ <function batch_execute_tasks at 0xffff8d561d00>","logger":"task.stdout"}
{"timestamp":"2026-01-01T00:11:03.308343Z","level":"info","event":"             └ <concurrent.futures.thread._WorkItem object at 0xffff8d4b3470>","logger":"task.stdout"}
{"timestamp":"2026-01-01T00:11:03.308378Z","level":"info","event":"  File \"/home/airflow/.local/lib/python3.12/site-packages/dask/local.py\", line 270, in batch_execute_tasks","logger":"task.stdout"}
{"timestamp":"2026-01-01T00:11:03.308455Z","level":"info","event":"    return [execute_task(*a) for a in it]","logger":"task.stdout"}
{"timestamp":"2026-01-01T00:11:03.308498Z","level":"info","event":"            │             │      │    └ [('process_flow_year_chunk-a75896a0-8527-4a27-b3b6-b5b8103619ac', (<Task 'process_flow_year_chunk-a75896a0-8527-4a27-b3b6-b5b...","logger":"task.stdout"}
{"timestamp":"2026-01-01T00:11:03.308534Z","level":"info","event":"            │             │      └ ('process_flow_year_chunk-a75896a0-8527-4a27-b3b6-b5b8103619ac', (<Task 'process_flow_year_chunk-a75896a0-8527-4a27-b3b6-b5b8...","logger":"task.stdout"}
{"timestamp":"2026-01-01T00:11:03.308573Z","level":"info","event":"            │             └ ('process_flow_year_chunk-a75896a0-8527-4a27-b3b6-b5b8103619ac', (<Task 'process_flow_year_chunk-a75896a0-8527-4a27-b3b6-b5b8...","logger":"task.stdout"}
{"timestamp":"2026-01-01T00:11:03.308610Z","level":"info","event":"            └ <function execute_task at 0xffff8d561c60>","logger":"task.stdout"}
{"timestamp":"2026-01-01T00:11:03.308647Z","level":"info","event":"  File \"/home/airflow/.local/lib/python3.12/site-packages/dask/local.py\", line 256, in execute_task","logger":"task.stdout"}
{"timestamp":"2026-01-01T00:11:03.308684Z","level":"info","event":"    result = task(data)","logger":"task.stdout"}
{"timestamp":"2026-01-01T00:11:03.308719Z","level":"info","event":"             │    └ {}","logger":"task.stdout"}
{"timestamp":"2026-01-01T00:11:03.308755Z","level":"info","event":"             └ <Task 'process_flow_year_chunk-a75896a0-8527-4a27-b3b6-b5b8103619ac' process_flow_year_chunk(...)>","logger":"task.stdout"}
{"timestamp":"2026-01-01T00:11:03.308795Z","level":"info","event":"  File \"/home/airflow/.local/lib/python3.12/site-packages/dask/_task_spec.py\", line 759, in __call__","logger":"task.stdout"}
{"timestamp":"2026-01-01T00:11:03.308833Z","level":"info","event":"    return self.func(*new_argspec)","logger":"task.stdout"}
{"timestamp":"2026-01-01T00:11:03.308870Z","level":"info","event":"           │    │     └ ('CPI', 'IMF.STA,CPI,latest', [1958, 1959, 1960, 1961, 1962], IMFConfig(key='all', sub_key='all', base_url='https://api.imf.o...","logger":"task.stdout"}
{"timestamp":"2026-01-01T00:11:03.308905Z","level":"info","event":"           │    └ <member 'func' of 'Task' objects>","logger":"task.stdout"}
{"timestamp":"2026-01-01T00:11:03.308944Z","level":"info","event":"           └ <Task 'process_flow_year_chunk-a75896a0-8527-4a27-b3b6-b5b8103619ac' process_flow_year_chunk(...)>","logger":"task.stdout"}
{"timestamp":"2026-01-01T00:11:03.308982Z","level":"info","event":"","logger":"task.stdout"}
{"timestamp":"2026-01-01T00:11:03.309021Z","level":"info","event":"> File \"/opt/airflow/dags/pipelines/imf/pipeline.py\", line 54, in process_flow_year_chunk","logger":"task.stdout"}
{"timestamp":"2026-01-01T00:11:03.309059Z","level":"info","event":"    if s3_object_exists(s3_cfg.bucket, s3_key, s3_cfg.region):","logger":"task.stdout"}
{"timestamp":"2026-01-01T00:11:03.309096Z","level":"info","event":"       │                │      │       │       │      └ 'eu-west-1'","logger":"task.stdout"}
{"timestamp":"2026-01-01T00:11:03.309134Z","level":"info","event":"       │                │      │       │       └ S3Config(bucket='personal-projectbucket', prefix='imf', region='eu-west-1')","logger":"task.stdout"}
{"timestamp":"2026-01-01T00:11:03.309171Z","level":"info","event":"       │                │      │       └ 'imf/CPI/year=1961/CPI_1961.csv'","logger":"task.stdout"}
{"timestamp":"2026-01-01T00:11:03.309242Z","level":"info","event":"       │                │      └ 'personal-projectbucket'","logger":"task.stdout"}
{"timestamp":"2026-01-01T00:11:03.309287Z","level":"info","event":"       │                └ S3Config(bucket='personal-projectbucket', prefix='imf', region='eu-west-1')","logger":"task.stdout"}
{"timestamp":"2026-01-01T00:11:03.309349Z","level":"info","event":"       └ <function s3_object_exists at 0xffff8cfba7a0>","logger":"task.stdout"}
{"timestamp":"2026-01-01T00:11:03.309385Z","level":"info","event":"","logger":"task.stdout"}
{"timestamp":"2026-01-01T00:11:03.309425Z","level":"info","event":"  File \"/opt/airflow/dags/pipelines/common/s3_utils.py\", line 29, in s3_object_exists","logger":"task.stdout"}
{"timestamp":"2026-01-01T00:11:03.309461Z","level":"info","event":"    s3.head_object(Bucket=bucket, Key=key)","logger":"task.stdout"}
{"timestamp":"2026-01-01T00:11:03.309498Z","level":"info","event":"    │  │                  │           └ 'imf/CPI/year=1961/CPI_1961.csv'","logger":"task.stdout"}
{"timestamp":"2026-01-01T00:11:03.309536Z","level":"info","event":"    │  │                  └ 'personal-projectbucket'","logger":"task.stdout"}
{"timestamp":"2026-01-01T00:11:03.309572Z","level":"info","event":"    │  └ <function ClientCreator._create_api_method.<locals>._api_call at 0xffff71310680>","logger":"task.stdout"}
{"timestamp":"2026-01-01T00:11:03.309611Z","level":"info","event":"    └ <botocore.client.S3 object at 0xffff717a79e0>","logger":"task.stdout"}
{"timestamp":"2026-01-01T00:11:03.309651Z","level":"info","event":"","logger":"task.stdout"}
{"timestamp":"2026-01-01T00:11:03.309689Z","level":"info","event":"  File \"/home/airflow/.local/lib/python3.12/site-packages/botocore/client.py\", line 602, in _api_call","logger":"task.stdout"}
{"timestamp":"2026-01-01T00:11:03.309725Z","level":"info","event":"    return self._make_api_call(operation_name, kwargs)","logger":"task.stdout"}
{"timestamp":"2026-01-01T00:11:03.309762Z","level":"info","event":"           │    │              │               └ {'Bucket': 'personal-projectbucket', 'Key': 'imf/CPI/year=1961/CPI_1961.csv'}","logger":"task.stdout"}
{"timestamp":"2026-01-01T00:11:03.309798Z","level":"info","event":"           │    │              └ 'HeadObject'","logger":"task.stdout"}
{"timestamp":"2026-01-01T00:11:03.309835Z","level":"info","event":"           │    └ <function BaseClient._make_api_call at 0xffff8cf3b060>","logger":"task.stdout"}
{"timestamp":"2026-01-01T00:11:03.309873Z","level":"info","event":"           └ <botocore.client.S3 object at 0xffff717a79e0>","logger":"task.stdout"}
{"timestamp":"2026-01-01T00:11:03.309908Z","level":"info","event":"  File \"/home/airflow/.local/lib/python3.12/site-packages/botocore/context.py\", line 123, in wrapper","logger":"task.stdout"}
{"timestamp":"2026-01-01T00:11:03.309943Z","level":"info","event":"    return func(*args, **kwargs)","logger":"task.stdout"}
{"timestamp":"2026-01-01T00:11:03.309980Z","level":"info","event":"           │     │       └ {}","logger":"task.stdout"}
{"timestamp":"2026-01-01T00:11:03.310020Z","level":"info","event":"           │     └ (<botocore.client.S3 object at 0xffff717a79e0>, 'HeadObject', {'Bucket': 'personal-projectbucket', 'Key': 'imf/CPI/year=1961/...","logger":"task.stdout"}
{"timestamp":"2026-01-01T00:11:03.310056Z","level":"info","event":"           └ <function BaseClient._make_api_call at 0xffff8cf3afc0>","logger":"task.stdout"}
{"timestamp":"2026-01-01T00:11:03.310092Z","level":"info","event":"  File \"/home/airflow/.local/lib/python3.12/site-packages/botocore/client.py\", line 1078, in _make_api_call","logger":"task.stdout"}
{"timestamp":"2026-01-01T00:11:03.310130Z","level":"info","event":"    raise error_class(parsed_response, operation_name)","logger":"task.stdout"}
{"timestamp":"2026-01-01T00:11:03.310166Z","level":"info","event":"          │           │                └ 'HeadObject'","logger":"task.stdout"}
{"timestamp":"2026-01-01T00:11:03.310203Z","level":"info","event":"          │           └ {'Error': {'Code': '403', 'Message': 'Forbidden'}, 'ResponseMetadata': {'RequestId': 'D3WFEFZH56ST343S', 'HostId': 'jqSWNOc2M...","logger":"task.stdout"}
{"timestamp":"2026-01-01T00:11:03.310241Z","level":"info","event":"          └ <class 'botocore.exceptions.ClientError'>","logger":"task.stdout"}
{"timestamp":"2026-01-01T00:11:03.310307Z","level":"info","event":"","logger":"task.stdout"}
{"timestamp":"2026-01-01T00:11:03.310341Z","level":"info","event":"botocore.exceptions.ClientError: An error occurred (403) when calling the HeadObject operation: Forbidden","logger":"task.stdout"}
{"timestamp":"2026-01-01T00:11:03.443566Z","level":"info","event":"2026-01-01 00:11:03 | ERROR | S3 head_object failed | flow=CPI year=1962 key=imf/CPI/year=1962/CPI_1962.csv","logger":"task.stdout"}
{"timestamp":"2026-01-01T00:11:03.443707Z","level":"info","event":"Traceback (most recent call last):","logger":"task.stdout"}
{"timestamp":"2026-01-01T00:11:03.443758Z","level":"info","event":"","logger":"task.stdout"}
{"timestamp":"2026-01-01T00:11:03.443801Z","level":"info","event":"  File \"/usr/python/lib/python3.12/threading.py\", line 1032, in _bootstrap","logger":"task.stdout"}
{"timestamp":"2026-01-01T00:11:03.443841Z","level":"info","event":"    self._bootstrap_inner()","logger":"task.stdout"}
{"timestamp":"2026-01-01T00:11:03.443881Z","level":"info","event":"    │    └ <function Thread._bootstrap_inner at 0xffff99068f40>","logger":"task.stdout"}
{"timestamp":"2026-01-01T00:11:03.443922Z","level":"info","event":"    └ <Thread(ThreadPoolExecutor-1_0, started 281472806220128)>","logger":"task.stdout"}
{"timestamp":"2026-01-01T00:11:03.443961Z","level":"info","event":"  File \"/usr/python/lib/python3.12/threading.py\", line 1075, in _bootstrap_inner","logger":"task.stdout"}
{"timestamp":"2026-01-01T00:11:03.443999Z","level":"info","event":"    self.run()","logger":"task.stdout"}
{"timestamp":"2026-01-01T00:11:03.444036Z","level":"info","event":"    │    └ <function Thread.run at 0xffff99068c20>","logger":"task.stdout"}
{"timestamp":"2026-01-01T00:11:03.444075Z","level":"info","event":"    └ <Thread(ThreadPoolExecutor-1_0, started 281472806220128)>","logger":"task.stdout"}
{"timestamp":"2026-01-01T00:11:03.444114Z","level":"info","event":"  File \"/usr/python/lib/python3.12/threading.py\", line 1012, in run","logger":"task.stdout"}
{"timestamp":"2026-01-01T00:11:03.444151Z","level":"info","event":"    self._target(*self._args, **self._kwargs)","logger":"task.stdout"}
{"timestamp":"2026-01-01T00:11:03.444191Z","level":"info","event":"    │    │        │    │        │    └ {}","logger":"task.stdout"}
{"timestamp":"2026-01-01T00:11:03.444228Z","level":"info","event":"    │    │        │    │        └ <Thread(ThreadPoolExecutor-1_0, started 281472806220128)>","logger":"task.stdout"}
{"timestamp":"2026-01-01T00:11:03.444284Z","level":"info","event":"    │    │        │    └ (<weakref at 0xffff90350ef0; to 'ThreadPoolExecutor' at 0xffff86d3eb70>, <_queue.SimpleQueue object at 0xffff712e3b00>, None,...","logger":"task.stdout"}
{"timestamp":"2026-01-01T00:11:03.444324Z","level":"info","event":"    │    │        └ <Thread(ThreadPoolExecutor-1_0, started 281472806220128)>","logger":"task.stdout"}
{"timestamp":"2026-01-01T00:11:03.444366Z","level":"info","event":"    │    └ <function _worker at 0xffff937a1c60>","logger":"task.stdout"}
{"timestamp":"2026-01-01T00:11:03.444406Z","level":"info","event":"    └ <Thread(ThreadPoolExecutor-1_0, started 281472806220128)>","logger":"task.stdout"}
{"timestamp":"2026-01-01T00:11:03.444444Z","level":"info","event":"  File \"/usr/python/lib/python3.12/concurrent/futures/thread.py\", line 93, in _worker","logger":"task.stdout"}
{"timestamp":"2026-01-01T00:11:03.447281Z","level":"info","event":"    work_item.run()","logger":"task.stdout"}
{"timestamp":"2026-01-01T00:11:03.447348Z","level":"info","event":"    │         └ <function _WorkItem.run at 0xffff937a1da0>","logger":"task.stdout"}
{"timestamp":"2026-01-01T00:11:03.447392Z","level":"info","event":"    └ <concurrent.futures.thread._WorkItem object at 0xffff8d4b3470>","logger":"task.stdout"}
{"timestamp":"2026-01-01T00:11:03.447431Z","level":"info","event":"  File \"/usr/python/lib/python3.12/concurrent/futures/thread.py\", line 59, in run","logger":"task.stdout"}
{"timestamp":"2026-01-01T00:11:03.447468Z","level":"info","event":"    result = self.fn(*self.args, **self.kwargs)","logger":"task.stdout"}
{"timestamp":"2026-01-01T00:11:03.447541Z","level":"info","event":"             │    │   │    │       │    └ {}","logger":"task.stdout"}
{"timestamp":"2026-01-01T00:11:03.447584Z","level":"info","event":"             │    │   │    │       └ <concurrent.futures.thread._WorkItem object at 0xffff8d4b3470>","logger":"task.stdout"}
{"timestamp":"2026-01-01T00:11:03.447626Z","level":"info","event":"             │    │   │    └ ([('process_flow_year_chunk-a75896a0-8527-4a27-b3b6-b5b8103619ac', (<Task 'process_flow_year_chunk-a75896a0-8527-4a27-b3b6-b5...","logger":"task.stdout"}
{"timestamp":"2026-01-01T00:11:03.447663Z","level":"info","event":"             │    │   └ <concurrent.futures.thread._WorkItem object at 0xffff8d4b3470>","logger":"task.stdout"}
{"timestamp":"2026-01-01T00:11:03.447701Z","level":"info","event":"             │    └ <function batch_execute_tasks at 0xffff8d561d00>","logger":"task.stdout"}
{"timestamp":"2026-01-01T00:11:03.447737Z","level":"info","event":"             └ <concurrent.futures.thread._WorkItem object at 0xffff8d4b3470>","logger":"task.stdout"}
{"timestamp":"2026-01-01T00:11:03.447780Z","level":"info","event":"  File \"/home/airflow/.local/lib/python3.12/site-packages/dask/local.py\", line 270, in batch_execute_tasks","logger":"task.stdout"}
{"timestamp":"2026-01-01T00:11:03.447820Z","level":"info","event":"    return [execute_task(*a) for a in it]","logger":"task.stdout"}
{"timestamp":"2026-01-01T00:11:03.447858Z","level":"info","event":"            │             │      │    └ [('process_flow_year_chunk-a75896a0-8527-4a27-b3b6-b5b8103619ac', (<Task 'process_flow_year_chunk-a75896a0-8527-4a27-b3b6-b5b...","logger":"task.stdout"}
{"timestamp":"2026-01-01T00:11:03.447894Z","level":"info","event":"            │             │      └ ('process_flow_year_chunk-a75896a0-8527-4a27-b3b6-b5b8103619ac', (<Task 'process_flow_year_chunk-a75896a0-8527-4a27-b3b6-b5b8...","logger":"task.stdout"}
{"timestamp":"2026-01-01T00:11:03.447931Z","level":"info","event":"            │             └ ('process_flow_year_chunk-a75896a0-8527-4a27-b3b6-b5b8103619ac', (<Task 'process_flow_year_chunk-a75896a0-8527-4a27-b3b6-b5b8...","logger":"task.stdout"}
{"timestamp":"2026-01-01T00:11:03.447967Z","level":"info","event":"            └ <function execute_task at 0xffff8d561c60>","logger":"task.stdout"}
{"timestamp":"2026-01-01T00:11:03.448004Z","level":"info","event":"  File \"/home/airflow/.local/lib/python3.12/site-packages/dask/local.py\", line 256, in execute_task","logger":"task.stdout"}
{"timestamp":"2026-01-01T00:11:03.448041Z","level":"info","event":"    result = task(data)","logger":"task.stdout"}
{"timestamp":"2026-01-01T00:11:03.448077Z","level":"info","event":"             │    └ {}","logger":"task.stdout"}
{"timestamp":"2026-01-01T00:11:03.448114Z","level":"info","event":"             └ <Task 'process_flow_year_chunk-a75896a0-8527-4a27-b3b6-b5b8103619ac' process_flow_year_chunk(...)>","logger":"task.stdout"}
{"timestamp":"2026-01-01T00:11:03.448153Z","level":"info","event":"  File \"/home/airflow/.local/lib/python3.12/site-packages/dask/_task_spec.py\", line 759, in __call__","logger":"task.stdout"}
{"timestamp":"2026-01-01T00:11:03.448191Z","level":"info","event":"    return self.func(*new_argspec)","logger":"task.stdout"}
{"timestamp":"2026-01-01T00:11:03.448229Z","level":"info","event":"           │    │     └ ('CPI', 'IMF.STA,CPI,latest', [1958, 1959, 1960, 1961, 1962], IMFConfig(key='all', sub_key='all', base_url='https://api.imf.o...","logger":"task.stdout"}
{"timestamp":"2026-01-01T00:11:03.448266Z","level":"info","event":"           │    └ <member 'func' of 'Task' objects>","logger":"task.stdout"}
{"timestamp":"2026-01-01T00:11:03.448303Z","level":"info","event":"           └ <Task 'process_flow_year_chunk-a75896a0-8527-4a27-b3b6-b5b8103619ac' process_flow_year_chunk(...)>","logger":"task.stdout"}
{"timestamp":"2026-01-01T00:11:03.448342Z","level":"info","event":"","logger":"task.stdout"}
{"timestamp":"2026-01-01T00:11:03.448403Z","level":"info","event":"> File \"/opt/airflow/dags/pipelines/imf/pipeline.py\", line 54, in process_flow_year_chunk","logger":"task.stdout"}
{"timestamp":"2026-01-01T00:11:03.448438Z","level":"info","event":"    if s3_object_exists(s3_cfg.bucket, s3_key, s3_cfg.region):","logger":"task.stdout"}
{"timestamp":"2026-01-01T00:11:03.448475Z","level":"info","event":"       │                │      │       │       │      └ 'eu-west-1'","logger":"task.stdout"}
{"timestamp":"2026-01-01T00:11:03.448511Z","level":"info","event":"       │                │      │       │       └ S3Config(bucket='personal-projectbucket', prefix='imf', region='eu-west-1')","logger":"task.stdout"}
{"timestamp":"2026-01-01T00:11:03.448546Z","level":"info","event":"       │                │      │       └ 'imf/CPI/year=1962/CPI_1962.csv'","logger":"task.stdout"}
{"timestamp":"2026-01-01T00:11:03.448623Z","level":"info","event":"       │                │      └ 'personal-projectbucket'","logger":"task.stdout"}
{"timestamp":"2026-01-01T00:11:03.448659Z","level":"info","event":"       │                └ S3Config(bucket='personal-projectbucket', prefix='imf', region='eu-west-1')","logger":"task.stdout"}
{"timestamp":"2026-01-01T00:11:03.448696Z","level":"info","event":"       └ <function s3_object_exists at 0xffff8cfba7a0>","logger":"task.stdout"}
{"timestamp":"2026-01-01T00:11:03.448731Z","level":"info","event":"","logger":"task.stdout"}
{"timestamp":"2026-01-01T00:11:03.448768Z","level":"info","event":"  File \"/opt/airflow/dags/pipelines/common/s3_utils.py\", line 29, in s3_object_exists","logger":"task.stdout"}
{"timestamp":"2026-01-01T00:11:03.448803Z","level":"info","event":"    s3.head_object(Bucket=bucket, Key=key)","logger":"task.stdout"}
{"timestamp":"2026-01-01T00:11:03.448838Z","level":"info","event":"    │  │                  │           └ 'imf/CPI/year=1962/CPI_1962.csv'","logger":"task.stdout"}
{"timestamp":"2026-01-01T00:11:03.448874Z","level":"info","event":"    │  │                  └ 'personal-projectbucket'","logger":"task.stdout"}
{"timestamp":"2026-01-01T00:11:03.448909Z","level":"info","event":"    │  └ <function ClientCreator._create_api_method.<locals>._api_call at 0xffff71310680>","logger":"task.stdout"}
{"timestamp":"2026-01-01T00:11:03.448949Z","level":"info","event":"    └ <botocore.client.S3 object at 0xffff717a79e0>","logger":"task.stdout"}
{"timestamp":"2026-01-01T00:11:03.448986Z","level":"info","event":"","logger":"task.stdout"}
{"timestamp":"2026-01-01T00:11:03.449021Z","level":"info","event":"  File \"/home/airflow/.local/lib/python3.12/site-packages/botocore/client.py\", line 602, in _api_call","logger":"task.stdout"}
{"timestamp":"2026-01-01T00:11:03.449058Z","level":"info","event":"    return self._make_api_call(operation_name, kwargs)","logger":"task.stdout"}
{"timestamp":"2026-01-01T00:11:03.449094Z","level":"info","event":"           │    │              │               └ {'Bucket': 'personal-projectbucket', 'Key': 'imf/CPI/year=1962/CPI_1962.csv'}","logger":"task.stdout"}
{"timestamp":"2026-01-01T00:11:03.449131Z","level":"info","event":"           │    │              └ 'HeadObject'","logger":"task.stdout"}
{"timestamp":"2026-01-01T00:11:03.449166Z","level":"info","event":"           │    └ <function BaseClient._make_api_call at 0xffff8cf3b060>","logger":"task.stdout"}
{"timestamp":"2026-01-01T00:11:03.449203Z","level":"info","event":"           └ <botocore.client.S3 object at 0xffff717a79e0>","logger":"task.stdout"}
{"timestamp":"2026-01-01T00:11:03.449240Z","level":"info","event":"  File \"/home/airflow/.local/lib/python3.12/site-packages/botocore/context.py\", line 123, in wrapper","logger":"task.stdout"}
{"timestamp":"2026-01-01T00:11:03.449282Z","level":"info","event":"    return func(*args, **kwargs)","logger":"task.stdout"}
{"timestamp":"2026-01-01T00:11:03.449319Z","level":"info","event":"           │     │       └ {}","logger":"task.stdout"}
{"timestamp":"2026-01-01T00:11:03.449378Z","level":"info","event":"           │     └ (<botocore.client.S3 object at 0xffff717a79e0>, 'HeadObject', {'Bucket': 'personal-projectbucket', 'Key': 'imf/CPI/year=1962/...","logger":"task.stdout"}
{"timestamp":"2026-01-01T00:11:03.449414Z","level":"info","event":"           └ <function BaseClient._make_api_call at 0xffff8cf3afc0>","logger":"task.stdout"}
{"timestamp":"2026-01-01T00:11:03.449451Z","level":"info","event":"  File \"/home/airflow/.local/lib/python3.12/site-packages/botocore/client.py\", line 1078, in _make_api_call","logger":"task.stdout"}
{"timestamp":"2026-01-01T00:11:03.449487Z","level":"info","event":"    raise error_class(parsed_response, operation_name)","logger":"task.stdout"}
{"timestamp":"2026-01-01T00:11:03.449520Z","level":"info","event":"          │           │                └ 'HeadObject'","logger":"task.stdout"}
{"timestamp":"2026-01-01T00:11:03.449555Z","level":"info","event":"          │           └ {'Error': {'Code': '403', 'Message': 'Forbidden'}, 'ResponseMetadata': {'RequestId': 'D3W4F971G5N5EYJY', 'HostId': 'hxnlg+2u3...","logger":"task.stdout"}
{"timestamp":"2026-01-01T00:11:03.449586Z","level":"info","event":"          └ <class 'botocore.exceptions.ClientError'>","logger":"task.stdout"}
{"timestamp":"2026-01-01T00:11:03.449620Z","level":"info","event":"","logger":"task.stdout"}
{"timestamp":"2026-01-01T00:11:03.449654Z","level":"info","event":"botocore.exceptions.ClientError: An error occurred (403) when calling the HeadObject operation: Forbidden","logger":"task.stdout"}
{"timestamp":"2026-01-01T00:11:03.585101Z","level":"info","event":"2026-01-01 00:11:03 | ERROR | S3 head_object failed | flow=IMTS year=1983 key=imf/IMTS/year=1983/IMTS_1983.csv","logger":"task.stdout"}
{"timestamp":"2026-01-01T00:11:03.585232Z","level":"info","event":"Traceback (most recent call last):","logger":"task.stdout"}
{"timestamp":"2026-01-01T00:11:03.585289Z","level":"info","event":"","logger":"task.stdout"}
{"timestamp":"2026-01-01T00:11:03.585330Z","level":"info","event":"  File \"/usr/python/lib/python3.12/threading.py\", line 1032, in _bootstrap","logger":"task.stdout"}
{"timestamp":"2026-01-01T00:11:03.585369Z","level":"info","event":"    self._bootstrap_inner()","logger":"task.stdout"}
{"timestamp":"2026-01-01T00:11:03.585406Z","level":"info","event":"    │    └ <function Thread._bootstrap_inner at 0xffff99068f40>","logger":"task.stdout"}
{"timestamp":"2026-01-01T00:11:03.585445Z","level":"info","event":"    └ <Thread(ThreadPoolExecutor-1_0, started 281472806220128)>","logger":"task.stdout"}
{"timestamp":"2026-01-01T00:11:03.585486Z","level":"info","event":"  File \"/usr/python/lib/python3.12/threading.py\", line 1075, in _bootstrap_inner","logger":"task.stdout"}
{"timestamp":"2026-01-01T00:11:03.585523Z","level":"info","event":"    self.run()","logger":"task.stdout"}
{"timestamp":"2026-01-01T00:11:03.585561Z","level":"info","event":"    │    └ <function Thread.run at 0xffff99068c20>","logger":"task.stdout"}
{"timestamp":"2026-01-01T00:11:03.585601Z","level":"info","event":"    └ <Thread(ThreadPoolExecutor-1_0, started 281472806220128)>","logger":"task.stdout"}
{"timestamp":"2026-01-01T00:11:03.585640Z","level":"info","event":"  File \"/usr/python/lib/python3.12/threading.py\", line 1012, in run","logger":"task.stdout"}
{"timestamp":"2026-01-01T00:11:03.585676Z","level":"info","event":"    self._target(*self._args, **self._kwargs)","logger":"task.stdout"}
{"timestamp":"2026-01-01T00:11:03.585714Z","level":"info","event":"    │    │        │    │        │    └ {}","logger":"task.stdout"}
{"timestamp":"2026-01-01T00:11:03.585757Z","level":"info","event":"    │    │        │    │        └ <Thread(ThreadPoolExecutor-1_0, started 281472806220128)>","logger":"task.stdout"}
{"timestamp":"2026-01-01T00:11:03.585801Z","level":"info","event":"    │    │        │    └ (<weakref at 0xffff90350ef0; to 'ThreadPoolExecutor' at 0xffff86d3eb70>, <_queue.SimpleQueue object at 0xffff712e3b00>, None,...","logger":"task.stdout"}
{"timestamp":"2026-01-01T00:11:03.585865Z","level":"info","event":"    │    │        └ <Thread(ThreadPoolExecutor-1_0, started 281472806220128)>","logger":"task.stdout"}
{"timestamp":"2026-01-01T00:11:03.585904Z","level":"info","event":"    │    └ <function _worker at 0xffff937a1c60>","logger":"task.stdout"}
{"timestamp":"2026-01-01T00:11:03.585942Z","level":"info","event":"    └ <Thread(ThreadPoolExecutor-1_0, started 281472806220128)>","logger":"task.stdout"}
{"timestamp":"2026-01-01T00:11:03.585977Z","level":"info","event":"  File \"/usr/python/lib/python3.12/concurrent/futures/thread.py\", line 93, in _worker","logger":"task.stdout"}
{"timestamp":"2026-01-01T00:11:03.586013Z","level":"info","event":"    work_item.run()","logger":"task.stdout"}
{"timestamp":"2026-01-01T00:11:03.586049Z","level":"info","event":"    │         └ <function _WorkItem.run at 0xffff937a1da0>","logger":"task.stdout"}
{"timestamp":"2026-01-01T00:11:03.586085Z","level":"info","event":"    └ <concurrent.futures.thread._WorkItem object at 0xffff70469670>","logger":"task.stdout"}
{"timestamp":"2026-01-01T00:11:03.586120Z","level":"info","event":"  File \"/usr/python/lib/python3.12/concurrent/futures/thread.py\", line 59, in run","logger":"task.stdout"}
{"timestamp":"2026-01-01T00:11:03.586155Z","level":"info","event":"    result = self.fn(*self.args, **self.kwargs)","logger":"task.stdout"}
{"timestamp":"2026-01-01T00:11:03.586190Z","level":"info","event":"             │    │   │    │       │    └ {}","logger":"task.stdout"}
{"timestamp":"2026-01-01T00:11:03.586231Z","level":"info","event":"             │    │   │    │       └ <concurrent.futures.thread._WorkItem object at 0xffff70469670>","logger":"task.stdout"}
{"timestamp":"2026-01-01T00:11:03.586275Z","level":"info","event":"             │    │   │    └ ([('process_flow_year_chunk-a756c1b0-c0b8-44c1-8a3b-b0c0a7a011b5', (<Task 'process_flow_year_chunk-a756c1b0-c0b8-44c1-8a3b-b0...","logger":"task.stdout"}
{"timestamp":"2026-01-01T00:11:03.586312Z","level":"info","event":"             │    │   └ <concurrent.futures.thread._WorkItem object at 0xffff70469670>","logger":"task.stdout"}
{"timestamp":"2026-01-01T00:11:03.586351Z","level":"info","event":"             │    └ <function batch_execute_tasks at 0xffff8d561d00>","logger":"task.stdout"}
{"timestamp":"2026-01-01T00:11:03.586387Z","level":"info","event":"             └ <concurrent.futures.thread._WorkItem object at 0xffff70469670>","logger":"task.stdout"}
{"timestamp":"2026-01-01T00:11:03.586423Z","level":"info","event":"  File \"/home/airflow/.local/lib/python3.12/site-packages/dask/local.py\", line 270, in batch_execute_tasks","logger":"task.stdout"}
{"timestamp":"2026-01-01T00:11:03.586458Z","level":"info","event":"    return [execute_task(*a) for a in it]","logger":"task.stdout"}
{"timestamp":"2026-01-01T00:11:03.586494Z","level":"info","event":"            │             │      │    └ [('process_flow_year_chunk-a756c1b0-c0b8-44c1-8a3b-b0c0a7a011b5', (<Task 'process_flow_year_chunk-a756c1b0-c0b8-44c1-8a3b-b0c...","logger":"task.stdout"}
{"timestamp":"2026-01-01T00:11:03.586533Z","level":"info","event":"            │             │      └ ('process_flow_year_chunk-a756c1b0-c0b8-44c1-8a3b-b0c0a7a011b5', (<Task 'process_flow_year_chunk-a756c1b0-c0b8-44c1-8a3b-b0c0...","logger":"task.stdout"}
{"timestamp":"2026-01-01T00:11:03.586572Z","level":"info","event":"            │             └ ('process_flow_year_chunk-a756c1b0-c0b8-44c1-8a3b-b0c0a7a011b5', (<Task 'process_flow_year_chunk-a756c1b0-c0b8-44c1-8a3b-b0c0...","logger":"task.stdout"}
{"timestamp":"2026-01-01T00:11:03.586609Z","level":"info","event":"            └ <function execute_task at 0xffff8d561c60>","logger":"task.stdout"}
{"timestamp":"2026-01-01T00:11:03.586644Z","level":"info","event":"  File \"/home/airflow/.local/lib/python3.12/site-packages/dask/local.py\", line 256, in execute_task","logger":"task.stdout"}
{"timestamp":"2026-01-01T00:11:03.586681Z","level":"info","event":"    result = task(data)","logger":"task.stdout"}
{"timestamp":"2026-01-01T00:11:03.586741Z","level":"info","event":"             │    └ {}","logger":"task.stdout"}
{"timestamp":"2026-01-01T00:11:03.586777Z","level":"info","event":"             └ <Task 'process_flow_year_chunk-a756c1b0-c0b8-44c1-8a3b-b0c0a7a011b5' process_flow_year_chunk(...)>","logger":"task.stdout"}
{"timestamp":"2026-01-01T00:11:03.586815Z","level":"info","event":"  File \"/home/airflow/.local/lib/python3.12/site-packages/dask/_task_spec.py\", line 759, in __call__","logger":"task.stdout"}
{"timestamp":"2026-01-01T00:11:03.586851Z","level":"info","event":"    return self.func(*new_argspec)","logger":"task.stdout"}
{"timestamp":"2026-01-01T00:11:03.586887Z","level":"info","event":"           │    │     └ ('IMTS', 'IMF.STA,IMTS,latest', [1983, 1984, 1985, 1986, 1987], IMFConfig(key='all', sub_key='all', base_url='https://api.imf...","logger":"task.stdout"}
{"timestamp":"2026-01-01T00:11:03.586925Z","level":"info","event":"           │    └ <member 'func' of 'Task' objects>","logger":"task.stdout"}
{"timestamp":"2026-01-01T00:11:03.586962Z","level":"info","event":"           └ <Task 'process_flow_year_chunk-a756c1b0-c0b8-44c1-8a3b-b0c0a7a011b5' process_flow_year_chunk(...)>","logger":"task.stdout"}
{"timestamp":"2026-01-01T00:11:03.586999Z","level":"info","event":"","logger":"task.stdout"}
{"timestamp":"2026-01-01T00:11:03.587033Z","level":"info","event":"> File \"/opt/airflow/dags/pipelines/imf/pipeline.py\", line 54, in process_flow_year_chunk","logger":"task.stdout"}
{"timestamp":"2026-01-01T00:11:03.587068Z","level":"info","event":"    if s3_object_exists(s3_cfg.bucket, s3_key, s3_cfg.region):","logger":"task.stdout"}
{"timestamp":"2026-01-01T00:11:03.587103Z","level":"info","event":"       │                │      │       │       │      └ 'eu-west-1'","logger":"task.stdout"}
{"timestamp":"2026-01-01T00:11:03.587143Z","level":"info","event":"       │                │      │       │       └ S3Config(bucket='personal-projectbucket', prefix='imf', region='eu-west-1')","logger":"task.stdout"}
{"timestamp":"2026-01-01T00:11:03.587185Z","level":"info","event":"       │                │      │       └ 'imf/IMTS/year=1983/IMTS_1983.csv'","logger":"task.stdout"}
{"timestamp":"2026-01-01T00:11:03.587260Z","level":"info","event":"       │                │      └ 'personal-projectbucket'","logger":"task.stdout"}
{"timestamp":"2026-01-01T00:11:03.589268Z","level":"info","event":"       │                └ S3Config(bucket='personal-projectbucket', prefix='imf', region='eu-west-1')","logger":"task.stdout"}
{"timestamp":"2026-01-01T00:11:03.589336Z","level":"info","event":"       └ <function s3_object_exists at 0xffff8cfba7a0>","logger":"task.stdout"}
{"timestamp":"2026-01-01T00:11:03.589379Z","level":"info","event":"","logger":"task.stdout"}
{"timestamp":"2026-01-01T00:11:03.589417Z","level":"info","event":"  File \"/opt/airflow/dags/pipelines/common/s3_utils.py\", line 29, in s3_object_exists","logger":"task.stdout"}
{"timestamp":"2026-01-01T00:11:03.589453Z","level":"info","event":"    s3.head_object(Bucket=bucket, Key=key)","logger":"task.stdout"}
{"timestamp":"2026-01-01T00:11:03.589490Z","level":"info","event":"    │  │                  │           └ 'imf/IMTS/year=1983/IMTS_1983.csv'","logger":"task.stdout"}
{"timestamp":"2026-01-01T00:11:03.589528Z","level":"info","event":"    │  │                  └ 'personal-projectbucket'","logger":"task.stdout"}
{"timestamp":"2026-01-01T00:11:03.589564Z","level":"info","event":"    │  └ <function ClientCreator._create_api_method.<locals>._api_call at 0xffff71310680>","logger":"task.stdout"}
{"timestamp":"2026-01-01T00:11:03.589602Z","level":"info","event":"    └ <botocore.client.S3 object at 0xffff717a79e0>","logger":"task.stdout"}
{"timestamp":"2026-01-01T00:11:03.589638Z","level":"info","event":"","logger":"task.stdout"}
{"timestamp":"2026-01-01T00:11:03.589674Z","level":"info","event":"  File \"/home/airflow/.local/lib/python3.12/site-packages/botocore/client.py\", line 602, in _api_call","logger":"task.stdout"}
{"timestamp":"2026-01-01T00:11:03.589756Z","level":"info","event":"    return self._make_api_call(operation_name, kwargs)","logger":"task.stdout"}
{"timestamp":"2026-01-01T00:11:03.589798Z","level":"info","event":"           │    │              │               └ {'Bucket': 'personal-projectbucket', 'Key': 'imf/IMTS/year=1983/IMTS_1983.csv'}","logger":"task.stdout"}
{"timestamp":"2026-01-01T00:11:03.589834Z","level":"info","event":"           │    │              └ 'HeadObject'","logger":"task.stdout"}
{"timestamp":"2026-01-01T00:11:03.589870Z","level":"info","event":"           │    └ <function BaseClient._make_api_call at 0xffff8cf3b060>","logger":"task.stdout"}
{"timestamp":"2026-01-01T00:11:03.589907Z","level":"info","event":"           └ <botocore.client.S3 object at 0xffff717a79e0>","logger":"task.stdout"}
{"timestamp":"2026-01-01T00:11:03.589943Z","level":"info","event":"  File \"/home/airflow/.local/lib/python3.12/site-packages/botocore/context.py\", line 123, in wrapper","logger":"task.stdout"}
{"timestamp":"2026-01-01T00:11:03.589980Z","level":"info","event":"    return func(*args, **kwargs)","logger":"task.stdout"}
{"timestamp":"2026-01-01T00:11:03.590016Z","level":"info","event":"           │     │       └ {}","logger":"task.stdout"}
{"timestamp":"2026-01-01T00:11:03.590055Z","level":"info","event":"           │     └ (<botocore.client.S3 object at 0xffff717a79e0>, 'HeadObject', {'Bucket': 'personal-projectbucket', 'Key': 'imf/IMTS/year=1983...","logger":"task.stdout"}
{"timestamp":"2026-01-01T00:11:03.590092Z","level":"info","event":"           └ <function BaseClient._make_api_call at 0xffff8cf3afc0>","logger":"task.stdout"}
{"timestamp":"2026-01-01T00:11:03.590130Z","level":"info","event":"  File \"/home/airflow/.local/lib/python3.12/site-packages/botocore/client.py\", line 1078, in _make_api_call","logger":"task.stdout"}
{"timestamp":"2026-01-01T00:11:03.590175Z","level":"info","event":"    raise error_class(parsed_response, operation_name)","logger":"task.stdout"}
{"timestamp":"2026-01-01T00:11:03.590217Z","level":"info","event":"          │           │                └ 'HeadObject'","logger":"task.stdout"}
{"timestamp":"2026-01-01T00:11:03.590259Z","level":"info","event":"          │           └ {'Error': {'Code': '403', 'Message': 'Forbidden'}, 'ResponseMetadata': {'RequestId': '984RJTC23C9ESD34', 'HostId': 'We/YPkFBe...","logger":"task.stdout"}
{"timestamp":"2026-01-01T00:11:03.590295Z","level":"info","event":"          └ <class 'botocore.exceptions.ClientError'>","logger":"task.stdout"}
{"timestamp":"2026-01-01T00:11:03.590334Z","level":"info","event":"","logger":"task.stdout"}
{"timestamp":"2026-01-01T00:11:03.590369Z","level":"info","event":"botocore.exceptions.ClientError: An error occurred (403) when calling the HeadObject operation: Forbidden","logger":"task.stdout"}
{"timestamp":"2026-01-01T00:11:03.724202Z","level":"info","event":"2026-01-01 00:11:03 | ERROR | S3 head_object failed | flow=IMTS year=1984 key=imf/IMTS/year=1984/IMTS_1984.csv","logger":"task.stdout"}
{"timestamp":"2026-01-01T00:11:03.724353Z","level":"info","event":"Traceback (most recent call last):","logger":"task.stdout"}
{"timestamp":"2026-01-01T00:11:03.724402Z","level":"info","event":"","logger":"task.stdout"}
{"timestamp":"2026-01-01T00:11:03.724442Z","level":"info","event":"  File \"/usr/python/lib/python3.12/threading.py\", line 1032, in _bootstrap","logger":"task.stdout"}
{"timestamp":"2026-01-01T00:11:03.724481Z","level":"info","event":"    self._bootstrap_inner()","logger":"task.stdout"}
{"timestamp":"2026-01-01T00:11:03.724519Z","level":"info","event":"    │    └ <function Thread._bootstrap_inner at 0xffff99068f40>","logger":"task.stdout"}
{"timestamp":"2026-01-01T00:11:03.724556Z","level":"info","event":"    └ <Thread(ThreadPoolExecutor-1_0, started 281472806220128)>","logger":"task.stdout"}
{"timestamp":"2026-01-01T00:11:03.724593Z","level":"info","event":"  File \"/usr/python/lib/python3.12/threading.py\", line 1075, in _bootstrap_inner","logger":"task.stdout"}
{"timestamp":"2026-01-01T00:11:03.724657Z","level":"info","event":"    self.run()","logger":"task.stdout"}
{"timestamp":"2026-01-01T00:11:03.724695Z","level":"info","event":"    │    └ <function Thread.run at 0xffff99068c20>","logger":"task.stdout"}
{"timestamp":"2026-01-01T00:11:03.724732Z","level":"info","event":"    └ <Thread(ThreadPoolExecutor-1_0, started 281472806220128)>","logger":"task.stdout"}
{"timestamp":"2026-01-01T00:11:03.724770Z","level":"info","event":"  File \"/usr/python/lib/python3.12/threading.py\", line 1012, in run","logger":"task.stdout"}
{"timestamp":"2026-01-01T00:11:03.724806Z","level":"info","event":"    self._target(*self._args, **self._kwargs)","logger":"task.stdout"}
{"timestamp":"2026-01-01T00:11:03.724842Z","level":"info","event":"    │    │        │    │        │    └ {}","logger":"task.stdout"}
{"timestamp":"2026-01-01T00:11:03.724880Z","level":"info","event":"    │    │        │    │        └ <Thread(ThreadPoolExecutor-1_0, started 281472806220128)>","logger":"task.stdout"}
{"timestamp":"2026-01-01T00:11:03.724918Z","level":"info","event":"    │    │        │    └ (<weakref at 0xffff90350ef0; to 'ThreadPoolExecutor' at 0xffff86d3eb70>, <_queue.SimpleQueue object at 0xffff712e3b00>, None,...","logger":"task.stdout"}
{"timestamp":"2026-01-01T00:11:03.724955Z","level":"info","event":"    │    │        └ <Thread(ThreadPoolExecutor-1_0, started 281472806220128)>","logger":"task.stdout"}
{"timestamp":"2026-01-01T00:11:03.724992Z","level":"info","event":"    │    └ <function _worker at 0xffff937a1c60>","logger":"task.stdout"}
{"timestamp":"2026-01-01T00:11:03.725028Z","level":"info","event":"    └ <Thread(ThreadPoolExecutor-1_0, started 281472806220128)>","logger":"task.stdout"}
{"timestamp":"2026-01-01T00:11:03.725065Z","level":"info","event":"  File \"/usr/python/lib/python3.12/concurrent/futures/thread.py\", line 93, in _worker","logger":"task.stdout"}
{"timestamp":"2026-01-01T00:11:03.725100Z","level":"info","event":"    work_item.run()","logger":"task.stdout"}
{"timestamp":"2026-01-01T00:11:03.725135Z","level":"info","event":"    │         └ <function _WorkItem.run at 0xffff937a1da0>","logger":"task.stdout"}
{"timestamp":"2026-01-01T00:11:03.725172Z","level":"info","event":"    └ <concurrent.futures.thread._WorkItem object at 0xffff70469670>","logger":"task.stdout"}
{"timestamp":"2026-01-01T00:11:03.725208Z","level":"info","event":"  File \"/usr/python/lib/python3.12/concurrent/futures/thread.py\", line 59, in run","logger":"task.stdout"}
{"timestamp":"2026-01-01T00:11:03.725242Z","level":"info","event":"    result = self.fn(*self.args, **self.kwargs)","logger":"task.stdout"}
{"timestamp":"2026-01-01T00:11:03.725285Z","level":"info","event":"             │    │   │    │       │    └ {}","logger":"task.stdout"}
{"timestamp":"2026-01-01T00:11:03.725322Z","level":"info","event":"             │    │   │    │       └ <concurrent.futures.thread._WorkItem object at 0xffff70469670>","logger":"task.stdout"}
{"timestamp":"2026-01-01T00:11:03.725358Z","level":"info","event":"             │    │   │    └ ([('process_flow_year_chunk-a756c1b0-c0b8-44c1-8a3b-b0c0a7a011b5', (<Task 'process_flow_year_chunk-a756c1b0-c0b8-44c1-8a3b-b0...","logger":"task.stdout"}
{"timestamp":"2026-01-01T00:11:03.725394Z","level":"info","event":"             │    │   └ <concurrent.futures.thread._WorkItem object at 0xffff70469670>","logger":"task.stdout"}
{"timestamp":"2026-01-01T00:11:03.725430Z","level":"info","event":"             │    └ <function batch_execute_tasks at 0xffff8d561d00>","logger":"task.stdout"}
{"timestamp":"2026-01-01T00:11:03.725466Z","level":"info","event":"             └ <concurrent.futures.thread._WorkItem object at 0xffff70469670>","logger":"task.stdout"}
{"timestamp":"2026-01-01T00:11:03.725501Z","level":"info","event":"  File \"/home/airflow/.local/lib/python3.12/site-packages/dask/local.py\", line 270, in batch_execute_tasks","logger":"task.stdout"}
{"timestamp":"2026-01-01T00:11:03.725560Z","level":"info","event":"    return [execute_task(*a) for a in it]","logger":"task.stdout"}
{"timestamp":"2026-01-01T00:11:03.725596Z","level":"info","event":"            │             │      │    └ [('process_flow_year_chunk-a756c1b0-c0b8-44c1-8a3b-b0c0a7a011b5', (<Task 'process_flow_year_chunk-a756c1b0-c0b8-44c1-8a3b-b0c...","logger":"task.stdout"}
{"timestamp":"2026-01-01T00:11:03.725633Z","level":"info","event":"            │             │      └ ('process_flow_year_chunk-a756c1b0-c0b8-44c1-8a3b-b0c0a7a011b5', (<Task 'process_flow_year_chunk-a756c1b0-c0b8-44c1-8a3b-b0c0...","logger":"task.stdout"}
{"timestamp":"2026-01-01T00:11:03.725670Z","level":"info","event":"            │             └ ('process_flow_year_chunk-a756c1b0-c0b8-44c1-8a3b-b0c0a7a011b5', (<Task 'process_flow_year_chunk-a756c1b0-c0b8-44c1-8a3b-b0c0...","logger":"task.stdout"}
{"timestamp":"2026-01-01T00:11:03.725705Z","level":"info","event":"            └ <function execute_task at 0xffff8d561c60>","logger":"task.stdout"}
{"timestamp":"2026-01-01T00:11:03.725741Z","level":"info","event":"  File \"/home/airflow/.local/lib/python3.12/site-packages/dask/local.py\", line 256, in execute_task","logger":"task.stdout"}
{"timestamp":"2026-01-01T00:11:03.725777Z","level":"info","event":"    result = task(data)","logger":"task.stdout"}
{"timestamp":"2026-01-01T00:11:03.725812Z","level":"info","event":"             │    └ {}","logger":"task.stdout"}
{"timestamp":"2026-01-01T00:11:03.725847Z","level":"info","event":"             └ <Task 'process_flow_year_chunk-a756c1b0-c0b8-44c1-8a3b-b0c0a7a011b5' process_flow_year_chunk(...)>","logger":"task.stdout"}
{"timestamp":"2026-01-01T00:11:03.725884Z","level":"info","event":"  File \"/home/airflow/.local/lib/python3.12/site-packages/dask/_task_spec.py\", line 759, in __call__","logger":"task.stdout"}
{"timestamp":"2026-01-01T00:11:03.725919Z","level":"info","event":"    return self.func(*new_argspec)","logger":"task.stdout"}
{"timestamp":"2026-01-01T00:11:03.725954Z","level":"info","event":"           │    │     └ ('IMTS', 'IMF.STA,IMTS,latest', [1983, 1984, 1985, 1986, 1987], IMFConfig(key='all', sub_key='all', base_url='https://api.imf...","logger":"task.stdout"}
{"timestamp":"2026-01-01T00:11:03.725991Z","level":"info","event":"           │    └ <member 'func' of 'Task' objects>","logger":"task.stdout"}
{"timestamp":"2026-01-01T00:11:03.726026Z","level":"info","event":"           └ <Task 'process_flow_year_chunk-a756c1b0-c0b8-44c1-8a3b-b0c0a7a011b5' process_flow_year_chunk(...)>","logger":"task.stdout"}
{"timestamp":"2026-01-01T00:11:03.726061Z","level":"info","event":"","logger":"task.stdout"}
{"timestamp":"2026-01-01T00:11:03.726096Z","level":"info","event":"> File \"/opt/airflow/dags/pipelines/imf/pipeline.py\", line 54, in process_flow_year_chunk","logger":"task.stdout"}
{"timestamp":"2026-01-01T00:11:03.726130Z","level":"info","event":"    if s3_object_exists(s3_cfg.bucket, s3_key, s3_cfg.region):","logger":"task.stdout"}
{"timestamp":"2026-01-01T00:11:03.726165Z","level":"info","event":"       │                │      │       │       │      └ 'eu-west-1'","logger":"task.stdout"}
{"timestamp":"2026-01-01T00:11:03.726199Z","level":"info","event":"       │                │      │       │       └ S3Config(bucket='personal-projectbucket', prefix='imf', region='eu-west-1')","logger":"task.stdout"}
{"timestamp":"2026-01-01T00:11:03.728268Z","level":"info","event":"       │                │      │       └ 'imf/IMTS/year=1984/IMTS_1984.csv'","logger":"task.stdout"}
{"timestamp":"2026-01-01T00:11:03.728381Z","level":"info","event":"       │                │      └ 'personal-projectbucket'","logger":"task.stdout"}
{"timestamp":"2026-01-01T00:11:03.728428Z","level":"info","event":"       │                └ S3Config(bucket='personal-projectbucket', prefix='imf', region='eu-west-1')","logger":"task.stdout"}
{"timestamp":"2026-01-01T00:11:03.728467Z","level":"info","event":"       └ <function s3_object_exists at 0xffff8cfba7a0>","logger":"task.stdout"}
{"timestamp":"2026-01-01T00:11:03.728543Z","level":"info","event":"","logger":"task.stdout"}
{"timestamp":"2026-01-01T00:11:03.728584Z","level":"info","event":"  File \"/opt/airflow/dags/pipelines/common/s3_utils.py\", line 29, in s3_object_exists","logger":"task.stdout"}
{"timestamp":"2026-01-01T00:11:03.728620Z","level":"info","event":"    s3.head_object(Bucket=bucket, Key=key)","logger":"task.stdout"}
{"timestamp":"2026-01-01T00:11:03.728657Z","level":"info","event":"    │  │                  │           └ 'imf/IMTS/year=1984/IMTS_1984.csv'","logger":"task.stdout"}
{"timestamp":"2026-01-01T00:11:03.728693Z","level":"info","event":"    │  │                  └ 'personal-projectbucket'","logger":"task.stdout"}
{"timestamp":"2026-01-01T00:11:03.728729Z","level":"info","event":"    │  └ <function ClientCreator._create_api_method.<locals>._api_call at 0xffff71310680>","logger":"task.stdout"}
{"timestamp":"2026-01-01T00:11:03.728765Z","level":"info","event":"    └ <botocore.client.S3 object at 0xffff717a79e0>","logger":"task.stdout"}
{"timestamp":"2026-01-01T00:11:03.728802Z","level":"info","event":"","logger":"task.stdout"}
{"timestamp":"2026-01-01T00:11:03.728838Z","level":"info","event":"  File \"/home/airflow/.local/lib/python3.12/site-packages/botocore/client.py\", line 602, in _api_call","logger":"task.stdout"}
{"timestamp":"2026-01-01T00:11:03.728874Z","level":"info","event":"    return self._make_api_call(operation_name, kwargs)","logger":"task.stdout"}
{"timestamp":"2026-01-01T00:11:03.728911Z","level":"info","event":"           │    │              │               └ {'Bucket': 'personal-projectbucket', 'Key': 'imf/IMTS/year=1984/IMTS_1984.csv'}","logger":"task.stdout"}
{"timestamp":"2026-01-01T00:11:03.728946Z","level":"info","event":"           │    │              └ 'HeadObject'","logger":"task.stdout"}
{"timestamp":"2026-01-01T00:11:03.728979Z","level":"info","event":"           │    └ <function BaseClient._make_api_call at 0xffff8cf3b060>","logger":"task.stdout"}
{"timestamp":"2026-01-01T00:11:03.729012Z","level":"info","event":"           └ <botocore.client.S3 object at 0xffff717a79e0>","logger":"task.stdout"}
{"timestamp":"2026-01-01T00:11:03.729054Z","level":"info","event":"  File \"/home/airflow/.local/lib/python3.12/site-packages/botocore/context.py\", line 123, in wrapper","logger":"task.stdout"}
{"timestamp":"2026-01-01T00:11:03.729093Z","level":"info","event":"    return func(*args, **kwargs)","logger":"task.stdout"}
{"timestamp":"2026-01-01T00:11:03.729129Z","level":"info","event":"           │     │       └ {}","logger":"task.stdout"}
{"timestamp":"2026-01-01T00:11:03.729166Z","level":"info","event":"           │     └ (<botocore.client.S3 object at 0xffff717a79e0>, 'HeadObject', {'Bucket': 'personal-projectbucket', 'Key': 'imf/IMTS/year=1984...","logger":"task.stdout"}
{"timestamp":"2026-01-01T00:11:03.729202Z","level":"info","event":"           └ <function BaseClient._make_api_call at 0xffff8cf3afc0>","logger":"task.stdout"}
{"timestamp":"2026-01-01T00:11:03.729239Z","level":"info","event":"  File \"/home/airflow/.local/lib/python3.12/site-packages/botocore/client.py\", line 1078, in _make_api_call","logger":"task.stdout"}
{"timestamp":"2026-01-01T00:11:03.729283Z","level":"info","event":"    raise error_class(parsed_response, operation_name)","logger":"task.stdout"}
{"timestamp":"2026-01-01T00:11:03.729317Z","level":"info","event":"          │           │                └ 'HeadObject'","logger":"task.stdout"}
{"timestamp":"2026-01-01T00:11:03.729353Z","level":"info","event":"          │           └ {'Error': {'Code': '403', 'Message': 'Forbidden'}, 'ResponseMetadata': {'RequestId': '984J7ZC9S57E164S', 'HostId': 'm3VG90t/j...","logger":"task.stdout"}
{"timestamp":"2026-01-01T00:11:03.729392Z","level":"info","event":"          └ <class 'botocore.exceptions.ClientError'>","logger":"task.stdout"}
{"timestamp":"2026-01-01T00:11:03.729426Z","level":"info","event":"","logger":"task.stdout"}
{"timestamp":"2026-01-01T00:11:03.729490Z","level":"info","event":"botocore.exceptions.ClientError: An error occurred (403) when calling the HeadObject operation: Forbidden","logger":"task.stdout"}
{"timestamp":"2026-01-01T00:11:04.108950Z","level":"info","event":"2026-01-01 00:11:04 | ERROR | S3 head_object failed | flow=IMTS year=1985 key=imf/IMTS/year=1985/IMTS_1985.csv","logger":"task.stdout"}
{"timestamp":"2026-01-01T00:11:04.109341Z","level":"info","event":"Traceback (most recent call last):","logger":"task.stdout"}
{"timestamp":"2026-01-01T00:11:04.109414Z","level":"info","event":"","logger":"task.stdout"}
{"timestamp":"2026-01-01T00:11:04.109461Z","level":"info","event":"  File \"/usr/python/lib/python3.12/threading.py\", line 1032, in _bootstrap","logger":"task.stdout"}
{"timestamp":"2026-01-01T00:11:04.109504Z","level":"info","event":"    self._bootstrap_inner()","logger":"task.stdout"}
{"timestamp":"2026-01-01T00:11:04.109546Z","level":"info","event":"    │    └ <function Thread._bootstrap_inner at 0xffff99068f40>","logger":"task.stdout"}
{"timestamp":"2026-01-01T00:11:04.109585Z","level":"info","event":"    └ <Thread(ThreadPoolExecutor-1_0, started 281472806220128)>","logger":"task.stdout"}
{"timestamp":"2026-01-01T00:11:04.109623Z","level":"info","event":"  File \"/usr/python/lib/python3.12/threading.py\", line 1075, in _bootstrap_inner","logger":"task.stdout"}
{"timestamp":"2026-01-01T00:11:04.109662Z","level":"info","event":"    self.run()","logger":"task.stdout"}
{"timestamp":"2026-01-01T00:11:04.109701Z","level":"info","event":"    │    └ <function Thread.run at 0xffff99068c20>","logger":"task.stdout"}
{"timestamp":"2026-01-01T00:11:04.109742Z","level":"info","event":"    └ <Thread(ThreadPoolExecutor-1_0, started 281472806220128)>","logger":"task.stdout"}
{"timestamp":"2026-01-01T00:11:04.109793Z","level":"info","event":"  File \"/usr/python/lib/python3.12/threading.py\", line 1012, in run","logger":"task.stdout"}
{"timestamp":"2026-01-01T00:11:04.109834Z","level":"info","event":"    self._target(*self._args, **self._kwargs)","logger":"task.stdout"}
{"timestamp":"2026-01-01T00:11:04.109876Z","level":"info","event":"    │    │        │    │        │    └ {}","logger":"task.stdout"}
{"timestamp":"2026-01-01T00:11:04.109929Z","level":"info","event":"    │    │        │    │        └ <Thread(ThreadPoolExecutor-1_0, started 281472806220128)>","logger":"task.stdout"}
{"timestamp":"2026-01-01T00:11:04.109992Z","level":"info","event":"    │    │        │    └ (<weakref at 0xffff90350ef0; to 'ThreadPoolExecutor' at 0xffff86d3eb70>, <_queue.SimpleQueue object at 0xffff712e3b00>, None,...","logger":"task.stdout"}
{"timestamp":"2026-01-01T00:11:04.110039Z","level":"info","event":"    │    │        └ <Thread(ThreadPoolExecutor-1_0, started 281472806220128)>","logger":"task.stdout"}
{"timestamp":"2026-01-01T00:11:04.110080Z","level":"info","event":"    │    └ <function _worker at 0xffff937a1c60>","logger":"task.stdout"}
{"timestamp":"2026-01-01T00:11:04.110125Z","level":"info","event":"    └ <Thread(ThreadPoolExecutor-1_0, started 281472806220128)>","logger":"task.stdout"}
{"timestamp":"2026-01-01T00:11:04.110167Z","level":"info","event":"  File \"/usr/python/lib/python3.12/concurrent/futures/thread.py\", line 93, in _worker","logger":"task.stdout"}
{"timestamp":"2026-01-01T00:11:04.110208Z","level":"info","event":"    work_item.run()","logger":"task.stdout"}
{"timestamp":"2026-01-01T00:11:04.110263Z","level":"info","event":"    │         └ <function _WorkItem.run at 0xffff937a1da0>","logger":"task.stdout"}
{"timestamp":"2026-01-01T00:11:04.110314Z","level":"info","event":"    └ <concurrent.futures.thread._WorkItem object at 0xffff70469670>","logger":"task.stdout"}
{"timestamp":"2026-01-01T00:11:04.110359Z","level":"info","event":"  File \"/usr/python/lib/python3.12/concurrent/futures/thread.py\", line 59, in run","logger":"task.stdout"}
{"timestamp":"2026-01-01T00:11:04.110401Z","level":"info","event":"    result = self.fn(*self.args, **self.kwargs)","logger":"task.stdout"}
{"timestamp":"2026-01-01T00:11:04.110480Z","level":"info","event":"             │    │   │    │       │    └ {}","logger":"task.stdout"}
{"timestamp":"2026-01-01T00:11:04.110525Z","level":"info","event":"             │    │   │    │       └ <concurrent.futures.thread._WorkItem object at 0xffff70469670>","logger":"task.stdout"}
{"timestamp":"2026-01-01T00:11:04.110573Z","level":"info","event":"             │    │   │    └ ([('process_flow_year_chunk-a756c1b0-c0b8-44c1-8a3b-b0c0a7a011b5', (<Task 'process_flow_year_chunk-a756c1b0-c0b8-44c1-8a3b-b0...","logger":"task.stdout"}
{"timestamp":"2026-01-01T00:11:04.110623Z","level":"info","event":"             │    │   └ <concurrent.futures.thread._WorkItem object at 0xffff70469670>","logger":"task.stdout"}
{"timestamp":"2026-01-01T00:11:04.110665Z","level":"info","event":"             │    └ <function batch_execute_tasks at 0xffff8d561d00>","logger":"task.stdout"}
{"timestamp":"2026-01-01T00:11:04.112272Z","level":"info","event":"             └ <concurrent.futures.thread._WorkItem object at 0xffff70469670>","logger":"task.stdout"}
{"timestamp":"2026-01-01T00:11:04.112358Z","level":"info","event":"  File \"/home/airflow/.local/lib/python3.12/site-packages/dask/local.py\", line 270, in batch_execute_tasks","logger":"task.stdout"}
{"timestamp":"2026-01-01T00:11:04.112406Z","level":"info","event":"    return [execute_task(*a) for a in it]","logger":"task.stdout"}
{"timestamp":"2026-01-01T00:11:04.112449Z","level":"info","event":"            │             │      │    └ [('process_flow_year_chunk-a756c1b0-c0b8-44c1-8a3b-b0c0a7a011b5', (<Task 'process_flow_year_chunk-a756c1b0-c0b8-44c1-8a3b-b0c...","logger":"task.stdout"}
{"timestamp":"2026-01-01T00:11:04.112494Z","level":"info","event":"            │             │      └ ('process_flow_year_chunk-a756c1b0-c0b8-44c1-8a3b-b0c0a7a011b5', (<Task 'process_flow_year_chunk-a756c1b0-c0b8-44c1-8a3b-b0c0...","logger":"task.stdout"}
{"timestamp":"2026-01-01T00:11:04.112537Z","level":"info","event":"            │             └ ('process_flow_year_chunk-a756c1b0-c0b8-44c1-8a3b-b0c0a7a011b5', (<Task 'process_flow_year_chunk-a756c1b0-c0b8-44c1-8a3b-b0c0...","logger":"task.stdout"}
{"timestamp":"2026-01-01T00:11:04.112581Z","level":"info","event":"            └ <function execute_task at 0xffff8d561c60>","logger":"task.stdout"}
{"timestamp":"2026-01-01T00:11:04.112625Z","level":"info","event":"  File \"/home/airflow/.local/lib/python3.12/site-packages/dask/local.py\", line 256, in execute_task","logger":"task.stdout"}
{"timestamp":"2026-01-01T00:11:04.112668Z","level":"info","event":"    result = task(data)","logger":"task.stdout"}
{"timestamp":"2026-01-01T00:11:04.112714Z","level":"info","event":"             │    └ {}","logger":"task.stdout"}
{"timestamp":"2026-01-01T00:11:04.112755Z","level":"info","event":"             └ <Task 'process_flow_year_chunk-a756c1b0-c0b8-44c1-8a3b-b0c0a7a011b5' process_flow_year_chunk(...)>","logger":"task.stdout"}
{"timestamp":"2026-01-01T00:11:04.112798Z","level":"info","event":"  File \"/home/airflow/.local/lib/python3.12/site-packages/dask/_task_spec.py\", line 759, in __call__","logger":"task.stdout"}
{"timestamp":"2026-01-01T00:11:04.112841Z","level":"info","event":"    return self.func(*new_argspec)","logger":"task.stdout"}
{"timestamp":"2026-01-01T00:11:04.112891Z","level":"info","event":"           │    │     └ ('IMTS', 'IMF.STA,IMTS,latest', [1983, 1984, 1985, 1986, 1987], IMFConfig(key='all', sub_key='all', base_url='https://api.imf...","logger":"task.stdout"}
{"timestamp":"2026-01-01T00:11:04.112946Z","level":"info","event":"           │    └ <member 'func' of 'Task' objects>","logger":"task.stdout"}
{"timestamp":"2026-01-01T00:11:04.112995Z","level":"info","event":"           └ <Task 'process_flow_year_chunk-a756c1b0-c0b8-44c1-8a3b-b0c0a7a011b5' process_flow_year_chunk(...)>","logger":"task.stdout"}
{"timestamp":"2026-01-01T00:11:04.113038Z","level":"info","event":"","logger":"task.stdout"}
{"timestamp":"2026-01-01T00:11:04.113110Z","level":"info","event":"> File \"/opt/airflow/dags/pipelines/imf/pipeline.py\", line 54, in process_flow_year_chunk","logger":"task.stdout"}
{"timestamp":"2026-01-01T00:11:04.113154Z","level":"info","event":"    if s3_object_exists(s3_cfg.bucket, s3_key, s3_cfg.region):","logger":"task.stdout"}
{"timestamp":"2026-01-01T00:11:04.113195Z","level":"info","event":"       │                │      │       │       │      └ 'eu-west-1'","logger":"task.stdout"}
{"timestamp":"2026-01-01T00:11:04.113239Z","level":"info","event":"       │                │      │       │       └ S3Config(bucket='personal-projectbucket', prefix='imf', region='eu-west-1')","logger":"task.stdout"}
{"timestamp":"2026-01-01T00:11:04.113306Z","level":"info","event":"       │                │      │       └ 'imf/IMTS/year=1985/IMTS_1985.csv'","logger":"task.stdout"}
{"timestamp":"2026-01-01T00:11:04.113441Z","level":"info","event":"       │                │      └ 'personal-projectbucket'","logger":"task.stdout"}
{"timestamp":"2026-01-01T00:11:04.113494Z","level":"info","event":"       │                └ S3Config(bucket='personal-projectbucket', prefix='imf', region='eu-west-1')","logger":"task.stdout"}
{"timestamp":"2026-01-01T00:11:04.113537Z","level":"info","event":"       └ <function s3_object_exists at 0xffff8cfba7a0>","logger":"task.stdout"}
{"timestamp":"2026-01-01T00:11:04.113580Z","level":"info","event":"","logger":"task.stdout"}
{"timestamp":"2026-01-01T00:11:04.113626Z","level":"info","event":"  File \"/opt/airflow/dags/pipelines/common/s3_utils.py\", line 29, in s3_object_exists","logger":"task.stdout"}
{"timestamp":"2026-01-01T00:11:04.113670Z","level":"info","event":"    s3.head_object(Bucket=bucket, Key=key)","logger":"task.stdout"}
{"timestamp":"2026-01-01T00:11:04.113711Z","level":"info","event":"    │  │                  │           └ 'imf/IMTS/year=1985/IMTS_1985.csv'","logger":"task.stdout"}
{"timestamp":"2026-01-01T00:11:04.113753Z","level":"info","event":"    │  │                  └ 'personal-projectbucket'","logger":"task.stdout"}
{"timestamp":"2026-01-01T00:11:04.113798Z","level":"info","event":"    │  └ <function ClientCreator._create_api_method.<locals>._api_call at 0xffff71310680>","logger":"task.stdout"}
{"timestamp":"2026-01-01T00:11:04.113853Z","level":"info","event":"    └ <botocore.client.S3 object at 0xffff717a79e0>","logger":"task.stdout"}
{"timestamp":"2026-01-01T00:11:04.113901Z","level":"info","event":"","logger":"task.stdout"}
{"timestamp":"2026-01-01T00:11:04.113942Z","level":"info","event":"  File \"/home/airflow/.local/lib/python3.12/site-packages/botocore/client.py\", line 602, in _api_call","logger":"task.stdout"}
{"timestamp":"2026-01-01T00:11:04.113984Z","level":"info","event":"    return self._make_api_call(operation_name, kwargs)","logger":"task.stdout"}
{"timestamp":"2026-01-01T00:11:04.114027Z","level":"info","event":"           │    │              │               └ {'Bucket': 'personal-projectbucket', 'Key': 'imf/IMTS/year=1985/IMTS_1985.csv'}","logger":"task.stdout"}
{"timestamp":"2026-01-01T00:11:04.114068Z","level":"info","event":"           │    │              └ 'HeadObject'","logger":"task.stdout"}
{"timestamp":"2026-01-01T00:11:04.114109Z","level":"info","event":"           │    └ <function BaseClient._make_api_call at 0xffff8cf3b060>","logger":"task.stdout"}
{"timestamp":"2026-01-01T00:11:04.114153Z","level":"info","event":"           └ <botocore.client.S3 object at 0xffff717a79e0>","logger":"task.stdout"}
{"timestamp":"2026-01-01T00:11:04.114194Z","level":"info","event":"  File \"/home/airflow/.local/lib/python3.12/site-packages/botocore/context.py\", line 123, in wrapper","logger":"task.stdout"}
{"timestamp":"2026-01-01T00:11:04.114235Z","level":"info","event":"    return func(*args, **kwargs)","logger":"task.stdout"}
{"timestamp":"2026-01-01T00:11:04.114285Z","level":"info","event":"           │     │       └ {}","logger":"task.stdout"}
{"timestamp":"2026-01-01T00:11:04.114335Z","level":"info","event":"           │     └ (<botocore.client.S3 object at 0xffff717a79e0>, 'HeadObject', {'Bucket': 'personal-projectbucket', 'Key': 'imf/IMTS/year=1985...","logger":"task.stdout"}
{"timestamp":"2026-01-01T00:11:04.114422Z","level":"info","event":"           └ <function BaseClient._make_api_call at 0xffff8cf3afc0>","logger":"task.stdout"}
{"timestamp":"2026-01-01T00:11:04.114477Z","level":"info","event":"  File \"/home/airflow/.local/lib/python3.12/site-packages/botocore/client.py\", line 1078, in _make_api_call","logger":"task.stdout"}
{"timestamp":"2026-01-01T00:11:04.114529Z","level":"info","event":"    raise error_class(parsed_response, operation_name)","logger":"task.stdout"}
{"timestamp":"2026-01-01T00:11:04.114571Z","level":"info","event":"          │           │                └ 'HeadObject'","logger":"task.stdout"}
{"timestamp":"2026-01-01T00:11:04.114610Z","level":"info","event":"          │           └ {'Error': {'Code': '403', 'Message': 'Forbidden'}, 'ResponseMetadata': {'RequestId': '984NB0S52QBCF5TN', 'HostId': 'C2DAZ7ASu...","logger":"task.stdout"}
{"timestamp":"2026-01-01T00:11:04.114650Z","level":"info","event":"          └ <class 'botocore.exceptions.ClientError'>","logger":"task.stdout"}
{"timestamp":"2026-01-01T00:11:04.114690Z","level":"info","event":"","logger":"task.stdout"}
{"timestamp":"2026-01-01T00:11:04.114730Z","level":"info","event":"botocore.exceptions.ClientError: An error occurred (403) when calling the HeadObject operation: Forbidden","logger":"task.stdout"}
{"timestamp":"2026-01-01T00:11:04.253480Z","level":"info","event":"2026-01-01 00:11:04 | ERROR | S3 head_object failed | flow=IMTS year=1986 key=imf/IMTS/year=1986/IMTS_1986.csv","logger":"task.stdout"}
{"timestamp":"2026-01-01T00:11:04.258318Z","level":"info","event":"Traceback (most recent call last):","logger":"task.stdout"}
{"timestamp":"2026-01-01T00:11:04.260265Z","level":"info","event":"","logger":"task.stdout"}
{"timestamp":"2026-01-01T00:11:04.260339Z","level":"info","event":"  File \"/usr/python/lib/python3.12/threading.py\", line 1032, in _bootstrap","logger":"task.stdout"}
{"timestamp":"2026-01-01T00:11:04.260385Z","level":"info","event":"    self._bootstrap_inner()","logger":"task.stdout"}
{"timestamp":"2026-01-01T00:11:04.260427Z","level":"info","event":"    │    └ <function Thread._bootstrap_inner at 0xffff99068f40>","logger":"task.stdout"}
{"timestamp":"2026-01-01T00:11:04.260470Z","level":"info","event":"    └ <Thread(ThreadPoolExecutor-1_0, started 281472806220128)>","logger":"task.stdout"}
{"timestamp":"2026-01-01T00:11:04.260511Z","level":"info","event":"  File \"/usr/python/lib/python3.12/threading.py\", line 1075, in _bootstrap_inner","logger":"task.stdout"}
{"timestamp":"2026-01-01T00:11:04.260551Z","level":"info","event":"    self.run()","logger":"task.stdout"}
{"timestamp":"2026-01-01T00:11:04.260594Z","level":"info","event":"    │    └ <function Thread.run at 0xffff99068c20>","logger":"task.stdout"}
{"timestamp":"2026-01-01T00:11:04.260635Z","level":"info","event":"    └ <Thread(ThreadPoolExecutor-1_0, started 281472806220128)>","logger":"task.stdout"}
{"timestamp":"2026-01-01T00:11:04.260675Z","level":"info","event":"  File \"/usr/python/lib/python3.12/threading.py\", line 1012, in run","logger":"task.stdout"}
{"timestamp":"2026-01-01T00:11:04.260716Z","level":"info","event":"    self._target(*self._args, **self._kwargs)","logger":"task.stdout"}
{"timestamp":"2026-01-01T00:11:04.260756Z","level":"info","event":"    │    │        │    │        │    └ {}","logger":"task.stdout"}
{"timestamp":"2026-01-01T00:11:04.260798Z","level":"info","event":"    │    │        │    │        └ <Thread(ThreadPoolExecutor-1_0, started 281472806220128)>","logger":"task.stdout"}
{"timestamp":"2026-01-01T00:11:04.260843Z","level":"info","event":"    │    │        │    └ (<weakref at 0xffff90350ef0; to 'ThreadPoolExecutor' at 0xffff86d3eb70>, <_queue.SimpleQueue object at 0xffff712e3b00>, None,...","logger":"task.stdout"}
{"timestamp":"2026-01-01T00:11:04.260883Z","level":"info","event":"    │    │        └ <Thread(ThreadPoolExecutor-1_0, started 281472806220128)>","logger":"task.stdout"}
{"timestamp":"2026-01-01T00:11:04.260966Z","level":"info","event":"    │    └ <function _worker at 0xffff937a1c60>","logger":"task.stdout"}
{"timestamp":"2026-01-01T00:11:04.261014Z","level":"info","event":"    └ <Thread(ThreadPoolExecutor-1_0, started 281472806220128)>","logger":"task.stdout"}
{"timestamp":"2026-01-01T00:11:04.261060Z","level":"info","event":"  File \"/usr/python/lib/python3.12/concurrent/futures/thread.py\", line 93, in _worker","logger":"task.stdout"}
{"timestamp":"2026-01-01T00:11:04.261106Z","level":"info","event":"    work_item.run()","logger":"task.stdout"}
{"timestamp":"2026-01-01T00:11:04.261146Z","level":"info","event":"    │         └ <function _WorkItem.run at 0xffff937a1da0>","logger":"task.stdout"}
{"timestamp":"2026-01-01T00:11:04.261185Z","level":"info","event":"    └ <concurrent.futures.thread._WorkItem object at 0xffff70469670>","logger":"task.stdout"}
{"timestamp":"2026-01-01T00:11:04.261223Z","level":"info","event":"  File \"/usr/python/lib/python3.12/concurrent/futures/thread.py\", line 59, in run","logger":"task.stdout"}
{"timestamp":"2026-01-01T00:11:04.261263Z","level":"info","event":"    result = self.fn(*self.args, **self.kwargs)","logger":"task.stdout"}
{"timestamp":"2026-01-01T00:11:04.261302Z","level":"info","event":"             │    │   │    │       │    └ {}","logger":"task.stdout"}
{"timestamp":"2026-01-01T00:11:04.261344Z","level":"info","event":"             │    │   │    │       └ <concurrent.futures.thread._WorkItem object at 0xffff70469670>","logger":"task.stdout"}
{"timestamp":"2026-01-01T00:11:04.261386Z","level":"info","event":"             │    │   │    └ ([('process_flow_year_chunk-a756c1b0-c0b8-44c1-8a3b-b0c0a7a011b5', (<Task 'process_flow_year_chunk-a756c1b0-c0b8-44c1-8a3b-b0...","logger":"task.stdout"}
{"timestamp":"2026-01-01T00:11:04.261432Z","level":"info","event":"             │    │   └ <concurrent.futures.thread._WorkItem object at 0xffff70469670>","logger":"task.stdout"}
{"timestamp":"2026-01-01T00:11:04.261473Z","level":"info","event":"             │    └ <function batch_execute_tasks at 0xffff8d561d00>","logger":"task.stdout"}
{"timestamp":"2026-01-01T00:11:04.261513Z","level":"info","event":"             └ <concurrent.futures.thread._WorkItem object at 0xffff70469670>","logger":"task.stdout"}
{"timestamp":"2026-01-01T00:11:04.261551Z","level":"info","event":"  File \"/home/airflow/.local/lib/python3.12/site-packages/dask/local.py\", line 270, in batch_execute_tasks","logger":"task.stdout"}
{"timestamp":"2026-01-01T00:11:04.261590Z","level":"info","event":"    return [execute_task(*a) for a in it]","logger":"task.stdout"}
{"timestamp":"2026-01-01T00:11:04.261629Z","level":"info","event":"            │             │      │    └ [('process_flow_year_chunk-a756c1b0-c0b8-44c1-8a3b-b0c0a7a011b5', (<Task 'process_flow_year_chunk-a756c1b0-c0b8-44c1-8a3b-b0c...","logger":"task.stdout"}
{"timestamp":"2026-01-01T00:11:04.261668Z","level":"info","event":"            │             │      └ ('process_flow_year_chunk-a756c1b0-c0b8-44c1-8a3b-b0c0a7a011b5', (<Task 'process_flow_year_chunk-a756c1b0-c0b8-44c1-8a3b-b0c0...","logger":"task.stdout"}
{"timestamp":"2026-01-01T00:11:04.261708Z","level":"info","event":"            │             └ ('process_flow_year_chunk-a756c1b0-c0b8-44c1-8a3b-b0c0a7a011b5', (<Task 'process_flow_year_chunk-a756c1b0-c0b8-44c1-8a3b-b0c0...","logger":"task.stdout"}
{"timestamp":"2026-01-01T00:11:04.261749Z","level":"info","event":"            └ <function execute_task at 0xffff8d561c60>","logger":"task.stdout"}
{"timestamp":"2026-01-01T00:11:04.261790Z","level":"info","event":"  File \"/home/airflow/.local/lib/python3.12/site-packages/dask/local.py\", line 256, in execute_task","logger":"task.stdout"}
{"timestamp":"2026-01-01T00:11:04.261832Z","level":"info","event":"    result = task(data)","logger":"task.stdout"}
{"timestamp":"2026-01-01T00:11:04.261898Z","level":"info","event":"             │    └ {}","logger":"task.stdout"}
{"timestamp":"2026-01-01T00:11:04.261935Z","level":"info","event":"             └ <Task 'process_flow_year_chunk-a756c1b0-c0b8-44c1-8a3b-b0c0a7a011b5' process_flow_year_chunk(...)>","logger":"task.stdout"}
{"timestamp":"2026-01-01T00:11:04.261978Z","level":"info","event":"  File \"/home/airflow/.local/lib/python3.12/site-packages/dask/_task_spec.py\", line 759, in __call__","logger":"task.stdout"}
{"timestamp":"2026-01-01T00:11:04.262018Z","level":"info","event":"    return self.func(*new_argspec)","logger":"task.stdout"}
{"timestamp":"2026-01-01T00:11:04.262057Z","level":"info","event":"           │    │     └ ('IMTS', 'IMF.STA,IMTS,latest', [1983, 1984, 1985, 1986, 1987], IMFConfig(key='all', sub_key='all', base_url='https://api.imf...","logger":"task.stdout"}
{"timestamp":"2026-01-01T00:11:04.262097Z","level":"info","event":"           │    └ <member 'func' of 'Task' objects>","logger":"task.stdout"}
{"timestamp":"2026-01-01T00:11:04.262140Z","level":"info","event":"           └ <Task 'process_flow_year_chunk-a756c1b0-c0b8-44c1-8a3b-b0c0a7a011b5' process_flow_year_chunk(...)>","logger":"task.stdout"}
{"timestamp":"2026-01-01T00:11:04.262182Z","level":"info","event":"","logger":"task.stdout"}
{"timestamp":"2026-01-01T00:11:04.262225Z","level":"info","event":"> File \"/opt/airflow/dags/pipelines/imf/pipeline.py\", line 54, in process_flow_year_chunk","logger":"task.stdout"}
{"timestamp":"2026-01-01T00:11:04.262268Z","level":"info","event":"    if s3_object_exists(s3_cfg.bucket, s3_key, s3_cfg.region):","logger":"task.stdout"}
{"timestamp":"2026-01-01T00:11:04.262306Z","level":"info","event":"       │                │      │       │       │      └ 'eu-west-1'","logger":"task.stdout"}
{"timestamp":"2026-01-01T00:11:04.262346Z","level":"info","event":"       │                │      │       │       └ S3Config(bucket='personal-projectbucket', prefix='imf', region='eu-west-1')","logger":"task.stdout"}
{"timestamp":"2026-01-01T00:11:04.262384Z","level":"info","event":"       │                │      │       └ 'imf/IMTS/year=1986/IMTS_1986.csv'","logger":"task.stdout"}
{"timestamp":"2026-01-01T00:11:04.262461Z","level":"info","event":"       │                │      └ 'personal-projectbucket'","logger":"task.stdout"}
{"timestamp":"2026-01-01T00:11:04.262504Z","level":"info","event":"       │                └ S3Config(bucket='personal-projectbucket', prefix='imf', region='eu-west-1')","logger":"task.stdout"}
{"timestamp":"2026-01-01T00:11:04.262544Z","level":"info","event":"       └ <function s3_object_exists at 0xffff8cfba7a0>","logger":"task.stdout"}
{"timestamp":"2026-01-01T00:11:04.262586Z","level":"info","event":"","logger":"task.stdout"}
{"timestamp":"2026-01-01T00:11:04.262625Z","level":"info","event":"  File \"/opt/airflow/dags/pipelines/common/s3_utils.py\", line 29, in s3_object_exists","logger":"task.stdout"}
{"timestamp":"2026-01-01T00:11:04.262666Z","level":"info","event":"    s3.head_object(Bucket=bucket, Key=key)","logger":"task.stdout"}
{"timestamp":"2026-01-01T00:11:04.262704Z","level":"info","event":"    │  │                  │           └ 'imf/IMTS/year=1986/IMTS_1986.csv'","logger":"task.stdout"}
{"timestamp":"2026-01-01T00:11:04.262741Z","level":"info","event":"    │  │                  └ 'personal-projectbucket'","logger":"task.stdout"}
{"timestamp":"2026-01-01T00:11:04.262781Z","level":"info","event":"    │  └ <function ClientCreator._create_api_method.<locals>._api_call at 0xffff71310680>","logger":"task.stdout"}
{"timestamp":"2026-01-01T00:11:04.262820Z","level":"info","event":"    └ <botocore.client.S3 object at 0xffff717a79e0>","logger":"task.stdout"}
{"timestamp":"2026-01-01T00:11:04.262859Z","level":"info","event":"","logger":"task.stdout"}
{"timestamp":"2026-01-01T00:11:04.262898Z","level":"info","event":"  File \"/home/airflow/.local/lib/python3.12/site-packages/botocore/client.py\", line 602, in _api_call","logger":"task.stdout"}
{"timestamp":"2026-01-01T00:11:04.262962Z","level":"info","event":"    return self._make_api_call(operation_name, kwargs)","logger":"task.stdout"}
{"timestamp":"2026-01-01T00:11:04.263000Z","level":"info","event":"           │    │              │               └ {'Bucket': 'personal-projectbucket', 'Key': 'imf/IMTS/year=1986/IMTS_1986.csv'}","logger":"task.stdout"}
{"timestamp":"2026-01-01T00:11:04.263038Z","level":"info","event":"           │    │              └ 'HeadObject'","logger":"task.stdout"}
{"timestamp":"2026-01-01T00:11:04.263076Z","level":"info","event":"           │    └ <function BaseClient._make_api_call at 0xffff8cf3b060>","logger":"task.stdout"}
{"timestamp":"2026-01-01T00:11:04.263114Z","level":"info","event":"           └ <botocore.client.S3 object at 0xffff717a79e0>","logger":"task.stdout"}
{"timestamp":"2026-01-01T00:11:04.263152Z","level":"info","event":"  File \"/home/airflow/.local/lib/python3.12/site-packages/botocore/context.py\", line 123, in wrapper","logger":"task.stdout"}
{"timestamp":"2026-01-01T00:11:04.263190Z","level":"info","event":"    return func(*args, **kwargs)","logger":"task.stdout"}
{"timestamp":"2026-01-01T00:11:04.263230Z","level":"info","event":"           │     │       └ {}","logger":"task.stdout"}
{"timestamp":"2026-01-01T00:11:04.263278Z","level":"info","event":"           │     └ (<botocore.client.S3 object at 0xffff717a79e0>, 'HeadObject', {'Bucket': 'personal-projectbucket', 'Key': 'imf/IMTS/year=1986...","logger":"task.stdout"}
{"timestamp":"2026-01-01T00:11:04.263317Z","level":"info","event":"           └ <function BaseClient._make_api_call at 0xffff8cf3afc0>","logger":"task.stdout"}
{"timestamp":"2026-01-01T00:11:04.263356Z","level":"info","event":"  File \"/home/airflow/.local/lib/python3.12/site-packages/botocore/client.py\", line 1078, in _make_api_call","logger":"task.stdout"}
{"timestamp":"2026-01-01T00:11:04.263394Z","level":"info","event":"    raise error_class(parsed_response, operation_name)","logger":"task.stdout"}
{"timestamp":"2026-01-01T00:11:04.266260Z","level":"info","event":"          │           │                └ 'HeadObject'","logger":"task.stdout"}
{"timestamp":"2026-01-01T00:11:04.266318Z","level":"info","event":"          │           └ {'Error': {'Code': '403', 'Message': 'Forbidden'}, 'ResponseMetadata': {'RequestId': '984Y1QED0AQ9T9EB', 'HostId': 'r96jM3/5J...","logger":"task.stdout"}
{"timestamp":"2026-01-01T00:11:04.266361Z","level":"info","event":"          └ <class 'botocore.exceptions.ClientError'>","logger":"task.stdout"}
{"timestamp":"2026-01-01T00:11:04.266400Z","level":"info","event":"","logger":"task.stdout"}
{"timestamp":"2026-01-01T00:11:04.266440Z","level":"info","event":"botocore.exceptions.ClientError: An error occurred (403) when calling the HeadObject operation: Forbidden","logger":"task.stdout"}
{"timestamp":"2026-01-01T00:11:04.395204Z","level":"info","event":"2026-01-01 00:11:04 | ERROR | S3 head_object failed | flow=IMTS year=1987 key=imf/IMTS/year=1987/IMTS_1987.csv","logger":"task.stdout"}
{"timestamp":"2026-01-01T00:11:04.395364Z","level":"info","event":"Traceback (most recent call last):","logger":"task.stdout"}
{"timestamp":"2026-01-01T00:11:04.395418Z","level":"info","event":"","logger":"task.stdout"}
{"timestamp":"2026-01-01T00:11:04.395466Z","level":"info","event":"  File \"/usr/python/lib/python3.12/threading.py\", line 1032, in _bootstrap","logger":"task.stdout"}
{"timestamp":"2026-01-01T00:11:04.395511Z","level":"info","event":"    self._bootstrap_inner()","logger":"task.stdout"}
{"timestamp":"2026-01-01T00:11:04.395557Z","level":"info","event":"    │    └ <function Thread._bootstrap_inner at 0xffff99068f40>","logger":"task.stdout"}
{"timestamp":"2026-01-01T00:11:04.395604Z","level":"info","event":"    └ <Thread(ThreadPoolExecutor-1_0, started 281472806220128)>","logger":"task.stdout"}
{"timestamp":"2026-01-01T00:11:04.395647Z","level":"info","event":"  File \"/usr/python/lib/python3.12/threading.py\", line 1075, in _bootstrap_inner","logger":"task.stdout"}
{"timestamp":"2026-01-01T00:11:04.395727Z","level":"info","event":"    self.run()","logger":"task.stdout"}
{"timestamp":"2026-01-01T00:11:04.395769Z","level":"info","event":"    │    └ <function Thread.run at 0xffff99068c20>","logger":"task.stdout"}
{"timestamp":"2026-01-01T00:11:04.395814Z","level":"info","event":"    └ <Thread(ThreadPoolExecutor-1_0, started 281472806220128)>","logger":"task.stdout"}
{"timestamp":"2026-01-01T00:11:04.395860Z","level":"info","event":"  File \"/usr/python/lib/python3.12/threading.py\", line 1012, in run","logger":"task.stdout"}
{"timestamp":"2026-01-01T00:11:04.395904Z","level":"info","event":"    self._target(*self._args, **self._kwargs)","logger":"task.stdout"}
{"timestamp":"2026-01-01T00:11:04.395951Z","level":"info","event":"    │    │        │    │        │    └ {}","logger":"task.stdout"}
{"timestamp":"2026-01-01T00:11:04.395992Z","level":"info","event":"    │    │        │    │        └ <Thread(ThreadPoolExecutor-1_0, started 281472806220128)>","logger":"task.stdout"}
{"timestamp":"2026-01-01T00:11:04.396040Z","level":"info","event":"    │    │        │    └ (<weakref at 0xffff90350ef0; to 'ThreadPoolExecutor' at 0xffff86d3eb70>, <_queue.SimpleQueue object at 0xffff712e3b00>, None,...","logger":"task.stdout"}
{"timestamp":"2026-01-01T00:11:04.396082Z","level":"info","event":"    │    │        └ <Thread(ThreadPoolExecutor-1_0, started 281472806220128)>","logger":"task.stdout"}
{"timestamp":"2026-01-01T00:11:04.396128Z","level":"info","event":"    │    └ <function _worker at 0xffff937a1c60>","logger":"task.stdout"}
{"timestamp":"2026-01-01T00:11:04.396171Z","level":"info","event":"    └ <Thread(ThreadPoolExecutor-1_0, started 281472806220128)>","logger":"task.stdout"}
{"timestamp":"2026-01-01T00:11:04.396212Z","level":"info","event":"  File \"/usr/python/lib/python3.12/concurrent/futures/thread.py\", line 93, in _worker","logger":"task.stdout"}
{"timestamp":"2026-01-01T00:11:04.396257Z","level":"info","event":"    work_item.run()","logger":"task.stdout"}
{"timestamp":"2026-01-01T00:11:04.396298Z","level":"info","event":"    │         └ <function _WorkItem.run at 0xffff937a1da0>","logger":"task.stdout"}
{"timestamp":"2026-01-01T00:11:04.396336Z","level":"info","event":"    └ <concurrent.futures.thread._WorkItem object at 0xffff70469670>","logger":"task.stdout"}
{"timestamp":"2026-01-01T00:11:04.396377Z","level":"info","event":"  File \"/usr/python/lib/python3.12/concurrent/futures/thread.py\", line 59, in run","logger":"task.stdout"}
{"timestamp":"2026-01-01T00:11:04.396417Z","level":"info","event":"    result = self.fn(*self.args, **self.kwargs)","logger":"task.stdout"}
{"timestamp":"2026-01-01T00:11:04.396457Z","level":"info","event":"             │    │   │    │       │    └ {}","logger":"task.stdout"}
{"timestamp":"2026-01-01T00:11:04.396497Z","level":"info","event":"             │    │   │    │       └ <concurrent.futures.thread._WorkItem object at 0xffff70469670>","logger":"task.stdout"}
{"timestamp":"2026-01-01T00:11:04.396543Z","level":"info","event":"             │    │   │    └ ([('process_flow_year_chunk-a756c1b0-c0b8-44c1-8a3b-b0c0a7a011b5', (<Task 'process_flow_year_chunk-a756c1b0-c0b8-44c1-8a3b-b0...","logger":"task.stdout"}
{"timestamp":"2026-01-01T00:11:04.396584Z","level":"info","event":"             │    │   └ <concurrent.futures.thread._WorkItem object at 0xffff70469670>","logger":"task.stdout"}
{"timestamp":"2026-01-01T00:11:04.396629Z","level":"info","event":"             │    └ <function batch_execute_tasks at 0xffff8d561d00>","logger":"task.stdout"}
{"timestamp":"2026-01-01T00:11:04.396670Z","level":"info","event":"             └ <concurrent.futures.thread._WorkItem object at 0xffff70469670>","logger":"task.stdout"}
{"timestamp":"2026-01-01T00:11:04.396713Z","level":"info","event":"  File \"/home/airflow/.local/lib/python3.12/site-packages/dask/local.py\", line 270, in batch_execute_tasks","logger":"task.stdout"}
{"timestamp":"2026-01-01T00:11:04.396753Z","level":"info","event":"    return [execute_task(*a) for a in it]","logger":"task.stdout"}
{"timestamp":"2026-01-01T00:11:04.396830Z","level":"info","event":"            │             │      │    └ [('process_flow_year_chunk-a756c1b0-c0b8-44c1-8a3b-b0c0a7a011b5', (<Task 'process_flow_year_chunk-a756c1b0-c0b8-44c1-8a3b-b0c...","logger":"task.stdout"}
{"timestamp":"2026-01-01T00:11:04.396871Z","level":"info","event":"            │             │      └ ('process_flow_year_chunk-a756c1b0-c0b8-44c1-8a3b-b0c0a7a011b5', (<Task 'process_flow_year_chunk-a756c1b0-c0b8-44c1-8a3b-b0c0...","logger":"task.stdout"}
{"timestamp":"2026-01-01T00:11:04.396911Z","level":"info","event":"            │             └ ('process_flow_year_chunk-a756c1b0-c0b8-44c1-8a3b-b0c0a7a011b5', (<Task 'process_flow_year_chunk-a756c1b0-c0b8-44c1-8a3b-b0c0...","logger":"task.stdout"}
{"timestamp":"2026-01-01T00:11:04.396952Z","level":"info","event":"            └ <function execute_task at 0xffff8d561c60>","logger":"task.stdout"}
{"timestamp":"2026-01-01T00:11:04.396990Z","level":"info","event":"  File \"/home/airflow/.local/lib/python3.12/site-packages/dask/local.py\", line 256, in execute_task","logger":"task.stdout"}
{"timestamp":"2026-01-01T00:11:04.397030Z","level":"info","event":"    result = task(data)","logger":"task.stdout"}
{"timestamp":"2026-01-01T00:11:04.397071Z","level":"info","event":"             │    └ {}","logger":"task.stdout"}
{"timestamp":"2026-01-01T00:11:04.397110Z","level":"info","event":"             └ <Task 'process_flow_year_chunk-a756c1b0-c0b8-44c1-8a3b-b0c0a7a011b5' process_flow_year_chunk(...)>","logger":"task.stdout"}
{"timestamp":"2026-01-01T00:11:04.397153Z","level":"info","event":"  File \"/home/airflow/.local/lib/python3.12/site-packages/dask/_task_spec.py\", line 759, in __call__","logger":"task.stdout"}
{"timestamp":"2026-01-01T00:11:04.397194Z","level":"info","event":"    return self.func(*new_argspec)","logger":"task.stdout"}
{"timestamp":"2026-01-01T00:11:04.397235Z","level":"info","event":"           │    │     └ ('IMTS', 'IMF.STA,IMTS,latest', [1983, 1984, 1985, 1986, 1987], IMFConfig(key='all', sub_key='all', base_url='https://api.imf...","logger":"task.stdout"}
{"timestamp":"2026-01-01T00:11:04.397283Z","level":"info","event":"           │    └ <member 'func' of 'Task' objects>","logger":"task.stdout"}
{"timestamp":"2026-01-01T00:11:04.397322Z","level":"info","event":"           └ <Task 'process_flow_year_chunk-a756c1b0-c0b8-44c1-8a3b-b0c0a7a011b5' process_flow_year_chunk(...)>","logger":"task.stdout"}
{"timestamp":"2026-01-01T00:11:04.397367Z","level":"info","event":"","logger":"task.stdout"}
{"timestamp":"2026-01-01T00:11:04.397408Z","level":"info","event":"> File \"/opt/airflow/dags/pipelines/imf/pipeline.py\", line 54, in process_flow_year_chunk","logger":"task.stdout"}
{"timestamp":"2026-01-01T00:11:04.397447Z","level":"info","event":"    if s3_object_exists(s3_cfg.bucket, s3_key, s3_cfg.region):","logger":"task.stdout"}
{"timestamp":"2026-01-01T00:11:04.397486Z","level":"info","event":"       │                │      │       │       │      └ 'eu-west-1'","logger":"task.stdout"}
{"timestamp":"2026-01-01T00:11:04.397527Z","level":"info","event":"       │                │      │       │       └ S3Config(bucket='personal-projectbucket', prefix='imf', region='eu-west-1')","logger":"task.stdout"}
{"timestamp":"2026-01-01T00:11:04.397567Z","level":"info","event":"       │                │      │       └ 'imf/IMTS/year=1987/IMTS_1987.csv'","logger":"task.stdout"}
{"timestamp":"2026-01-01T00:11:04.397646Z","level":"info","event":"       │                │      └ 'personal-projectbucket'","logger":"task.stdout"}
{"timestamp":"2026-01-01T00:11:04.397686Z","level":"info","event":"       │                └ S3Config(bucket='personal-projectbucket', prefix='imf', region='eu-west-1')","logger":"task.stdout"}
{"timestamp":"2026-01-01T00:11:04.397724Z","level":"info","event":"       └ <function s3_object_exists at 0xffff8cfba7a0>","logger":"task.stdout"}
{"timestamp":"2026-01-01T00:11:04.397787Z","level":"info","event":"","logger":"task.stdout"}
{"timestamp":"2026-01-01T00:11:04.397826Z","level":"info","event":"  File \"/opt/airflow/dags/pipelines/common/s3_utils.py\", line 29, in s3_object_exists","logger":"task.stdout"}
{"timestamp":"2026-01-01T00:11:04.397864Z","level":"info","event":"    s3.head_object(Bucket=bucket, Key=key)","logger":"task.stdout"}
{"timestamp":"2026-01-01T00:11:04.397903Z","level":"info","event":"    │  │                  │           └ 'imf/IMTS/year=1987/IMTS_1987.csv'","logger":"task.stdout"}
{"timestamp":"2026-01-01T00:11:04.397942Z","level":"info","event":"    │  │                  └ 'personal-projectbucket'","logger":"task.stdout"}
{"timestamp":"2026-01-01T00:11:04.397980Z","level":"info","event":"    │  └ <function ClientCreator._create_api_method.<locals>._api_call at 0xffff71310680>","logger":"task.stdout"}
{"timestamp":"2026-01-01T00:11:04.398020Z","level":"info","event":"    └ <botocore.client.S3 object at 0xffff717a79e0>","logger":"task.stdout"}
{"timestamp":"2026-01-01T00:11:04.398057Z","level":"info","event":"","logger":"task.stdout"}
{"timestamp":"2026-01-01T00:11:04.398096Z","level":"info","event":"  File \"/home/airflow/.local/lib/python3.12/site-packages/botocore/client.py\", line 602, in _api_call","logger":"task.stdout"}
{"timestamp":"2026-01-01T00:11:04.398136Z","level":"info","event":"    return self._make_api_call(operation_name, kwargs)","logger":"task.stdout"}
{"timestamp":"2026-01-01T00:11:04.398174Z","level":"info","event":"           │    │              │               └ {'Bucket': 'personal-projectbucket', 'Key': 'imf/IMTS/year=1987/IMTS_1987.csv'}","logger":"task.stdout"}
{"timestamp":"2026-01-01T00:11:04.398215Z","level":"info","event":"           │    │              └ 'HeadObject'","logger":"task.stdout"}
{"timestamp":"2026-01-01T00:11:04.398261Z","level":"info","event":"           │    └ <function BaseClient._make_api_call at 0xffff8cf3b060>","logger":"task.stdout"}
{"timestamp":"2026-01-01T00:11:04.398302Z","level":"info","event":"           └ <botocore.client.S3 object at 0xffff717a79e0>","logger":"task.stdout"}
{"timestamp":"2026-01-01T00:11:04.398340Z","level":"info","event":"  File \"/home/airflow/.local/lib/python3.12/site-packages/botocore/context.py\", line 123, in wrapper","logger":"task.stdout"}
{"timestamp":"2026-01-01T00:11:04.398379Z","level":"info","event":"    return func(*args, **kwargs)","logger":"task.stdout"}
{"timestamp":"2026-01-01T00:11:04.398418Z","level":"info","event":"           │     │       └ {}","logger":"task.stdout"}
{"timestamp":"2026-01-01T00:11:04.398458Z","level":"info","event":"           │     └ (<botocore.client.S3 object at 0xffff717a79e0>, 'HeadObject', {'Bucket': 'personal-projectbucket', 'Key': 'imf/IMTS/year=1987...","logger":"task.stdout"}
{"timestamp":"2026-01-01T00:11:04.398497Z","level":"info","event":"           └ <function BaseClient._make_api_call at 0xffff8cf3afc0>","logger":"task.stdout"}
{"timestamp":"2026-01-01T00:11:04.398539Z","level":"info","event":"  File \"/home/airflow/.local/lib/python3.12/site-packages/botocore/client.py\", line 1078, in _make_api_call","logger":"task.stdout"}
{"timestamp":"2026-01-01T00:11:04.398581Z","level":"info","event":"    raise error_class(parsed_response, operation_name)","logger":"task.stdout"}
{"timestamp":"2026-01-01T00:11:04.398619Z","level":"info","event":"          │           │                └ 'HeadObject'","logger":"task.stdout"}
{"timestamp":"2026-01-01T00:11:04.398658Z","level":"info","event":"          │           └ {'Error': {'Code': '403', 'Message': 'Forbidden'}, 'ResponseMetadata': {'RequestId': '984M9J8NZEYD0FFE', 'HostId': 'uJTaWkHYW...","logger":"task.stdout"}
{"timestamp":"2026-01-01T00:11:04.398697Z","level":"info","event":"          └ <class 'botocore.exceptions.ClientError'>","logger":"task.stdout"}
{"timestamp":"2026-01-01T00:11:04.398735Z","level":"info","event":"","logger":"task.stdout"}
{"timestamp":"2026-01-01T00:11:04.398776Z","level":"info","event":"botocore.exceptions.ClientError: An error occurred (403) when calling the HeadObject operation: Forbidden","logger":"task.stdout"}
{"timestamp":"2026-01-01T00:11:04.536182Z","level":"info","event":"2026-01-01 00:11:04 | ERROR | S3 head_object failed | flow=CPI year=2018 key=imf/CPI/year=2018/CPI_2018.csv","logger":"task.stdout"}
{"timestamp":"2026-01-01T00:11:04.536340Z","level":"info","event":"Traceback (most recent call last):","logger":"task.stdout"}
{"timestamp":"2026-01-01T00:11:04.536394Z","level":"info","event":"","logger":"task.stdout"}
{"timestamp":"2026-01-01T00:11:04.536439Z","level":"info","event":"  File \"/usr/python/lib/python3.12/threading.py\", line 1032, in _bootstrap","logger":"task.stdout"}
{"timestamp":"2026-01-01T00:11:04.536486Z","level":"info","event":"    self._bootstrap_inner()","logger":"task.stdout"}
{"timestamp":"2026-01-01T00:11:04.536528Z","level":"info","event":"    │    └ <function Thread._bootstrap_inner at 0xffff99068f40>","logger":"task.stdout"}
{"timestamp":"2026-01-01T00:11:04.536572Z","level":"info","event":"    └ <Thread(ThreadPoolExecutor-1_0, started 281472806220128)>","logger":"task.stdout"}
{"timestamp":"2026-01-01T00:11:04.536614Z","level":"info","event":"  File \"/usr/python/lib/python3.12/threading.py\", line 1075, in _bootstrap_inner","logger":"task.stdout"}
{"timestamp":"2026-01-01T00:11:04.536654Z","level":"info","event":"    self.run()","logger":"task.stdout"}
{"timestamp":"2026-01-01T00:11:04.536700Z","level":"info","event":"    │    └ <function Thread.run at 0xffff99068c20>","logger":"task.stdout"}
{"timestamp":"2026-01-01T00:11:04.536742Z","level":"info","event":"    └ <Thread(ThreadPoolExecutor-1_0, started 281472806220128)>","logger":"task.stdout"}
{"timestamp":"2026-01-01T00:11:04.539269Z","level":"info","event":"  File \"/usr/python/lib/python3.12/threading.py\", line 1012, in run","logger":"task.stdout"}
{"timestamp":"2026-01-01T00:11:04.539343Z","level":"info","event":"    self._target(*self._args, **self._kwargs)","logger":"task.stdout"}
{"timestamp":"2026-01-01T00:11:04.539389Z","level":"info","event":"    │    │        │    │        │    └ {}","logger":"task.stdout"}
{"timestamp":"2026-01-01T00:11:04.539435Z","level":"info","event":"    │    │        │    │        └ <Thread(ThreadPoolExecutor-1_0, started 281472806220128)>","logger":"task.stdout"}
{"timestamp":"2026-01-01T00:11:04.539481Z","level":"info","event":"    │    │        │    └ (<weakref at 0xffff90350ef0; to 'ThreadPoolExecutor' at 0xffff86d3eb70>, <_queue.SimpleQueue object at 0xffff712e3b00>, None,...","logger":"task.stdout"}
{"timestamp":"2026-01-01T00:11:04.539520Z","level":"info","event":"    │    │        └ <Thread(ThreadPoolExecutor-1_0, started 281472806220128)>","logger":"task.stdout"}
{"timestamp":"2026-01-01T00:11:04.539560Z","level":"info","event":"    │    └ <function _worker at 0xffff937a1c60>","logger":"task.stdout"}
{"timestamp":"2026-01-01T00:11:04.539599Z","level":"info","event":"    └ <Thread(ThreadPoolExecutor-1_0, started 281472806220128)>","logger":"task.stdout"}
{"timestamp":"2026-01-01T00:11:04.539639Z","level":"info","event":"  File \"/usr/python/lib/python3.12/concurrent/futures/thread.py\", line 93, in _worker","logger":"task.stdout"}
{"timestamp":"2026-01-01T00:11:04.539679Z","level":"info","event":"    work_item.run()","logger":"task.stdout"}
{"timestamp":"2026-01-01T00:11:04.539716Z","level":"info","event":"    │         └ <function _WorkItem.run at 0xffff937a1da0>","logger":"task.stdout"}
{"timestamp":"2026-01-01T00:11:04.539755Z","level":"info","event":"    └ <concurrent.futures.thread._WorkItem object at 0xffff71c106e0>","logger":"task.stdout"}
{"timestamp":"2026-01-01T00:11:04.539795Z","level":"info","event":"  File \"/usr/python/lib/python3.12/concurrent/futures/thread.py\", line 59, in run","logger":"task.stdout"}
{"timestamp":"2026-01-01T00:11:04.539834Z","level":"info","event":"    result = self.fn(*self.args, **self.kwargs)","logger":"task.stdout"}
{"timestamp":"2026-01-01T00:11:04.539874Z","level":"info","event":"             │    │   │    │       │    └ {}","logger":"task.stdout"}
{"timestamp":"2026-01-01T00:11:04.539938Z","level":"info","event":"             │    │   │    │       └ <concurrent.futures.thread._WorkItem object at 0xffff71c106e0>","logger":"task.stdout"}
{"timestamp":"2026-01-01T00:11:04.539979Z","level":"info","event":"             │    │   │    └ ([('process_flow_year_chunk-a0c13d08-6d4a-481f-bbaf-0ec5645c3f7b', (<Task 'process_flow_year_chunk-a0c13d08-6d4a-481f-bbaf-0e...","logger":"task.stdout"}
{"timestamp":"2026-01-01T00:11:04.540018Z","level":"info","event":"             │    │   └ <concurrent.futures.thread._WorkItem object at 0xffff71c106e0>","logger":"task.stdout"}
{"timestamp":"2026-01-01T00:11:04.540058Z","level":"info","event":"             │    └ <function batch_execute_tasks at 0xffff8d561d00>","logger":"task.stdout"}
{"timestamp":"2026-01-01T00:11:04.540101Z","level":"info","event":"             └ <concurrent.futures.thread._WorkItem object at 0xffff71c106e0>","logger":"task.stdout"}
{"timestamp":"2026-01-01T00:11:04.540145Z","level":"info","event":"  File \"/home/airflow/.local/lib/python3.12/site-packages/dask/local.py\", line 270, in batch_execute_tasks","logger":"task.stdout"}
{"timestamp":"2026-01-01T00:11:04.540185Z","level":"info","event":"    return [execute_task(*a) for a in it]","logger":"task.stdout"}
{"timestamp":"2026-01-01T00:11:04.540228Z","level":"info","event":"            │             │      │    └ [('process_flow_year_chunk-a0c13d08-6d4a-481f-bbaf-0ec5645c3f7b', (<Task 'process_flow_year_chunk-a0c13d08-6d4a-481f-bbaf-0ec...","logger":"task.stdout"}
{"timestamp":"2026-01-01T00:11:04.540275Z","level":"info","event":"            │             │      └ ('process_flow_year_chunk-a0c13d08-6d4a-481f-bbaf-0ec5645c3f7b', (<Task 'process_flow_year_chunk-a0c13d08-6d4a-481f-bbaf-0ec5...","logger":"task.stdout"}
{"timestamp":"2026-01-01T00:11:04.540318Z","level":"info","event":"            │             └ ('process_flow_year_chunk-a0c13d08-6d4a-481f-bbaf-0ec5645c3f7b', (<Task 'process_flow_year_chunk-a0c13d08-6d4a-481f-bbaf-0ec5...","logger":"task.stdout"}
{"timestamp":"2026-01-01T00:11:04.540357Z","level":"info","event":"            └ <function execute_task at 0xffff8d561c60>","logger":"task.stdout"}
{"timestamp":"2026-01-01T00:11:04.540396Z","level":"info","event":"  File \"/home/airflow/.local/lib/python3.12/site-packages/dask/local.py\", line 256, in execute_task","logger":"task.stdout"}
{"timestamp":"2026-01-01T00:11:04.540437Z","level":"info","event":"    result = task(data)","logger":"task.stdout"}
{"timestamp":"2026-01-01T00:11:04.540475Z","level":"info","event":"             │    └ {}","logger":"task.stdout"}
{"timestamp":"2026-01-01T00:11:04.540513Z","level":"info","event":"             └ <Task 'process_flow_year_chunk-a0c13d08-6d4a-481f-bbaf-0ec5645c3f7b' process_flow_year_chunk(...)>","logger":"task.stdout"}
{"timestamp":"2026-01-01T00:11:04.540552Z","level":"info","event":"  File \"/home/airflow/.local/lib/python3.12/site-packages/dask/_task_spec.py\", line 759, in __call__","logger":"task.stdout"}
{"timestamp":"2026-01-01T00:11:04.540590Z","level":"info","event":"    return self.func(*new_argspec)","logger":"task.stdout"}
{"timestamp":"2026-01-01T00:11:04.540634Z","level":"info","event":"           │    │     └ ('CPI', 'IMF.STA,CPI,latest', [2018, 2019, 2020, 2021, 2022], IMFConfig(key='all', sub_key='all', base_url='https://api.imf.o...","logger":"task.stdout"}
{"timestamp":"2026-01-01T00:11:04.540675Z","level":"info","event":"           │    └ <member 'func' of 'Task' objects>","logger":"task.stdout"}
{"timestamp":"2026-01-01T00:11:04.540714Z","level":"info","event":"           └ <Task 'process_flow_year_chunk-a0c13d08-6d4a-481f-bbaf-0ec5645c3f7b' process_flow_year_chunk(...)>","logger":"task.stdout"}
{"timestamp":"2026-01-01T00:11:04.540754Z","level":"info","event":"","logger":"task.stdout"}
{"timestamp":"2026-01-01T00:11:04.540792Z","level":"info","event":"> File \"/opt/airflow/dags/pipelines/imf/pipeline.py\", line 54, in process_flow_year_chunk","logger":"task.stdout"}
{"timestamp":"2026-01-01T00:11:04.540876Z","level":"info","event":"    if s3_object_exists(s3_cfg.bucket, s3_key, s3_cfg.region):","logger":"task.stdout"}
{"timestamp":"2026-01-01T00:11:04.540915Z","level":"info","event":"       │                │      │       │       │      └ 'eu-west-1'","logger":"task.stdout"}
{"timestamp":"2026-01-01T00:11:04.540954Z","level":"info","event":"       │                │      │       │       └ S3Config(bucket='personal-projectbucket', prefix='imf', region='eu-west-1')","logger":"task.stdout"}
{"timestamp":"2026-01-01T00:11:04.540999Z","level":"info","event":"       │                │      │       └ 'imf/CPI/year=2018/CPI_2018.csv'","logger":"task.stdout"}
{"timestamp":"2026-01-01T00:11:04.541079Z","level":"info","event":"       │                │      └ 'personal-projectbucket'","logger":"task.stdout"}
{"timestamp":"2026-01-01T00:11:04.541118Z","level":"info","event":"       │                └ S3Config(bucket='personal-projectbucket', prefix='imf', region='eu-west-1')","logger":"task.stdout"}
{"timestamp":"2026-01-01T00:11:04.541156Z","level":"info","event":"       └ <function s3_object_exists at 0xffff8cfba7a0>","logger":"task.stdout"}
{"timestamp":"2026-01-01T00:11:04.541194Z","level":"info","event":"","logger":"task.stdout"}
{"timestamp":"2026-01-01T00:11:04.541232Z","level":"info","event":"  File \"/opt/airflow/dags/pipelines/common/s3_utils.py\", line 29, in s3_object_exists","logger":"task.stdout"}
{"timestamp":"2026-01-01T00:11:04.541277Z","level":"info","event":"    s3.head_object(Bucket=bucket, Key=key)","logger":"task.stdout"}
{"timestamp":"2026-01-01T00:11:04.541316Z","level":"info","event":"    │  │                  │           └ 'imf/CPI/year=2018/CPI_2018.csv'","logger":"task.stdout"}
{"timestamp":"2026-01-01T00:11:04.541355Z","level":"info","event":"    │  │                  └ 'personal-projectbucket'","logger":"task.stdout"}
{"timestamp":"2026-01-01T00:11:04.541393Z","level":"info","event":"    │  └ <function ClientCreator._create_api_method.<locals>._api_call at 0xffff71310680>","logger":"task.stdout"}
{"timestamp":"2026-01-01T00:11:04.541433Z","level":"info","event":"    └ <botocore.client.S3 object at 0xffff717a79e0>","logger":"task.stdout"}
{"timestamp":"2026-01-01T00:11:04.541473Z","level":"info","event":"","logger":"task.stdout"}
{"timestamp":"2026-01-01T00:11:04.541510Z","level":"info","event":"  File \"/home/airflow/.local/lib/python3.12/site-packages/botocore/client.py\", line 602, in _api_call","logger":"task.stdout"}
{"timestamp":"2026-01-01T00:11:04.541550Z","level":"info","event":"    return self._make_api_call(operation_name, kwargs)","logger":"task.stdout"}
{"timestamp":"2026-01-01T00:11:04.541589Z","level":"info","event":"           │    │              │               └ {'Bucket': 'personal-projectbucket', 'Key': 'imf/CPI/year=2018/CPI_2018.csv'}","logger":"task.stdout"}
{"timestamp":"2026-01-01T00:11:04.541627Z","level":"info","event":"           │    │              └ 'HeadObject'","logger":"task.stdout"}
{"timestamp":"2026-01-01T00:11:04.541668Z","level":"info","event":"           │    └ <function BaseClient._make_api_call at 0xffff8cf3b060>","logger":"task.stdout"}
{"timestamp":"2026-01-01T00:11:04.541708Z","level":"info","event":"           └ <botocore.client.S3 object at 0xffff717a79e0>","logger":"task.stdout"}
{"timestamp":"2026-01-01T00:11:04.541749Z","level":"info","event":"  File \"/home/airflow/.local/lib/python3.12/site-packages/botocore/context.py\", line 123, in wrapper","logger":"task.stdout"}
{"timestamp":"2026-01-01T00:11:04.541787Z","level":"info","event":"    return func(*args, **kwargs)","logger":"task.stdout"}
{"timestamp":"2026-01-01T00:11:04.541824Z","level":"info","event":"           │     │       └ {}","logger":"task.stdout"}
{"timestamp":"2026-01-01T00:11:04.541864Z","level":"info","event":"           │     └ (<botocore.client.S3 object at 0xffff717a79e0>, 'HeadObject', {'Bucket': 'personal-projectbucket', 'Key': 'imf/CPI/year=2018/...","logger":"task.stdout"}
{"timestamp":"2026-01-01T00:11:04.541926Z","level":"info","event":"           └ <function BaseClient._make_api_call at 0xffff8cf3afc0>","logger":"task.stdout"}
{"timestamp":"2026-01-01T00:11:04.541967Z","level":"info","event":"  File \"/home/airflow/.local/lib/python3.12/site-packages/botocore/client.py\", line 1078, in _make_api_call","logger":"task.stdout"}
{"timestamp":"2026-01-01T00:11:04.542007Z","level":"info","event":"    raise error_class(parsed_response, operation_name)","logger":"task.stdout"}
{"timestamp":"2026-01-01T00:11:04.542045Z","level":"info","event":"          │           │                └ 'HeadObject'","logger":"task.stdout"}
{"timestamp":"2026-01-01T00:11:04.542083Z","level":"info","event":"          │           └ {'Error': {'Code': '403', 'Message': 'Forbidden'}, 'ResponseMetadata': {'RequestId': 'T6WE8A49J2Y0A5M3', 'HostId': 'nOjb5MVws...","logger":"task.stdout"}
{"timestamp":"2026-01-01T00:11:04.542122Z","level":"info","event":"          └ <class 'botocore.exceptions.ClientError'>","logger":"task.stdout"}
{"timestamp":"2026-01-01T00:11:04.542165Z","level":"info","event":"","logger":"task.stdout"}
{"timestamp":"2026-01-01T00:11:04.542206Z","level":"info","event":"botocore.exceptions.ClientError: An error occurred (403) when calling the HeadObject operation: Forbidden","logger":"task.stdout"}
{"timestamp":"2026-01-01T00:11:04.707798Z","level":"info","event":"2026-01-01 00:11:04 | ERROR | S3 head_object failed | flow=CPI year=2019 key=imf/CPI/year=2019/CPI_2019.csv","logger":"task.stdout"}
{"timestamp":"2026-01-01T00:11:04.708384Z","level":"info","event":"Traceback (most recent call last):","logger":"task.stdout"}
{"timestamp":"2026-01-01T00:11:04.708607Z","level":"info","event":"","logger":"task.stdout"}
{"timestamp":"2026-01-01T00:11:04.709558Z","level":"info","event":"  File \"/usr/python/lib/python3.12/threading.py\", line 1032, in _bootstrap","logger":"task.stdout"}
{"timestamp":"2026-01-01T00:11:04.711362Z","level":"info","event":"    self._bootstrap_inner()","logger":"task.stdout"}
{"timestamp":"2026-01-01T00:11:04.711765Z","level":"info","event":"    │    └ <function Thread._bootstrap_inner at 0xffff99068f40>","logger":"task.stdout"}
{"timestamp":"2026-01-01T00:11:04.711976Z","level":"info","event":"    └ <Thread(ThreadPoolExecutor-1_0, started 281472806220128)>","logger":"task.stdout"}
{"timestamp":"2026-01-01T00:11:04.712971Z","level":"info","event":"  File \"/usr/python/lib/python3.12/threading.py\", line 1075, in _bootstrap_inner","logger":"task.stdout"}
{"timestamp":"2026-01-01T00:11:04.715592Z","level":"info","event":"    self.run()","logger":"task.stdout"}
{"timestamp":"2026-01-01T00:11:04.720964Z","level":"info","event":"    │    └ <function Thread.run at 0xffff99068c20>","logger":"task.stdout"}
{"timestamp":"2026-01-01T00:11:04.723354Z","level":"info","event":"    └ <Thread(ThreadPoolExecutor-1_0, started 281472806220128)>","logger":"task.stdout"}
{"timestamp":"2026-01-01T00:11:04.724538Z","level":"info","event":"  File \"/usr/python/lib/python3.12/threading.py\", line 1012, in run","logger":"task.stdout"}
{"timestamp":"2026-01-01T00:11:04.724817Z","level":"info","event":"    self._target(*self._args, **self._kwargs)","logger":"task.stdout"}
{"timestamp":"2026-01-01T00:11:04.724976Z","level":"info","event":"    │    │        │    │        │    └ {}","logger":"task.stdout"}
{"timestamp":"2026-01-01T00:11:04.725096Z","level":"info","event":"    │    │        │    │        └ <Thread(ThreadPoolExecutor-1_0, started 281472806220128)>","logger":"task.stdout"}
{"timestamp":"2026-01-01T00:11:04.725239Z","level":"info","event":"    │    │        │    └ (<weakref at 0xffff90350ef0; to 'ThreadPoolExecutor' at 0xffff86d3eb70>, <_queue.SimpleQueue object at 0xffff712e3b00>, None,...","logger":"task.stdout"}
{"timestamp":"2026-01-01T00:11:04.725482Z","level":"info","event":"    │    │        └ <Thread(ThreadPoolExecutor-1_0, started 281472806220128)>","logger":"task.stdout"}
{"timestamp":"2026-01-01T00:11:04.725829Z","level":"info","event":"    │    └ <function _worker at 0xffff937a1c60>","logger":"task.stdout"}
{"timestamp":"2026-01-01T00:11:04.725964Z","level":"info","event":"    └ <Thread(ThreadPoolExecutor-1_0, started 281472806220128)>","logger":"task.stdout"}
{"timestamp":"2026-01-01T00:11:04.726041Z","level":"info","event":"  File \"/usr/python/lib/python3.12/concurrent/futures/thread.py\", line 93, in _worker","logger":"task.stdout"}
{"timestamp":"2026-01-01T00:11:04.727395Z","level":"info","event":"    work_item.run()","logger":"task.stdout"}
{"timestamp":"2026-01-01T00:11:04.727678Z","level":"info","event":"    │         └ <function _WorkItem.run at 0xffff937a1da0>","logger":"task.stdout"}
{"timestamp":"2026-01-01T00:11:04.727883Z","level":"info","event":"    └ <concurrent.futures.thread._WorkItem object at 0xffff71c106e0>","logger":"task.stdout"}
{"timestamp":"2026-01-01T00:11:04.728162Z","level":"info","event":"  File \"/usr/python/lib/python3.12/concurrent/futures/thread.py\", line 59, in run","logger":"task.stdout"}
{"timestamp":"2026-01-01T00:11:04.731766Z","level":"info","event":"    result = self.fn(*self.args, **self.kwargs)","logger":"task.stdout"}
{"timestamp":"2026-01-01T00:11:04.734789Z","level":"info","event":"             │    │   │    │       │    └ {}","logger":"task.stdout"}
{"timestamp":"2026-01-01T00:11:04.739572Z","level":"info","event":"             │    │   │    │       └ <concurrent.futures.thread._WorkItem object at 0xffff71c106e0>","logger":"task.stdout"}
{"timestamp":"2026-01-01T00:11:04.740457Z","level":"info","event":"             │    │   │    └ ([('process_flow_year_chunk-a0c13d08-6d4a-481f-bbaf-0ec5645c3f7b', (<Task 'process_flow_year_chunk-a0c13d08-6d4a-481f-bbaf-0e...","logger":"task.stdout"}
{"timestamp":"2026-01-01T00:11:04.740847Z","level":"info","event":"             │    │   └ <concurrent.futures.thread._WorkItem object at 0xffff71c106e0>","logger":"task.stdout"}
{"timestamp":"2026-01-01T00:11:04.741318Z","level":"info","event":"             │    └ <function batch_execute_tasks at 0xffff8d561d00>","logger":"task.stdout"}
{"timestamp":"2026-01-01T00:11:04.747708Z","level":"info","event":"             └ <concurrent.futures.thread._WorkItem object at 0xffff71c106e0>","logger":"task.stdout"}
{"timestamp":"2026-01-01T00:11:04.750225Z","level":"info","event":"  File \"/home/airflow/.local/lib/python3.12/site-packages/dask/local.py\", line 270, in batch_execute_tasks","logger":"task.stdout"}
{"timestamp":"2026-01-01T00:11:04.750785Z","level":"info","event":"    return [execute_task(*a) for a in it]","logger":"task.stdout"}
{"timestamp":"2026-01-01T00:11:04.751051Z","level":"info","event":"            │             │      │    └ [('process_flow_year_chunk-a0c13d08-6d4a-481f-bbaf-0ec5645c3f7b', (<Task 'process_flow_year_chunk-a0c13d08-6d4a-481f-bbaf-0ec...","logger":"task.stdout"}
{"timestamp":"2026-01-01T00:11:04.751202Z","level":"info","event":"            │             │      └ ('process_flow_year_chunk-a0c13d08-6d4a-481f-bbaf-0ec5645c3f7b', (<Task 'process_flow_year_chunk-a0c13d08-6d4a-481f-bbaf-0ec5...","logger":"task.stdout"}
{"timestamp":"2026-01-01T00:11:04.751308Z","level":"info","event":"            │             └ ('process_flow_year_chunk-a0c13d08-6d4a-481f-bbaf-0ec5645c3f7b', (<Task 'process_flow_year_chunk-a0c13d08-6d4a-481f-bbaf-0ec5...","logger":"task.stdout"}
{"timestamp":"2026-01-01T00:11:04.751428Z","level":"info","event":"            └ <function execute_task at 0xffff8d561c60>","logger":"task.stdout"}
{"timestamp":"2026-01-01T00:11:04.751541Z","level":"info","event":"  File \"/home/airflow/.local/lib/python3.12/site-packages/dask/local.py\", line 256, in execute_task","logger":"task.stdout"}
{"timestamp":"2026-01-01T00:11:04.751626Z","level":"info","event":"    result = task(data)","logger":"task.stdout"}
{"timestamp":"2026-01-01T00:11:04.751715Z","level":"info","event":"             │    └ {}","logger":"task.stdout"}
{"timestamp":"2026-01-01T00:11:04.751841Z","level":"info","event":"             └ <Task 'process_flow_year_chunk-a0c13d08-6d4a-481f-bbaf-0ec5645c3f7b' process_flow_year_chunk(...)>","logger":"task.stdout"}
{"timestamp":"2026-01-01T00:11:04.751947Z","level":"info","event":"  File \"/home/airflow/.local/lib/python3.12/site-packages/dask/_task_spec.py\", line 759, in __call__","logger":"task.stdout"}
{"timestamp":"2026-01-01T00:11:04.752019Z","level":"info","event":"    return self.func(*new_argspec)","logger":"task.stdout"}
{"timestamp":"2026-01-01T00:11:04.752187Z","level":"info","event":"           │    │     └ ('CPI', 'IMF.STA,CPI,latest', [2018, 2019, 2020, 2021, 2022], IMFConfig(key='all', sub_key='all', base_url='https://api.imf.o...","logger":"task.stdout"}
{"timestamp":"2026-01-01T00:11:04.752265Z","level":"info","event":"           │    └ <member 'func' of 'Task' objects>","logger":"task.stdout"}
{"timestamp":"2026-01-01T00:11:04.752343Z","level":"info","event":"           └ <Task 'process_flow_year_chunk-a0c13d08-6d4a-481f-bbaf-0ec5645c3f7b' process_flow_year_chunk(...)>","logger":"task.stdout"}
{"timestamp":"2026-01-01T00:11:04.752516Z","level":"info","event":"","logger":"task.stdout"}
{"timestamp":"2026-01-01T00:11:04.752660Z","level":"info","event":"> File \"/opt/airflow/dags/pipelines/imf/pipeline.py\", line 54, in process_flow_year_chunk","logger":"task.stdout"}
{"timestamp":"2026-01-01T00:11:04.752732Z","level":"info","event":"    if s3_object_exists(s3_cfg.bucket, s3_key, s3_cfg.region):","logger":"task.stdout"}
{"timestamp":"2026-01-01T00:11:04.752852Z","level":"info","event":"       │                │      │       │       │      └ 'eu-west-1'","logger":"task.stdout"}
{"timestamp":"2026-01-01T00:11:04.752920Z","level":"info","event":"       │                │      │       │       └ S3Config(bucket='personal-projectbucket', prefix='imf', region='eu-west-1')","logger":"task.stdout"}
{"timestamp":"2026-01-01T00:11:04.753003Z","level":"info","event":"       │                │      │       └ 'imf/CPI/year=2019/CPI_2019.csv'","logger":"task.stdout"}
{"timestamp":"2026-01-01T00:11:04.753187Z","level":"info","event":"       │                │      └ 'personal-projectbucket'","logger":"task.stdout"}
{"timestamp":"2026-01-01T00:11:04.753433Z","level":"info","event":"       │                └ S3Config(bucket='personal-projectbucket', prefix='imf', region='eu-west-1')","logger":"task.stdout"}
{"timestamp":"2026-01-01T00:11:04.754063Z","level":"info","event":"       └ <function s3_object_exists at 0xffff8cfba7a0>","logger":"task.stdout"}
{"timestamp":"2026-01-01T00:11:04.754351Z","level":"info","event":"","logger":"task.stdout"}
{"timestamp":"2026-01-01T00:11:04.754517Z","level":"info","event":"  File \"/opt/airflow/dags/pipelines/common/s3_utils.py\", line 29, in s3_object_exists","logger":"task.stdout"}
{"timestamp":"2026-01-01T00:11:04.754582Z","level":"info","event":"    s3.head_object(Bucket=bucket, Key=key)","logger":"task.stdout"}
{"timestamp":"2026-01-01T00:11:04.754640Z","level":"info","event":"    │  │                  │           └ 'imf/CPI/year=2019/CPI_2019.csv'","logger":"task.stdout"}
{"timestamp":"2026-01-01T00:11:04.754696Z","level":"info","event":"    │  │                  └ 'personal-projectbucket'","logger":"task.stdout"}
{"timestamp":"2026-01-01T00:11:04.754884Z","level":"info","event":"    │  └ <function ClientCreator._create_api_method.<locals>._api_call at 0xffff71310680>","logger":"task.stdout"}
{"timestamp":"2026-01-01T00:11:04.755150Z","level":"info","event":"    └ <botocore.client.S3 object at 0xffff717a79e0>","logger":"task.stdout"}
{"timestamp":"2026-01-01T00:11:04.755277Z","level":"info","event":"","logger":"task.stdout"}
{"timestamp":"2026-01-01T00:11:04.755372Z","level":"info","event":"  File \"/home/airflow/.local/lib/python3.12/site-packages/botocore/client.py\", line 602, in _api_call","logger":"task.stdout"}
{"timestamp":"2026-01-01T00:11:04.755470Z","level":"info","event":"    return self._make_api_call(operation_name, kwargs)","logger":"task.stdout"}
{"timestamp":"2026-01-01T00:11:04.755593Z","level":"info","event":"           │    │              │               └ {'Bucket': 'personal-projectbucket', 'Key': 'imf/CPI/year=2019/CPI_2019.csv'}","logger":"task.stdout"}
{"timestamp":"2026-01-01T00:11:04.755645Z","level":"info","event":"           │    │              └ 'HeadObject'","logger":"task.stdout"}
{"timestamp":"2026-01-01T00:11:04.755847Z","level":"info","event":"           │    └ <function BaseClient._make_api_call at 0xffff8cf3b060>","logger":"task.stdout"}
{"timestamp":"2026-01-01T00:11:04.755991Z","level":"info","event":"           └ <botocore.client.S3 object at 0xffff717a79e0>","logger":"task.stdout"}
{"timestamp":"2026-01-01T00:11:04.756075Z","level":"info","event":"  File \"/home/airflow/.local/lib/python3.12/site-packages/botocore/context.py\", line 123, in wrapper","logger":"task.stdout"}
{"timestamp":"2026-01-01T00:11:04.756178Z","level":"info","event":"    return func(*args, **kwargs)","logger":"task.stdout"}
{"timestamp":"2026-01-01T00:11:04.756298Z","level":"info","event":"           │     │       └ {}","logger":"task.stdout"}
{"timestamp":"2026-01-01T00:11:04.756473Z","level":"info","event":"           │     └ (<botocore.client.S3 object at 0xffff717a79e0>, 'HeadObject', {'Bucket': 'personal-projectbucket', 'Key': 'imf/CPI/year=2019/...","logger":"task.stdout"}
{"timestamp":"2026-01-01T00:11:04.756598Z","level":"info","event":"           └ <function BaseClient._make_api_call at 0xffff8cf3afc0>","logger":"task.stdout"}
{"timestamp":"2026-01-01T00:11:04.756773Z","level":"info","event":"  File \"/home/airflow/.local/lib/python3.12/site-packages/botocore/client.py\", line 1078, in _make_api_call","logger":"task.stdout"}
{"timestamp":"2026-01-01T00:11:04.756877Z","level":"info","event":"    raise error_class(parsed_response, operation_name)","logger":"task.stdout"}
{"timestamp":"2026-01-01T00:11:04.757007Z","level":"info","event":"          │           │                └ 'HeadObject'","logger":"task.stdout"}
{"timestamp":"2026-01-01T00:11:04.757205Z","level":"info","event":"          │           └ {'Error': {'Code': '403', 'Message': 'Forbidden'}, 'ResponseMetadata': {'RequestId': 'T6W7M75F6XT2Y8PZ', 'HostId': 'KhA/oboIo...","logger":"task.stdout"}
{"timestamp":"2026-01-01T00:11:04.757476Z","level":"info","event":"          └ <class 'botocore.exceptions.ClientError'>","logger":"task.stdout"}
{"timestamp":"2026-01-01T00:11:04.757714Z","level":"info","event":"","logger":"task.stdout"}
{"timestamp":"2026-01-01T00:11:04.757827Z","level":"info","event":"botocore.exceptions.ClientError: An error occurred (403) when calling the HeadObject operation: Forbidden","logger":"task.stdout"}
{"timestamp":"2026-01-01T00:11:05.058911Z","level":"info","event":"2026-01-01 00:11:05 | ERROR | S3 head_object failed | flow=CPI year=2020 key=imf/CPI/year=2020/CPI_2020.csv","logger":"task.stdout"}
{"timestamp":"2026-01-01T00:11:05.063554Z","level":"info","event":"Traceback (most recent call last):","logger":"task.stdout"}
{"timestamp":"2026-01-01T00:11:05.066318Z","level":"info","event":"","logger":"task.stdout"}
{"timestamp":"2026-01-01T00:11:05.066558Z","level":"info","event":"  File \"/usr/python/lib/python3.12/threading.py\", line 1032, in _bootstrap","logger":"task.stdout"}
{"timestamp":"2026-01-01T00:11:05.066658Z","level":"info","event":"    self._bootstrap_inner()","logger":"task.stdout"}
{"timestamp":"2026-01-01T00:11:05.066735Z","level":"info","event":"    │    └ <function Thread._bootstrap_inner at 0xffff99068f40>","logger":"task.stdout"}
{"timestamp":"2026-01-01T00:11:05.066805Z","level":"info","event":"    └ <Thread(ThreadPoolExecutor-1_0, started 281472806220128)>","logger":"task.stdout"}
{"timestamp":"2026-01-01T00:11:05.066895Z","level":"info","event":"  File \"/usr/python/lib/python3.12/threading.py\", line 1075, in _bootstrap_inner","logger":"task.stdout"}
{"timestamp":"2026-01-01T00:11:05.066965Z","level":"info","event":"    self.run()","logger":"task.stdout"}
{"timestamp":"2026-01-01T00:11:05.067092Z","level":"info","event":"    │    └ <function Thread.run at 0xffff99068c20>","logger":"task.stdout"}
{"timestamp":"2026-01-01T00:11:05.067171Z","level":"info","event":"    └ <Thread(ThreadPoolExecutor-1_0, started 281472806220128)>","logger":"task.stdout"}
{"timestamp":"2026-01-01T00:11:05.067280Z","level":"info","event":"  File \"/usr/python/lib/python3.12/threading.py\", line 1012, in run","logger":"task.stdout"}
{"timestamp":"2026-01-01T00:11:05.067356Z","level":"info","event":"    self._target(*self._args, **self._kwargs)","logger":"task.stdout"}
{"timestamp":"2026-01-01T00:11:05.067434Z","level":"info","event":"    │    │        │    │        │    └ {}","logger":"task.stdout"}
{"timestamp":"2026-01-01T00:11:05.067531Z","level":"info","event":"    │    │        │    │        └ <Thread(ThreadPoolExecutor-1_0, started 281472806220128)>","logger":"task.stdout"}
{"timestamp":"2026-01-01T00:11:05.067617Z","level":"info","event":"    │    │        │    └ (<weakref at 0xffff90350ef0; to 'ThreadPoolExecutor' at 0xffff86d3eb70>, <_queue.SimpleQueue object at 0xffff712e3b00>, None,...","logger":"task.stdout"}
{"timestamp":"2026-01-01T00:11:05.067695Z","level":"info","event":"    │    │        └ <Thread(ThreadPoolExecutor-1_0, started 281472806220128)>","logger":"task.stdout"}
{"timestamp":"2026-01-01T00:11:05.067792Z","level":"info","event":"    │    └ <function _worker at 0xffff937a1c60>","logger":"task.stdout"}
{"timestamp":"2026-01-01T00:11:05.067871Z","level":"info","event":"    └ <Thread(ThreadPoolExecutor-1_0, started 281472806220128)>","logger":"task.stdout"}
{"timestamp":"2026-01-01T00:11:05.067952Z","level":"info","event":"  File \"/usr/python/lib/python3.12/concurrent/futures/thread.py\", line 93, in _worker","logger":"task.stdout"}
{"timestamp":"2026-01-01T00:11:05.068053Z","level":"info","event":"    work_item.run()","logger":"task.stdout"}
{"timestamp":"2026-01-01T00:11:05.068129Z","level":"info","event":"    │         └ <function _WorkItem.run at 0xffff937a1da0>","logger":"task.stdout"}
{"timestamp":"2026-01-01T00:11:05.068195Z","level":"info","event":"    └ <concurrent.futures.thread._WorkItem object at 0xffff71c106e0>","logger":"task.stdout"}
{"timestamp":"2026-01-01T00:11:05.068261Z","level":"info","event":"  File \"/usr/python/lib/python3.12/concurrent/futures/thread.py\", line 59, in run","logger":"task.stdout"}
{"timestamp":"2026-01-01T00:11:05.068328Z","level":"info","event":"    result = self.fn(*self.args, **self.kwargs)","logger":"task.stdout"}
{"timestamp":"2026-01-01T00:11:05.068394Z","level":"info","event":"             │    │   │    │       │    └ {}","logger":"task.stdout"}
{"timestamp":"2026-01-01T00:11:05.068458Z","level":"info","event":"             │    │   │    │       └ <concurrent.futures.thread._WorkItem object at 0xffff71c106e0>","logger":"task.stdout"}
{"timestamp":"2026-01-01T00:11:05.068529Z","level":"info","event":"             │    │   │    └ ([('process_flow_year_chunk-a0c13d08-6d4a-481f-bbaf-0ec5645c3f7b', (<Task 'process_flow_year_chunk-a0c13d08-6d4a-481f-bbaf-0e...","logger":"task.stdout"}
{"timestamp":"2026-01-01T00:11:05.068593Z","level":"info","event":"             │    │   └ <concurrent.futures.thread._WorkItem object at 0xffff71c106e0>","logger":"task.stdout"}
{"timestamp":"2026-01-01T00:11:05.068665Z","level":"info","event":"             │    └ <function batch_execute_tasks at 0xffff8d561d00>","logger":"task.stdout"}
{"timestamp":"2026-01-01T00:11:05.068732Z","level":"info","event":"             └ <concurrent.futures.thread._WorkItem object at 0xffff71c106e0>","logger":"task.stdout"}
{"timestamp":"2026-01-01T00:11:05.068782Z","level":"info","event":"  File \"/home/airflow/.local/lib/python3.12/site-packages/dask/local.py\", line 270, in batch_execute_tasks","logger":"task.stdout"}
{"timestamp":"2026-01-01T00:11:05.068838Z","level":"info","event":"    return [execute_task(*a) for a in it]","logger":"task.stdout"}
{"timestamp":"2026-01-01T00:11:05.068932Z","level":"info","event":"            │             │      │    └ [('process_flow_year_chunk-a0c13d08-6d4a-481f-bbaf-0ec5645c3f7b', (<Task 'process_flow_year_chunk-a0c13d08-6d4a-481f-bbaf-0ec...","logger":"task.stdout"}
{"timestamp":"2026-01-01T00:11:05.068984Z","level":"info","event":"            │             │      └ ('process_flow_year_chunk-a0c13d08-6d4a-481f-bbaf-0ec5645c3f7b', (<Task 'process_flow_year_chunk-a0c13d08-6d4a-481f-bbaf-0ec5...","logger":"task.stdout"}
{"timestamp":"2026-01-01T00:11:05.069034Z","level":"info","event":"            │             └ ('process_flow_year_chunk-a0c13d08-6d4a-481f-bbaf-0ec5645c3f7b', (<Task 'process_flow_year_chunk-a0c13d08-6d4a-481f-bbaf-0ec5...","logger":"task.stdout"}
{"timestamp":"2026-01-01T00:11:05.069105Z","level":"info","event":"            └ <function execute_task at 0xffff8d561c60>","logger":"task.stdout"}
{"timestamp":"2026-01-01T00:11:05.069176Z","level":"info","event":"  File \"/home/airflow/.local/lib/python3.12/site-packages/dask/local.py\", line 256, in execute_task","logger":"task.stdout"}
{"timestamp":"2026-01-01T00:11:05.069233Z","level":"info","event":"    result = task(data)","logger":"task.stdout"}
{"timestamp":"2026-01-01T00:11:05.069304Z","level":"info","event":"             │    └ {}","logger":"task.stdout"}
{"timestamp":"2026-01-01T00:11:05.069370Z","level":"info","event":"             └ <Task 'process_flow_year_chunk-a0c13d08-6d4a-481f-bbaf-0ec5645c3f7b' process_flow_year_chunk(...)>","logger":"task.stdout"}
{"timestamp":"2026-01-01T00:11:05.069432Z","level":"info","event":"  File \"/home/airflow/.local/lib/python3.12/site-packages/dask/_task_spec.py\", line 759, in __call__","logger":"task.stdout"}
{"timestamp":"2026-01-01T00:11:05.069484Z","level":"info","event":"    return self.func(*new_argspec)","logger":"task.stdout"}
{"timestamp":"2026-01-01T00:11:05.069538Z","level":"info","event":"           │    │     └ ('CPI', 'IMF.STA,CPI,latest', [2018, 2019, 2020, 2021, 2022], IMFConfig(key='all', sub_key='all', base_url='https://api.imf.o...","logger":"task.stdout"}
{"timestamp":"2026-01-01T00:11:05.069592Z","level":"info","event":"           │    └ <member 'func' of 'Task' objects>","logger":"task.stdout"}
{"timestamp":"2026-01-01T00:11:05.069651Z","level":"info","event":"           └ <Task 'process_flow_year_chunk-a0c13d08-6d4a-481f-bbaf-0ec5645c3f7b' process_flow_year_chunk(...)>","logger":"task.stdout"}
{"timestamp":"2026-01-01T00:11:05.069706Z","level":"info","event":"","logger":"task.stdout"}
{"timestamp":"2026-01-01T00:11:05.069766Z","level":"info","event":"> File \"/opt/airflow/dags/pipelines/imf/pipeline.py\", line 54, in process_flow_year_chunk","logger":"task.stdout"}
{"timestamp":"2026-01-01T00:11:05.069829Z","level":"info","event":"    if s3_object_exists(s3_cfg.bucket, s3_key, s3_cfg.region):","logger":"task.stdout"}
{"timestamp":"2026-01-01T00:11:05.069881Z","level":"info","event":"       │                │      │       │       │      └ 'eu-west-1'","logger":"task.stdout"}
{"timestamp":"2026-01-01T00:11:05.069933Z","level":"info","event":"       │                │      │       │       └ S3Config(bucket='personal-projectbucket', prefix='imf', region='eu-west-1')","logger":"task.stdout"}
{"timestamp":"2026-01-01T00:11:05.069987Z","level":"info","event":"       │                │      │       └ 'imf/CPI/year=2020/CPI_2020.csv'","logger":"task.stdout"}
{"timestamp":"2026-01-01T00:11:05.070162Z","level":"info","event":"       │                │      └ 'personal-projectbucket'","logger":"task.stdout"}
{"timestamp":"2026-01-01T00:11:05.072274Z","level":"info","event":"       │                └ S3Config(bucket='personal-projectbucket', prefix='imf', region='eu-west-1')","logger":"task.stdout"}
{"timestamp":"2026-01-01T00:11:05.072359Z","level":"info","event":"       └ <function s3_object_exists at 0xffff8cfba7a0>","logger":"task.stdout"}
{"timestamp":"2026-01-01T00:11:05.072422Z","level":"info","event":"","logger":"task.stdout"}
{"timestamp":"2026-01-01T00:11:05.072521Z","level":"info","event":"  File \"/opt/airflow/dags/pipelines/common/s3_utils.py\", line 29, in s3_object_exists","logger":"task.stdout"}
{"timestamp":"2026-01-01T00:11:05.072594Z","level":"info","event":"    s3.head_object(Bucket=bucket, Key=key)","logger":"task.stdout"}
{"timestamp":"2026-01-01T00:11:05.072666Z","level":"info","event":"    │  │                  │           └ 'imf/CPI/year=2020/CPI_2020.csv'","logger":"task.stdout"}
{"timestamp":"2026-01-01T00:11:05.072726Z","level":"info","event":"    │  │                  └ 'personal-projectbucket'","logger":"task.stdout"}
{"timestamp":"2026-01-01T00:11:05.072789Z","level":"info","event":"    │  └ <function ClientCreator._create_api_method.<locals>._api_call at 0xffff71310680>","logger":"task.stdout"}
{"timestamp":"2026-01-01T00:11:05.072851Z","level":"info","event":"    └ <botocore.client.S3 object at 0xffff717a79e0>","logger":"task.stdout"}
{"timestamp":"2026-01-01T00:11:05.072905Z","level":"info","event":"","logger":"task.stdout"}
{"timestamp":"2026-01-01T00:11:05.072959Z","level":"info","event":"  File \"/home/airflow/.local/lib/python3.12/site-packages/botocore/client.py\", line 602, in _api_call","logger":"task.stdout"}
{"timestamp":"2026-01-01T00:11:05.073034Z","level":"info","event":"    return self._make_api_call(operation_name, kwargs)","logger":"task.stdout"}
{"timestamp":"2026-01-01T00:11:05.073099Z","level":"info","event":"           │    │              │               └ {'Bucket': 'personal-projectbucket', 'Key': 'imf/CPI/year=2020/CPI_2020.csv'}","logger":"task.stdout"}
{"timestamp":"2026-01-01T00:11:05.073169Z","level":"info","event":"           │    │              └ 'HeadObject'","logger":"task.stdout"}
{"timestamp":"2026-01-01T00:11:05.073270Z","level":"info","event":"           │    └ <function BaseClient._make_api_call at 0xffff8cf3b060>","logger":"task.stdout"}
{"timestamp":"2026-01-01T00:11:05.073332Z","level":"info","event":"           └ <botocore.client.S3 object at 0xffff717a79e0>","logger":"task.stdout"}
{"timestamp":"2026-01-01T00:11:05.073413Z","level":"info","event":"  File \"/home/airflow/.local/lib/python3.12/site-packages/botocore/context.py\", line 123, in wrapper","logger":"task.stdout"}
{"timestamp":"2026-01-01T00:11:05.073472Z","level":"info","event":"    return func(*args, **kwargs)","logger":"task.stdout"}
{"timestamp":"2026-01-01T00:11:05.073524Z","level":"info","event":"           │     │       └ {}","logger":"task.stdout"}
{"timestamp":"2026-01-01T00:11:05.073593Z","level":"info","event":"           │     └ (<botocore.client.S3 object at 0xffff717a79e0>, 'HeadObject', {'Bucket': 'personal-projectbucket', 'Key': 'imf/CPI/year=2020/...","logger":"task.stdout"}
{"timestamp":"2026-01-01T00:11:05.073683Z","level":"info","event":"           └ <function BaseClient._make_api_call at 0xffff8cf3afc0>","logger":"task.stdout"}
{"timestamp":"2026-01-01T00:11:05.073802Z","level":"info","event":"  File \"/home/airflow/.local/lib/python3.12/site-packages/botocore/client.py\", line 1078, in _make_api_call","logger":"task.stdout"}
{"timestamp":"2026-01-01T00:11:05.073890Z","level":"info","event":"    raise error_class(parsed_response, operation_name)","logger":"task.stdout"}
{"timestamp":"2026-01-01T00:11:05.073948Z","level":"info","event":"          │           │                └ 'HeadObject'","logger":"task.stdout"}
{"timestamp":"2026-01-01T00:11:05.074001Z","level":"info","event":"          │           └ {'Error': {'Code': '403', 'Message': 'Forbidden'}, 'ResponseMetadata': {'RequestId': 'T6W3EN37P9HGGHMT', 'HostId': 'RjcP8jLTo...","logger":"task.stdout"}
{"timestamp":"2026-01-01T00:11:05.074075Z","level":"info","event":"          └ <class 'botocore.exceptions.ClientError'>","logger":"task.stdout"}
{"timestamp":"2026-01-01T00:11:05.074165Z","level":"info","event":"","logger":"task.stdout"}
{"timestamp":"2026-01-01T00:11:05.074235Z","level":"info","event":"botocore.exceptions.ClientError: An error occurred (403) when calling the HeadObject operation: Forbidden","logger":"task.stdout"}
{"timestamp":"2026-01-01T00:11:05.247641Z","level":"info","event":"2026-01-01 00:11:05 | ERROR | S3 head_object failed | flow=CPI year=2021 key=imf/CPI/year=2021/CPI_2021.csv","logger":"task.stdout"}
{"timestamp":"2026-01-01T00:11:05.247948Z","level":"info","event":"Traceback (most recent call last):","logger":"task.stdout"}
{"timestamp":"2026-01-01T00:11:05.248052Z","level":"info","event":"","logger":"task.stdout"}
{"timestamp":"2026-01-01T00:11:05.248131Z","level":"info","event":"  File \"/usr/python/lib/python3.12/threading.py\", line 1032, in _bootstrap","logger":"task.stdout"}
{"timestamp":"2026-01-01T00:11:05.248202Z","level":"info","event":"    self._bootstrap_inner()","logger":"task.stdout"}
{"timestamp":"2026-01-01T00:11:05.248278Z","level":"info","event":"    │    └ <function Thread._bootstrap_inner at 0xffff99068f40>","logger":"task.stdout"}
{"timestamp":"2026-01-01T00:11:05.249364Z","level":"info","event":"    └ <Thread(ThreadPoolExecutor-1_0, started 281472806220128)>","logger":"task.stdout"}
{"timestamp":"2026-01-01T00:11:05.249616Z","level":"info","event":"  File \"/usr/python/lib/python3.12/threading.py\", line 1075, in _bootstrap_inner","logger":"task.stdout"}
{"timestamp":"2026-01-01T00:11:05.249905Z","level":"info","event":"    self.run()","logger":"task.stdout"}
{"timestamp":"2026-01-01T00:11:05.250169Z","level":"info","event":"    │    └ <function Thread.run at 0xffff99068c20>","logger":"task.stdout"}
{"timestamp":"2026-01-01T00:11:05.250313Z","level":"info","event":"    └ <Thread(ThreadPoolExecutor-1_0, started 281472806220128)>","logger":"task.stdout"}
{"timestamp":"2026-01-01T00:11:05.250423Z","level":"info","event":"  File \"/usr/python/lib/python3.12/threading.py\", line 1012, in run","logger":"task.stdout"}
{"timestamp":"2026-01-01T00:11:05.250511Z","level":"info","event":"    self._target(*self._args, **self._kwargs)","logger":"task.stdout"}
{"timestamp":"2026-01-01T00:11:05.250594Z","level":"info","event":"    │    │        │    │        │    └ {}","logger":"task.stdout"}
{"timestamp":"2026-01-01T00:11:05.250674Z","level":"info","event":"    │    │        │    │        └ <Thread(ThreadPoolExecutor-1_0, started 281472806220128)>","logger":"task.stdout"}
{"timestamp":"2026-01-01T00:11:05.250755Z","level":"info","event":"    │    │        │    └ (<weakref at 0xffff90350ef0; to 'ThreadPoolExecutor' at 0xffff86d3eb70>, <_queue.SimpleQueue object at 0xffff712e3b00>, None,...","logger":"task.stdout"}
{"timestamp":"2026-01-01T00:11:05.254428Z","level":"info","event":"    │    │        └ <Thread(ThreadPoolExecutor-1_0, started 281472806220128)>","logger":"task.stdout"}
{"timestamp":"2026-01-01T00:11:05.254897Z","level":"info","event":"    │    └ <function _worker at 0xffff937a1c60>","logger":"task.stdout"}
{"timestamp":"2026-01-01T00:11:05.255048Z","level":"info","event":"    └ <Thread(ThreadPoolExecutor-1_0, started 281472806220128)>","logger":"task.stdout"}
{"timestamp":"2026-01-01T00:11:05.255143Z","level":"info","event":"  File \"/usr/python/lib/python3.12/concurrent/futures/thread.py\", line 93, in _worker","logger":"task.stdout"}
{"timestamp":"2026-01-01T00:11:05.255225Z","level":"info","event":"    work_item.run()","logger":"task.stdout"}
{"timestamp":"2026-01-01T00:11:05.255323Z","level":"info","event":"    │         └ <function _WorkItem.run at 0xffff937a1da0>","logger":"task.stdout"}
{"timestamp":"2026-01-01T00:11:05.255397Z","level":"info","event":"    └ <concurrent.futures.thread._WorkItem object at 0xffff71c106e0>","logger":"task.stdout"}
{"timestamp":"2026-01-01T00:11:05.255472Z","level":"info","event":"  File \"/usr/python/lib/python3.12/concurrent/futures/thread.py\", line 59, in run","logger":"task.stdout"}
{"timestamp":"2026-01-01T00:11:05.255544Z","level":"info","event":"    result = self.fn(*self.args, **self.kwargs)","logger":"task.stdout"}
{"timestamp":"2026-01-01T00:11:05.255618Z","level":"info","event":"             │    │   │    │       │    └ {}","logger":"task.stdout"}
{"timestamp":"2026-01-01T00:11:05.256625Z","level":"info","event":"             │    │   │    │       └ <concurrent.futures.thread._WorkItem object at 0xffff71c106e0>","logger":"task.stdout"}
{"timestamp":"2026-01-01T00:11:05.256749Z","level":"info","event":"             │    │   │    └ ([('process_flow_year_chunk-a0c13d08-6d4a-481f-bbaf-0ec5645c3f7b', (<Task 'process_flow_year_chunk-a0c13d08-6d4a-481f-bbaf-0e...","logger":"task.stdout"}
{"timestamp":"2026-01-01T00:11:05.256832Z","level":"info","event":"             │    │   └ <concurrent.futures.thread._WorkItem object at 0xffff71c106e0>","logger":"task.stdout"}
{"timestamp":"2026-01-01T00:11:05.256906Z","level":"info","event":"             │    └ <function batch_execute_tasks at 0xffff8d561d00>","logger":"task.stdout"}
{"timestamp":"2026-01-01T00:11:05.256981Z","level":"info","event":"             └ <concurrent.futures.thread._WorkItem object at 0xffff71c106e0>","logger":"task.stdout"}
{"timestamp":"2026-01-01T00:11:05.257055Z","level":"info","event":"  File \"/home/airflow/.local/lib/python3.12/site-packages/dask/local.py\", line 270, in batch_execute_tasks","logger":"task.stdout"}
{"timestamp":"2026-01-01T00:11:05.257127Z","level":"info","event":"    return [execute_task(*a) for a in it]","logger":"task.stdout"}
{"timestamp":"2026-01-01T00:11:05.257199Z","level":"info","event":"            │             │      │    └ [('process_flow_year_chunk-a0c13d08-6d4a-481f-bbaf-0ec5645c3f7b', (<Task 'process_flow_year_chunk-a0c13d08-6d4a-481f-bbaf-0ec...","logger":"task.stdout"}
{"timestamp":"2026-01-01T00:11:05.257281Z","level":"info","event":"            │             │      └ ('process_flow_year_chunk-a0c13d08-6d4a-481f-bbaf-0ec5645c3f7b', (<Task 'process_flow_year_chunk-a0c13d08-6d4a-481f-bbaf-0ec5...","logger":"task.stdout"}
{"timestamp":"2026-01-01T00:11:05.257355Z","level":"info","event":"            │             └ ('process_flow_year_chunk-a0c13d08-6d4a-481f-bbaf-0ec5645c3f7b', (<Task 'process_flow_year_chunk-a0c13d08-6d4a-481f-bbaf-0ec5...","logger":"task.stdout"}
{"timestamp":"2026-01-01T00:11:05.257426Z","level":"info","event":"            └ <function execute_task at 0xffff8d561c60>","logger":"task.stdout"}
{"timestamp":"2026-01-01T00:11:05.257498Z","level":"info","event":"  File \"/home/airflow/.local/lib/python3.12/site-packages/dask/local.py\", line 256, in execute_task","logger":"task.stdout"}
{"timestamp":"2026-01-01T00:11:05.257570Z","level":"info","event":"    result = task(data)","logger":"task.stdout"}
{"timestamp":"2026-01-01T00:11:05.257690Z","level":"info","event":"             │    └ {}","logger":"task.stdout"}
{"timestamp":"2026-01-01T00:11:05.257766Z","level":"info","event":"             └ <Task 'process_flow_year_chunk-a0c13d08-6d4a-481f-bbaf-0ec5645c3f7b' process_flow_year_chunk(...)>","logger":"task.stdout"}
{"timestamp":"2026-01-01T00:11:05.257840Z","level":"info","event":"  File \"/home/airflow/.local/lib/python3.12/site-packages/dask/_task_spec.py\", line 759, in __call__","logger":"task.stdout"}
{"timestamp":"2026-01-01T00:11:05.257910Z","level":"info","event":"    return self.func(*new_argspec)","logger":"task.stdout"}
{"timestamp":"2026-01-01T00:11:05.257981Z","level":"info","event":"           │    │     └ ('CPI', 'IMF.STA,CPI,latest', [2018, 2019, 2020, 2021, 2022], IMFConfig(key='all', sub_key='all', base_url='https://api.imf.o...","logger":"task.stdout"}
{"timestamp":"2026-01-01T00:11:05.258052Z","level":"info","event":"           │    └ <member 'func' of 'Task' objects>","logger":"task.stdout"}
{"timestamp":"2026-01-01T00:11:05.258121Z","level":"info","event":"           └ <Task 'process_flow_year_chunk-a0c13d08-6d4a-481f-bbaf-0ec5645c3f7b' process_flow_year_chunk(...)>","logger":"task.stdout"}
{"timestamp":"2026-01-01T00:11:05.258192Z","level":"info","event":"","logger":"task.stdout"}
{"timestamp":"2026-01-01T00:11:05.258272Z","level":"info","event":"> File \"/opt/airflow/dags/pipelines/imf/pipeline.py\", line 54, in process_flow_year_chunk","logger":"task.stdout"}
{"timestamp":"2026-01-01T00:11:05.258413Z","level":"info","event":"    if s3_object_exists(s3_cfg.bucket, s3_key, s3_cfg.region):","logger":"task.stdout"}
{"timestamp":"2026-01-01T00:11:05.258503Z","level":"info","event":"       │                │      │       │       │      └ 'eu-west-1'","logger":"task.stdout"}
{"timestamp":"2026-01-01T00:11:05.258580Z","level":"info","event":"       │                │      │       │       └ S3Config(bucket='personal-projectbucket', prefix='imf', region='eu-west-1')","logger":"task.stdout"}
{"timestamp":"2026-01-01T00:11:05.258651Z","level":"info","event":"       │                │      │       └ 'imf/CPI/year=2021/CPI_2021.csv'","logger":"task.stdout"}
{"timestamp":"2026-01-01T00:11:05.258841Z","level":"info","event":"       │                │      └ 'personal-projectbucket'","logger":"task.stdout"}
{"timestamp":"2026-01-01T00:11:05.258924Z","level":"info","event":"       │                └ S3Config(bucket='personal-projectbucket', prefix='imf', region='eu-west-1')","logger":"task.stdout"}
{"timestamp":"2026-01-01T00:11:05.261414Z","level":"info","event":"       └ <function s3_object_exists at 0xffff8cfba7a0>","logger":"task.stdout"}
{"timestamp":"2026-01-01T00:11:05.261852Z","level":"info","event":"","logger":"task.stdout"}
{"timestamp":"2026-01-01T00:11:05.262014Z","level":"info","event":"  File \"/opt/airflow/dags/pipelines/common/s3_utils.py\", line 29, in s3_object_exists","logger":"task.stdout"}
{"timestamp":"2026-01-01T00:11:05.262103Z","level":"info","event":"    s3.head_object(Bucket=bucket, Key=key)","logger":"task.stdout"}
{"timestamp":"2026-01-01T00:11:05.262172Z","level":"info","event":"    │  │                  │           └ 'imf/CPI/year=2021/CPI_2021.csv'","logger":"task.stdout"}
{"timestamp":"2026-01-01T00:11:05.262239Z","level":"info","event":"    │  │                  └ 'personal-projectbucket'","logger":"task.stdout"}
{"timestamp":"2026-01-01T00:11:05.262332Z","level":"info","event":"    │  └ <function ClientCreator._create_api_method.<locals>._api_call at 0xffff71310680>","logger":"task.stdout"}
{"timestamp":"2026-01-01T00:11:05.262398Z","level":"info","event":"    └ <botocore.client.S3 object at 0xffff717a79e0>","logger":"task.stdout"}
{"timestamp":"2026-01-01T00:11:05.262465Z","level":"info","event":"","logger":"task.stdout"}
{"timestamp":"2026-01-01T00:11:05.262523Z","level":"info","event":"  File \"/home/airflow/.local/lib/python3.12/site-packages/botocore/client.py\", line 602, in _api_call","logger":"task.stdout"}
{"timestamp":"2026-01-01T00:11:05.262602Z","level":"info","event":"    return self._make_api_call(operation_name, kwargs)","logger":"task.stdout"}
{"timestamp":"2026-01-01T00:11:05.262668Z","level":"info","event":"           │    │              │               └ {'Bucket': 'personal-projectbucket', 'Key': 'imf/CPI/year=2021/CPI_2021.csv'}","logger":"task.stdout"}
{"timestamp":"2026-01-01T00:11:05.262737Z","level":"info","event":"           │    │              └ 'HeadObject'","logger":"task.stdout"}
{"timestamp":"2026-01-01T00:11:05.262819Z","level":"info","event":"           │    └ <function BaseClient._make_api_call at 0xffff8cf3b060>","logger":"task.stdout"}
{"timestamp":"2026-01-01T00:11:05.262886Z","level":"info","event":"           └ <botocore.client.S3 object at 0xffff717a79e0>","logger":"task.stdout"}
{"timestamp":"2026-01-01T00:11:05.262949Z","level":"info","event":"  File \"/home/airflow/.local/lib/python3.12/site-packages/botocore/context.py\", line 123, in wrapper","logger":"task.stdout"}
{"timestamp":"2026-01-01T00:11:05.263016Z","level":"info","event":"    return func(*args, **kwargs)","logger":"task.stdout"}
{"timestamp":"2026-01-01T00:11:05.263081Z","level":"info","event":"           │     │       └ {}","logger":"task.stdout"}
{"timestamp":"2026-01-01T00:11:05.263145Z","level":"info","event":"           │     └ (<botocore.client.S3 object at 0xffff717a79e0>, 'HeadObject', {'Bucket': 'personal-projectbucket', 'Key': 'imf/CPI/year=2021/...","logger":"task.stdout"}
{"timestamp":"2026-01-01T00:11:05.263283Z","level":"info","event":"           └ <function BaseClient._make_api_call at 0xffff8cf3afc0>","logger":"task.stdout"}
{"timestamp":"2026-01-01T00:11:05.263357Z","level":"info","event":"  File \"/home/airflow/.local/lib/python3.12/site-packages/botocore/client.py\", line 1078, in _make_api_call","logger":"task.stdout"}
{"timestamp":"2026-01-01T00:11:05.263421Z","level":"info","event":"    raise error_class(parsed_response, operation_name)","logger":"task.stdout"}
{"timestamp":"2026-01-01T00:11:05.263484Z","level":"info","event":"          │           │                └ 'HeadObject'","logger":"task.stdout"}
{"timestamp":"2026-01-01T00:11:05.263547Z","level":"info","event":"          │           └ {'Error': {'Code': '403', 'Message': 'Forbidden'}, 'ResponseMetadata': {'RequestId': 'T6W93BRC7KV85J5E', 'HostId': 'p3H76h1Cd...","logger":"task.stdout"}
{"timestamp":"2026-01-01T00:11:05.263611Z","level":"info","event":"          └ <class 'botocore.exceptions.ClientError'>","logger":"task.stdout"}
{"timestamp":"2026-01-01T00:11:05.263671Z","level":"info","event":"","logger":"task.stdout"}
{"timestamp":"2026-01-01T00:11:05.263744Z","level":"info","event":"botocore.exceptions.ClientError: An error occurred (403) when calling the HeadObject operation: Forbidden","logger":"task.stdout"}
{"timestamp":"2026-01-01T00:11:05.431993Z","level":"info","event":"2026-01-01 00:11:05 | ERROR | S3 head_object failed | flow=CPI year=2022 key=imf/CPI/year=2022/CPI_2022.csv","logger":"task.stdout"}
{"timestamp":"2026-01-01T00:11:05.432227Z","level":"info","event":"Traceback (most recent call last):","logger":"task.stdout"}
{"timestamp":"2026-01-01T00:11:05.432349Z","level":"info","event":"","logger":"task.stdout"}
{"timestamp":"2026-01-01T00:11:05.432514Z","level":"info","event":"  File \"/usr/python/lib/python3.12/threading.py\", line 1032, in _bootstrap","logger":"task.stdout"}
{"timestamp":"2026-01-01T00:11:05.432643Z","level":"info","event":"    self._bootstrap_inner()","logger":"task.stdout"}
{"timestamp":"2026-01-01T00:11:05.432733Z","level":"info","event":"    │    └ <function Thread._bootstrap_inner at 0xffff99068f40>","logger":"task.stdout"}
{"timestamp":"2026-01-01T00:11:05.432826Z","level":"info","event":"    └ <Thread(ThreadPoolExecutor-1_0, started 281472806220128)>","logger":"task.stdout"}
{"timestamp":"2026-01-01T00:11:05.433906Z","level":"info","event":"  File \"/usr/python/lib/python3.12/threading.py\", line 1075, in _bootstrap_inner","logger":"task.stdout"}
{"timestamp":"2026-01-01T00:11:05.436357Z","level":"info","event":"    self.run()","logger":"task.stdout"}
{"timestamp":"2026-01-01T00:11:05.437289Z","level":"info","event":"    │    └ <function Thread.run at 0xffff99068c20>","logger":"task.stdout"}
{"timestamp":"2026-01-01T00:11:05.437518Z","level":"info","event":"    └ <Thread(ThreadPoolExecutor-1_0, started 281472806220128)>","logger":"task.stdout"}
{"timestamp":"2026-01-01T00:11:05.437636Z","level":"info","event":"  File \"/usr/python/lib/python3.12/threading.py\", line 1012, in run","logger":"task.stdout"}
{"timestamp":"2026-01-01T00:11:05.437718Z","level":"info","event":"    self._target(*self._args, **self._kwargs)","logger":"task.stdout"}
{"timestamp":"2026-01-01T00:11:05.437841Z","level":"info","event":"    │    │        │    │        │    └ {}","logger":"task.stdout"}
{"timestamp":"2026-01-01T00:11:05.437924Z","level":"info","event":"    │    │        │    │        └ <Thread(ThreadPoolExecutor-1_0, started 281472806220128)>","logger":"task.stdout"}
{"timestamp":"2026-01-01T00:11:05.438003Z","level":"info","event":"    │    │        │    └ (<weakref at 0xffff90350ef0; to 'ThreadPoolExecutor' at 0xffff86d3eb70>, <_queue.SimpleQueue object at 0xffff712e3b00>, None,...","logger":"task.stdout"}
{"timestamp":"2026-01-01T00:11:05.438083Z","level":"info","event":"    │    │        └ <Thread(ThreadPoolExecutor-1_0, started 281472806220128)>","logger":"task.stdout"}
{"timestamp":"2026-01-01T00:11:05.438171Z","level":"info","event":"    │    └ <function _worker at 0xffff937a1c60>","logger":"task.stdout"}
{"timestamp":"2026-01-01T00:11:05.438323Z","level":"info","event":"    └ <Thread(ThreadPoolExecutor-1_0, started 281472806220128)>","logger":"task.stdout"}
{"timestamp":"2026-01-01T00:11:05.438407Z","level":"info","event":"  File \"/usr/python/lib/python3.12/concurrent/futures/thread.py\", line 93, in _worker","logger":"task.stdout"}
{"timestamp":"2026-01-01T00:11:05.438480Z","level":"info","event":"    work_item.run()","logger":"task.stdout"}
{"timestamp":"2026-01-01T00:11:05.438555Z","level":"info","event":"    │         └ <function _WorkItem.run at 0xffff937a1da0>","logger":"task.stdout"}
{"timestamp":"2026-01-01T00:11:05.438835Z","level":"info","event":"    └ <concurrent.futures.thread._WorkItem object at 0xffff71c106e0>","logger":"task.stdout"}
{"timestamp":"2026-01-01T00:11:05.442290Z","level":"info","event":"  File \"/usr/python/lib/python3.12/concurrent/futures/thread.py\", line 59, in run","logger":"task.stdout"}
{"timestamp":"2026-01-01T00:11:05.442414Z","level":"info","event":"    result = self.fn(*self.args, **self.kwargs)","logger":"task.stdout"}
{"timestamp":"2026-01-01T00:11:05.442530Z","level":"info","event":"             │    │   │    │       │    └ {}","logger":"task.stdout"}
{"timestamp":"2026-01-01T00:11:05.442714Z","level":"info","event":"             │    │   │    │       └ <concurrent.futures.thread._WorkItem object at 0xffff71c106e0>","logger":"task.stdout"}
{"timestamp":"2026-01-01T00:11:05.442902Z","level":"info","event":"             │    │   │    └ ([('process_flow_year_chunk-a0c13d08-6d4a-481f-bbaf-0ec5645c3f7b', (<Task 'process_flow_year_chunk-a0c13d08-6d4a-481f-bbaf-0e...","logger":"task.stdout"}
{"timestamp":"2026-01-01T00:11:05.442994Z","level":"info","event":"             │    │   └ <concurrent.futures.thread._WorkItem object at 0xffff71c106e0>","logger":"task.stdout"}
{"timestamp":"2026-01-01T00:11:05.443076Z","level":"info","event":"             │    └ <function batch_execute_tasks at 0xffff8d561d00>","logger":"task.stdout"}
{"timestamp":"2026-01-01T00:11:05.443155Z","level":"info","event":"             └ <concurrent.futures.thread._WorkItem object at 0xffff71c106e0>","logger":"task.stdout"}
{"timestamp":"2026-01-01T00:11:05.443352Z","level":"info","event":"  File \"/home/airflow/.local/lib/python3.12/site-packages/dask/local.py\", line 270, in batch_execute_tasks","logger":"task.stdout"}
{"timestamp":"2026-01-01T00:11:05.443457Z","level":"info","event":"    return [execute_task(*a) for a in it]","logger":"task.stdout"}
{"timestamp":"2026-01-01T00:11:05.443581Z","level":"info","event":"            │             │      │    └ [('process_flow_year_chunk-a0c13d08-6d4a-481f-bbaf-0ec5645c3f7b', (<Task 'process_flow_year_chunk-a0c13d08-6d4a-481f-bbaf-0ec...","logger":"task.stdout"}
{"timestamp":"2026-01-01T00:11:05.443693Z","level":"info","event":"            │             │      └ ('process_flow_year_chunk-a0c13d08-6d4a-481f-bbaf-0ec5645c3f7b', (<Task 'process_flow_year_chunk-a0c13d08-6d4a-481f-bbaf-0ec5...","logger":"task.stdout"}
{"timestamp":"2026-01-01T00:11:05.443786Z","level":"info","event":"            │             └ ('process_flow_year_chunk-a0c13d08-6d4a-481f-bbaf-0ec5645c3f7b', (<Task 'process_flow_year_chunk-a0c13d08-6d4a-481f-bbaf-0ec5...","logger":"task.stdout"}
{"timestamp":"2026-01-01T00:11:05.443876Z","level":"info","event":"            └ <function execute_task at 0xffff8d561c60>","logger":"task.stdout"}
{"timestamp":"2026-01-01T00:11:05.443966Z","level":"info","event":"  File \"/home/airflow/.local/lib/python3.12/site-packages/dask/local.py\", line 256, in execute_task","logger":"task.stdout"}
{"timestamp":"2026-01-01T00:11:05.444066Z","level":"info","event":"    result = task(data)","logger":"task.stdout"}
{"timestamp":"2026-01-01T00:11:05.444155Z","level":"info","event":"             │    └ {}","logger":"task.stdout"}
{"timestamp":"2026-01-01T00:11:05.444267Z","level":"info","event":"             └ <Task 'process_flow_year_chunk-a0c13d08-6d4a-481f-bbaf-0ec5645c3f7b' process_flow_year_chunk(...)>","logger":"task.stdout"}
{"timestamp":"2026-01-01T00:11:05.444446Z","level":"info","event":"  File \"/home/airflow/.local/lib/python3.12/site-packages/dask/_task_spec.py\", line 759, in __call__","logger":"task.stdout"}
{"timestamp":"2026-01-01T00:11:05.444546Z","level":"info","event":"    return self.func(*new_argspec)","logger":"task.stdout"}
{"timestamp":"2026-01-01T00:11:05.444638Z","level":"info","event":"           │    │     └ ('CPI', 'IMF.STA,CPI,latest', [2018, 2019, 2020, 2021, 2022], IMFConfig(key='all', sub_key='all', base_url='https://api.imf.o...","logger":"task.stdout"}
{"timestamp":"2026-01-01T00:11:05.444738Z","level":"info","event":"           │    └ <member 'func' of 'Task' objects>","logger":"task.stdout"}
{"timestamp":"2026-01-01T00:11:05.444836Z","level":"info","event":"           └ <Task 'process_flow_year_chunk-a0c13d08-6d4a-481f-bbaf-0ec5645c3f7b' process_flow_year_chunk(...)>","logger":"task.stdout"}
{"timestamp":"2026-01-01T00:11:05.444922Z","level":"info","event":"","logger":"task.stdout"}
{"timestamp":"2026-01-01T00:11:05.445010Z","level":"info","event":"> File \"/opt/airflow/dags/pipelines/imf/pipeline.py\", line 54, in process_flow_year_chunk","logger":"task.stdout"}
{"timestamp":"2026-01-01T00:11:05.445079Z","level":"info","event":"    if s3_object_exists(s3_cfg.bucket, s3_key, s3_cfg.region):","logger":"task.stdout"}
{"timestamp":"2026-01-01T00:11:05.445152Z","level":"info","event":"       │                │      │       │       │      └ 'eu-west-1'","logger":"task.stdout"}
{"timestamp":"2026-01-01T00:11:05.445232Z","level":"info","event":"       │                │      │       │       └ S3Config(bucket='personal-projectbucket', prefix='imf', region='eu-west-1')","logger":"task.stdout"}
{"timestamp":"2026-01-01T00:11:05.445322Z","level":"info","event":"       │                │      │       └ 'imf/CPI/year=2022/CPI_2022.csv'","logger":"task.stdout"}
{"timestamp":"2026-01-01T00:11:05.445491Z","level":"info","event":"       │                │      └ 'personal-projectbucket'","logger":"task.stdout"}
{"timestamp":"2026-01-01T00:11:05.445601Z","level":"info","event":"       │                └ S3Config(bucket='personal-projectbucket', prefix='imf', region='eu-west-1')","logger":"task.stdout"}
{"timestamp":"2026-01-01T00:11:05.445683Z","level":"info","event":"       └ <function s3_object_exists at 0xffff8cfba7a0>","logger":"task.stdout"}
{"timestamp":"2026-01-01T00:11:05.445748Z","level":"info","event":"","logger":"task.stdout"}
{"timestamp":"2026-01-01T00:11:05.445807Z","level":"info","event":"  File \"/opt/airflow/dags/pipelines/common/s3_utils.py\", line 29, in s3_object_exists","logger":"task.stdout"}
{"timestamp":"2026-01-01T00:11:05.445863Z","level":"info","event":"    s3.head_object(Bucket=bucket, Key=key)","logger":"task.stdout"}
{"timestamp":"2026-01-01T00:11:05.445933Z","level":"info","event":"    │  │                  │           └ 'imf/CPI/year=2022/CPI_2022.csv'","logger":"task.stdout"}
{"timestamp":"2026-01-01T00:11:05.446000Z","level":"info","event":"    │  │                  └ 'personal-projectbucket'","logger":"task.stdout"}
{"timestamp":"2026-01-01T00:11:05.446059Z","level":"info","event":"    │  └ <function ClientCreator._create_api_method.<locals>._api_call at 0xffff71310680>","logger":"task.stdout"}
{"timestamp":"2026-01-01T00:11:05.446128Z","level":"info","event":"    └ <botocore.client.S3 object at 0xffff717a79e0>","logger":"task.stdout"}
{"timestamp":"2026-01-01T00:11:05.446219Z","level":"info","event":"","logger":"task.stdout"}
{"timestamp":"2026-01-01T00:11:05.446338Z","level":"info","event":"  File \"/home/airflow/.local/lib/python3.12/site-packages/botocore/client.py\", line 602, in _api_call","logger":"task.stdout"}
{"timestamp":"2026-01-01T00:11:05.446423Z","level":"info","event":"    return self._make_api_call(operation_name, kwargs)","logger":"task.stdout"}
{"timestamp":"2026-01-01T00:11:05.446502Z","level":"info","event":"           │    │              │               └ {'Bucket': 'personal-projectbucket', 'Key': 'imf/CPI/year=2022/CPI_2022.csv'}","logger":"task.stdout"}
{"timestamp":"2026-01-01T00:11:05.446657Z","level":"info","event":"           │    │              └ 'HeadObject'","logger":"task.stdout"}
{"timestamp":"2026-01-01T00:11:05.446736Z","level":"info","event":"           │    └ <function BaseClient._make_api_call at 0xffff8cf3b060>","logger":"task.stdout"}
{"timestamp":"2026-01-01T00:11:05.446803Z","level":"info","event":"           └ <botocore.client.S3 object at 0xffff717a79e0>","logger":"task.stdout"}
{"timestamp":"2026-01-01T00:11:05.446864Z","level":"info","event":"  File \"/home/airflow/.local/lib/python3.12/site-packages/botocore/context.py\", line 123, in wrapper","logger":"task.stdout"}
{"timestamp":"2026-01-01T00:11:05.446935Z","level":"info","event":"    return func(*args, **kwargs)","logger":"task.stdout"}
{"timestamp":"2026-01-01T00:11:05.447015Z","level":"info","event":"           │     │       └ {}","logger":"task.stdout"}
{"timestamp":"2026-01-01T00:11:05.447090Z","level":"info","event":"           │     └ (<botocore.client.S3 object at 0xffff717a79e0>, 'HeadObject', {'Bucket': 'personal-projectbucket', 'Key': 'imf/CPI/year=2022/...","logger":"task.stdout"}
{"timestamp":"2026-01-01T00:11:05.447157Z","level":"info","event":"           └ <function BaseClient._make_api_call at 0xffff8cf3afc0>","logger":"task.stdout"}
{"timestamp":"2026-01-01T00:11:05.447215Z","level":"info","event":"  File \"/home/airflow/.local/lib/python3.12/site-packages/botocore/client.py\", line 1078, in _make_api_call","logger":"task.stdout"}
{"timestamp":"2026-01-01T00:11:05.449285Z","level":"info","event":"    raise error_class(parsed_response, operation_name)","logger":"task.stdout"}
{"timestamp":"2026-01-01T00:11:05.449425Z","level":"info","event":"          │           │                └ 'HeadObject'","logger":"task.stdout"}
{"timestamp":"2026-01-01T00:11:05.449504Z","level":"info","event":"          │           └ {'Error': {'Code': '403', 'Message': 'Forbidden'}, 'ResponseMetadata': {'RequestId': 'T6WCV01VPNJ5RDD8', 'HostId': 'kpTH+BiMd...","logger":"task.stdout"}
{"timestamp":"2026-01-01T00:11:05.449567Z","level":"info","event":"          └ <class 'botocore.exceptions.ClientError'>","logger":"task.stdout"}
{"timestamp":"2026-01-01T00:11:05.449689Z","level":"info","event":"","logger":"task.stdout"}
{"timestamp":"2026-01-01T00:11:05.449813Z","level":"info","event":"botocore.exceptions.ClientError: An error occurred (403) when calling the HeadObject operation: Forbidden","logger":"task.stdout"}
{"timestamp":"2026-01-01T00:11:05.666073Z","level":"info","event":"2026-01-01 00:11:05 | ERROR | S3 head_object failed | flow=BOP year=2008 key=imf/BOP/year=2008/BOP_2008.csv","logger":"task.stdout"}
{"timestamp":"2026-01-01T00:11:05.666298Z","level":"info","event":"Traceback (most recent call last):","logger":"task.stdout"}
{"timestamp":"2026-01-01T00:11:05.666392Z","level":"info","event":"","logger":"task.stdout"}
{"timestamp":"2026-01-01T00:11:05.666472Z","level":"info","event":"  File \"/usr/python/lib/python3.12/threading.py\", line 1032, in _bootstrap","logger":"task.stdout"}
{"timestamp":"2026-01-01T00:11:05.666548Z","level":"info","event":"    self._bootstrap_inner()","logger":"task.stdout"}
{"timestamp":"2026-01-01T00:11:05.666624Z","level":"info","event":"    │    └ <function Thread._bootstrap_inner at 0xffff99068f40>","logger":"task.stdout"}
{"timestamp":"2026-01-01T00:11:05.666701Z","level":"info","event":"    └ <Thread(ThreadPoolExecutor-1_0, started 281472806220128)>","logger":"task.stdout"}
{"timestamp":"2026-01-01T00:11:05.666778Z","level":"info","event":"  File \"/usr/python/lib/python3.12/threading.py\", line 1075, in _bootstrap_inner","logger":"task.stdout"}
{"timestamp":"2026-01-01T00:11:05.666850Z","level":"info","event":"    self.run()","logger":"task.stdout"}
{"timestamp":"2026-01-01T00:11:05.666922Z","level":"info","event":"    │    └ <function Thread.run at 0xffff99068c20>","logger":"task.stdout"}
{"timestamp":"2026-01-01T00:11:05.667053Z","level":"info","event":"    └ <Thread(ThreadPoolExecutor-1_0, started 281472806220128)>","logger":"task.stdout"}
{"timestamp":"2026-01-01T00:11:05.667125Z","level":"info","event":"  File \"/usr/python/lib/python3.12/threading.py\", line 1012, in run","logger":"task.stdout"}
{"timestamp":"2026-01-01T00:11:05.667193Z","level":"info","event":"    self._target(*self._args, **self._kwargs)","logger":"task.stdout"}
{"timestamp":"2026-01-01T00:11:05.667274Z","level":"info","event":"    │    │        │    │        │    └ {}","logger":"task.stdout"}
{"timestamp":"2026-01-01T00:11:05.667345Z","level":"info","event":"    │    │        │    │        └ <Thread(ThreadPoolExecutor-1_0, started 281472806220128)>","logger":"task.stdout"}
{"timestamp":"2026-01-01T00:11:05.667416Z","level":"info","event":"    │    │        │    └ (<weakref at 0xffff90350ef0; to 'ThreadPoolExecutor' at 0xffff86d3eb70>, <_queue.SimpleQueue object at 0xffff712e3b00>, None,...","logger":"task.stdout"}
{"timestamp":"2026-01-01T00:11:05.667487Z","level":"info","event":"    │    │        └ <Thread(ThreadPoolExecutor-1_0, started 281472806220128)>","logger":"task.stdout"}
{"timestamp":"2026-01-01T00:11:05.667556Z","level":"info","event":"    │    └ <function _worker at 0xffff937a1c60>","logger":"task.stdout"}
{"timestamp":"2026-01-01T00:11:05.667625Z","level":"info","event":"    └ <Thread(ThreadPoolExecutor-1_0, started 281472806220128)>","logger":"task.stdout"}
{"timestamp":"2026-01-01T00:11:05.667693Z","level":"info","event":"  File \"/usr/python/lib/python3.12/concurrent/futures/thread.py\", line 93, in _worker","logger":"task.stdout"}
{"timestamp":"2026-01-01T00:11:05.667766Z","level":"info","event":"    work_item.run()","logger":"task.stdout"}
{"timestamp":"2026-01-01T00:11:05.667836Z","level":"info","event":"    │         └ <function _WorkItem.run at 0xffff937a1da0>","logger":"task.stdout"}
{"timestamp":"2026-01-01T00:11:05.667908Z","level":"info","event":"    └ <concurrent.futures.thread._WorkItem object at 0xffff6bd85970>","logger":"task.stdout"}
{"timestamp":"2026-01-01T00:11:05.667977Z","level":"info","event":"  File \"/usr/python/lib/python3.12/concurrent/futures/thread.py\", line 59, in run","logger":"task.stdout"}
{"timestamp":"2026-01-01T00:11:05.668045Z","level":"info","event":"    result = self.fn(*self.args, **self.kwargs)","logger":"task.stdout"}
{"timestamp":"2026-01-01T00:11:05.668115Z","level":"info","event":"             │    │   │    │       │    └ {}","logger":"task.stdout"}
{"timestamp":"2026-01-01T00:11:05.668185Z","level":"info","event":"             │    │   │    │       └ <concurrent.futures.thread._WorkItem object at 0xffff6bd85970>","logger":"task.stdout"}
{"timestamp":"2026-01-01T00:11:05.668275Z","level":"info","event":"             │    │   │    └ ([('process_flow_year_chunk-9525fae8-6b67-4226-baab-717b12cefd28', (<Task 'process_flow_year_chunk-9525fae8-6b67-4226-baab-71...","logger":"task.stdout"}
{"timestamp":"2026-01-01T00:11:05.668349Z","level":"info","event":"             │    │   └ <concurrent.futures.thread._WorkItem object at 0xffff6bd85970>","logger":"task.stdout"}
{"timestamp":"2026-01-01T00:11:05.668417Z","level":"info","event":"             │    └ <function batch_execute_tasks at 0xffff8d561d00>","logger":"task.stdout"}
{"timestamp":"2026-01-01T00:11:05.669279Z","level":"info","event":"             └ <concurrent.futures.thread._WorkItem object at 0xffff6bd85970>","logger":"task.stdout"}
{"timestamp":"2026-01-01T00:11:05.669371Z","level":"info","event":"  File \"/home/airflow/.local/lib/python3.12/site-packages/dask/local.py\", line 270, in batch_execute_tasks","logger":"task.stdout"}
{"timestamp":"2026-01-01T00:11:05.669443Z","level":"info","event":"    return [execute_task(*a) for a in it]","logger":"task.stdout"}
{"timestamp":"2026-01-01T00:11:05.669512Z","level":"info","event":"            │             │      │    └ [('process_flow_year_chunk-9525fae8-6b67-4226-baab-717b12cefd28', (<Task 'process_flow_year_chunk-9525fae8-6b67-4226-baab-717...","logger":"task.stdout"}
{"timestamp":"2026-01-01T00:11:05.669646Z","level":"info","event":"            │             │      └ ('process_flow_year_chunk-9525fae8-6b67-4226-baab-717b12cefd28', (<Task 'process_flow_year_chunk-9525fae8-6b67-4226-baab-717b...","logger":"task.stdout"}
{"timestamp":"2026-01-01T00:11:05.669716Z","level":"info","event":"            │             └ ('process_flow_year_chunk-9525fae8-6b67-4226-baab-717b12cefd28', (<Task 'process_flow_year_chunk-9525fae8-6b67-4226-baab-717b...","logger":"task.stdout"}
{"timestamp":"2026-01-01T00:11:05.669783Z","level":"info","event":"            └ <function execute_task at 0xffff8d561c60>","logger":"task.stdout"}
{"timestamp":"2026-01-01T00:11:05.669850Z","level":"info","event":"  File \"/home/airflow/.local/lib/python3.12/site-packages/dask/local.py\", line 256, in execute_task","logger":"task.stdout"}
{"timestamp":"2026-01-01T00:11:05.669918Z","level":"info","event":"    result = task(data)","logger":"task.stdout"}
{"timestamp":"2026-01-01T00:11:05.669985Z","level":"info","event":"             │    └ {}","logger":"task.stdout"}
{"timestamp":"2026-01-01T00:11:05.670051Z","level":"info","event":"             └ <Task 'process_flow_year_chunk-9525fae8-6b67-4226-baab-717b12cefd28' process_flow_year_chunk(...)>","logger":"task.stdout"}
{"timestamp":"2026-01-01T00:11:05.670119Z","level":"info","event":"  File \"/home/airflow/.local/lib/python3.12/site-packages/dask/_task_spec.py\", line 759, in __call__","logger":"task.stdout"}
{"timestamp":"2026-01-01T00:11:05.670184Z","level":"info","event":"    return self.func(*new_argspec)","logger":"task.stdout"}
{"timestamp":"2026-01-01T00:11:05.670261Z","level":"info","event":"           │    │     └ ('BOP', 'IMF.STA,BOP,latest', [2008, 2009, 2010, 2011, 2012], IMFConfig(key='all', sub_key='all', base_url='https://api.imf.o...","logger":"task.stdout"}
{"timestamp":"2026-01-01T00:11:05.670328Z","level":"info","event":"           │    └ <member 'func' of 'Task' objects>","logger":"task.stdout"}
{"timestamp":"2026-01-01T00:11:05.670394Z","level":"info","event":"           └ <Task 'process_flow_year_chunk-9525fae8-6b67-4226-baab-717b12cefd28' process_flow_year_chunk(...)>","logger":"task.stdout"}
{"timestamp":"2026-01-01T00:11:05.670462Z","level":"info","event":"","logger":"task.stdout"}
{"timestamp":"2026-01-01T00:11:05.670529Z","level":"info","event":"> File \"/opt/airflow/dags/pipelines/imf/pipeline.py\", line 54, in process_flow_year_chunk","logger":"task.stdout"}
{"timestamp":"2026-01-01T00:11:05.670596Z","level":"info","event":"    if s3_object_exists(s3_cfg.bucket, s3_key, s3_cfg.region):","logger":"task.stdout"}
{"timestamp":"2026-01-01T00:11:05.673275Z","level":"info","event":"       │                │      │       │       │      └ 'eu-west-1'","logger":"task.stdout"}
{"timestamp":"2026-01-01T00:11:05.673362Z","level":"info","event":"       │                │      │       │       └ S3Config(bucket='personal-projectbucket', prefix='imf', region='eu-west-1')","logger":"task.stdout"}
{"timestamp":"2026-01-01T00:11:05.673429Z","level":"info","event":"       │                │      │       └ 'imf/BOP/year=2008/BOP_2008.csv'","logger":"task.stdout"}
{"timestamp":"2026-01-01T00:11:05.673574Z","level":"info","event":"       │                │      └ 'personal-projectbucket'","logger":"task.stdout"}
{"timestamp":"2026-01-01T00:11:05.673655Z","level":"info","event":"       │                └ S3Config(bucket='personal-projectbucket', prefix='imf', region='eu-west-1')","logger":"task.stdout"}
{"timestamp":"2026-01-01T00:11:05.673725Z","level":"info","event":"       └ <function s3_object_exists at 0xffff8cfba7a0>","logger":"task.stdout"}
{"timestamp":"2026-01-01T00:11:05.673793Z","level":"info","event":"","logger":"task.stdout"}
{"timestamp":"2026-01-01T00:11:05.673860Z","level":"info","event":"  File \"/opt/airflow/dags/pipelines/common/s3_utils.py\", line 29, in s3_object_exists","logger":"task.stdout"}
{"timestamp":"2026-01-01T00:11:05.673970Z","level":"info","event":"    s3.head_object(Bucket=bucket, Key=key)","logger":"task.stdout"}
{"timestamp":"2026-01-01T00:11:05.674038Z","level":"info","event":"    │  │                  │           └ 'imf/BOP/year=2008/BOP_2008.csv'","logger":"task.stdout"}
{"timestamp":"2026-01-01T00:11:05.674104Z","level":"info","event":"    │  │                  └ 'personal-projectbucket'","logger":"task.stdout"}
{"timestamp":"2026-01-01T00:11:05.674169Z","level":"info","event":"    │  └ <function ClientCreator._create_api_method.<locals>._api_call at 0xffff71310680>","logger":"task.stdout"}
{"timestamp":"2026-01-01T00:11:05.674236Z","level":"info","event":"    └ <botocore.client.S3 object at 0xffff717a79e0>","logger":"task.stdout"}
{"timestamp":"2026-01-01T00:11:05.674317Z","level":"info","event":"","logger":"task.stdout"}
{"timestamp":"2026-01-01T00:11:05.674383Z","level":"info","event":"  File \"/home/airflow/.local/lib/python3.12/site-packages/botocore/client.py\", line 602, in _api_call","logger":"task.stdout"}
{"timestamp":"2026-01-01T00:11:05.674449Z","level":"info","event":"    return self._make_api_call(operation_name, kwargs)","logger":"task.stdout"}
{"timestamp":"2026-01-01T00:11:05.674521Z","level":"info","event":"           │    │              │               └ {'Bucket': 'personal-projectbucket', 'Key': 'imf/BOP/year=2008/BOP_2008.csv'}","logger":"task.stdout"}
{"timestamp":"2026-01-01T00:11:05.674589Z","level":"info","event":"           │    │              └ 'HeadObject'","logger":"task.stdout"}
{"timestamp":"2026-01-01T00:11:05.674657Z","level":"info","event":"           │    └ <function BaseClient._make_api_call at 0xffff8cf3b060>","logger":"task.stdout"}
{"timestamp":"2026-01-01T00:11:05.674722Z","level":"info","event":"           └ <botocore.client.S3 object at 0xffff717a79e0>","logger":"task.stdout"}
{"timestamp":"2026-01-01T00:11:05.674788Z","level":"info","event":"  File \"/home/airflow/.local/lib/python3.12/site-packages/botocore/context.py\", line 123, in wrapper","logger":"task.stdout"}
{"timestamp":"2026-01-01T00:11:05.674855Z","level":"info","event":"    return func(*args, **kwargs)","logger":"task.stdout"}
{"timestamp":"2026-01-01T00:11:05.674922Z","level":"info","event":"           │     │       └ {}","logger":"task.stdout"}
{"timestamp":"2026-01-01T00:11:05.674988Z","level":"info","event":"           │     └ (<botocore.client.S3 object at 0xffff717a79e0>, 'HeadObject', {'Bucket': 'personal-projectbucket', 'Key': 'imf/BOP/year=2008/...","logger":"task.stdout"}
{"timestamp":"2026-01-01T00:11:05.675055Z","level":"info","event":"           └ <function BaseClient._make_api_call at 0xffff8cf3afc0>","logger":"task.stdout"}
{"timestamp":"2026-01-01T00:11:05.675119Z","level":"info","event":"  File \"/home/airflow/.local/lib/python3.12/site-packages/botocore/client.py\", line 1078, in _make_api_call","logger":"task.stdout"}
{"timestamp":"2026-01-01T00:11:05.675184Z","level":"info","event":"    raise error_class(parsed_response, operation_name)","logger":"task.stdout"}
{"timestamp":"2026-01-01T00:11:05.675262Z","level":"info","event":"          │           │                └ 'HeadObject'","logger":"task.stdout"}
{"timestamp":"2026-01-01T00:11:05.675326Z","level":"info","event":"          │           └ {'Error': {'Code': '403', 'Message': 'Forbidden'}, 'ResponseMetadata': {'RequestId': '7CW21QBDJCFH4TEZ', 'HostId': '5V0kmyqOB...","logger":"task.stdout"}
{"timestamp":"2026-01-01T00:11:05.675393Z","level":"info","event":"          └ <class 'botocore.exceptions.ClientError'>","logger":"task.stdout"}
{"timestamp":"2026-01-01T00:11:05.675457Z","level":"info","event":"","logger":"task.stdout"}
{"timestamp":"2026-01-01T00:11:05.675524Z","level":"info","event":"botocore.exceptions.ClientError: An error occurred (403) when calling the HeadObject operation: Forbidden","logger":"task.stdout"}
{"timestamp":"2026-01-01T00:11:05.855510Z","level":"info","event":"2026-01-01 00:11:05 | ERROR | S3 head_object failed | flow=BOP year=2009 key=imf/BOP/year=2009/BOP_2009.csv","logger":"task.stdout"}
{"timestamp":"2026-01-01T00:11:05.855838Z","level":"info","event":"Traceback (most recent call last):","logger":"task.stdout"}
{"timestamp":"2026-01-01T00:11:05.856006Z","level":"info","event":"","logger":"task.stdout"}
{"timestamp":"2026-01-01T00:11:05.856087Z","level":"info","event":"  File \"/usr/python/lib/python3.12/threading.py\", line 1032, in _bootstrap","logger":"task.stdout"}
{"timestamp":"2026-01-01T00:11:05.856167Z","level":"info","event":"    self._bootstrap_inner()","logger":"task.stdout"}
{"timestamp":"2026-01-01T00:11:05.856243Z","level":"info","event":"    │    └ <function Thread._bootstrap_inner at 0xffff99068f40>","logger":"task.stdout"}
{"timestamp":"2026-01-01T00:11:05.856346Z","level":"info","event":"    └ <Thread(ThreadPoolExecutor-1_0, started 281472806220128)>","logger":"task.stdout"}
{"timestamp":"2026-01-01T00:11:05.856422Z","level":"info","event":"  File \"/usr/python/lib/python3.12/threading.py\", line 1075, in _bootstrap_inner","logger":"task.stdout"}
{"timestamp":"2026-01-01T00:11:05.856491Z","level":"info","event":"    self.run()","logger":"task.stdout"}
{"timestamp":"2026-01-01T00:11:05.856561Z","level":"info","event":"    │    └ <function Thread.run at 0xffff99068c20>","logger":"task.stdout"}
{"timestamp":"2026-01-01T00:11:05.856634Z","level":"info","event":"    └ <Thread(ThreadPoolExecutor-1_0, started 281472806220128)>","logger":"task.stdout"}
{"timestamp":"2026-01-01T00:11:05.856707Z","level":"info","event":"  File \"/usr/python/lib/python3.12/threading.py\", line 1012, in run","logger":"task.stdout"}
{"timestamp":"2026-01-01T00:11:05.856778Z","level":"info","event":"    self._target(*self._args, **self._kwargs)","logger":"task.stdout"}
{"timestamp":"2026-01-01T00:11:05.856850Z","level":"info","event":"    │    │        │    │        │    └ {}","logger":"task.stdout"}
{"timestamp":"2026-01-01T00:11:05.856926Z","level":"info","event":"    │    │        │    │        └ <Thread(ThreadPoolExecutor-1_0, started 281472806220128)>","logger":"task.stdout"}
{"timestamp":"2026-01-01T00:11:05.856999Z","level":"info","event":"    │    │        │    └ (<weakref at 0xffff90350ef0; to 'ThreadPoolExecutor' at 0xffff86d3eb70>, <_queue.SimpleQueue object at 0xffff712e3b00>, None,...","logger":"task.stdout"}
{"timestamp":"2026-01-01T00:11:05.857072Z","level":"info","event":"    │    │        └ <Thread(ThreadPoolExecutor-1_0, started 281472806220128)>","logger":"task.stdout"}
{"timestamp":"2026-01-01T00:11:05.857273Z","level":"info","event":"    │    └ <function _worker at 0xffff937a1c60>","logger":"task.stdout"}
{"timestamp":"2026-01-01T00:11:05.858193Z","level":"info","event":"    └ <Thread(ThreadPoolExecutor-1_0, started 281472806220128)>","logger":"task.stdout"}
{"timestamp":"2026-01-01T00:11:05.858332Z","level":"info","event":"  File \"/usr/python/lib/python3.12/concurrent/futures/thread.py\", line 93, in _worker","logger":"task.stdout"}
{"timestamp":"2026-01-01T00:11:05.858411Z","level":"info","event":"    work_item.run()","logger":"task.stdout"}
{"timestamp":"2026-01-01T00:11:05.858490Z","level":"info","event":"    │         └ <function _WorkItem.run at 0xffff937a1da0>","logger":"task.stdout"}
{"timestamp":"2026-01-01T00:11:05.858566Z","level":"info","event":"    └ <concurrent.futures.thread._WorkItem object at 0xffff6bd85970>","logger":"task.stdout"}
{"timestamp":"2026-01-01T00:11:05.858637Z","level":"info","event":"  File \"/usr/python/lib/python3.12/concurrent/futures/thread.py\", line 59, in run","logger":"task.stdout"}
{"timestamp":"2026-01-01T00:11:05.858708Z","level":"info","event":"    result = self.fn(*self.args, **self.kwargs)","logger":"task.stdout"}
{"timestamp":"2026-01-01T00:11:05.858789Z","level":"info","event":"             │    │   │    │       │    └ {}","logger":"task.stdout"}
{"timestamp":"2026-01-01T00:11:05.858863Z","level":"info","event":"             │    │   │    │       └ <concurrent.futures.thread._WorkItem object at 0xffff6bd85970>","logger":"task.stdout"}
{"timestamp":"2026-01-01T00:11:05.858980Z","level":"info","event":"             │    │   │    └ ([('process_flow_year_chunk-9525fae8-6b67-4226-baab-717b12cefd28', (<Task 'process_flow_year_chunk-9525fae8-6b67-4226-baab-71...","logger":"task.stdout"}
{"timestamp":"2026-01-01T00:11:05.859052Z","level":"info","event":"             │    │   └ <concurrent.futures.thread._WorkItem object at 0xffff6bd85970>","logger":"task.stdout"}
{"timestamp":"2026-01-01T00:11:05.859122Z","level":"info","event":"             │    └ <function batch_execute_tasks at 0xffff8d561d00>","logger":"task.stdout"}
{"timestamp":"2026-01-01T00:11:05.859190Z","level":"info","event":"             └ <concurrent.futures.thread._WorkItem object at 0xffff6bd85970>","logger":"task.stdout"}
{"timestamp":"2026-01-01T00:11:05.859278Z","level":"info","event":"  File \"/home/airflow/.local/lib/python3.12/site-packages/dask/local.py\", line 270, in batch_execute_tasks","logger":"task.stdout"}
{"timestamp":"2026-01-01T00:11:05.859348Z","level":"info","event":"    return [execute_task(*a) for a in it]","logger":"task.stdout"}
{"timestamp":"2026-01-01T00:11:05.859418Z","level":"info","event":"            │             │      │    └ [('process_flow_year_chunk-9525fae8-6b67-4226-baab-717b12cefd28', (<Task 'process_flow_year_chunk-9525fae8-6b67-4226-baab-717...","logger":"task.stdout"}
{"timestamp":"2026-01-01T00:11:05.860328Z","level":"info","event":"            │             │      └ ('process_flow_year_chunk-9525fae8-6b67-4226-baab-717b12cefd28', (<Task 'process_flow_year_chunk-9525fae8-6b67-4226-baab-717b...","logger":"task.stdout"}
{"timestamp":"2026-01-01T00:11:05.862274Z","level":"info","event":"            │             └ ('process_flow_year_chunk-9525fae8-6b67-4226-baab-717b12cefd28', (<Task 'process_flow_year_chunk-9525fae8-6b67-4226-baab-717b...","logger":"task.stdout"}
{"timestamp":"2026-01-01T00:11:05.862361Z","level":"info","event":"            └ <function execute_task at 0xffff8d561c60>","logger":"task.stdout"}
{"timestamp":"2026-01-01T00:11:05.862432Z","level":"info","event":"  File \"/home/airflow/.local/lib/python3.12/site-packages/dask/local.py\", line 256, in execute_task","logger":"task.stdout"}
{"timestamp":"2026-01-01T00:11:05.862499Z","level":"info","event":"    result = task(data)","logger":"task.stdout"}
{"timestamp":"2026-01-01T00:11:05.862568Z","level":"info","event":"             │    └ {}","logger":"task.stdout"}
{"timestamp":"2026-01-01T00:11:05.862641Z","level":"info","event":"             └ <Task 'process_flow_year_chunk-9525fae8-6b67-4226-baab-717b12cefd28' process_flow_year_chunk(...)>","logger":"task.stdout"}
{"timestamp":"2026-01-01T00:11:05.862712Z","level":"info","event":"  File \"/home/airflow/.local/lib/python3.12/site-packages/dask/_task_spec.py\", line 759, in __call__","logger":"task.stdout"}
{"timestamp":"2026-01-01T00:11:05.862779Z","level":"info","event":"    return self.func(*new_argspec)","logger":"task.stdout"}
{"timestamp":"2026-01-01T00:11:05.862849Z","level":"info","event":"           │    │     └ ('BOP', 'IMF.STA,BOP,latest', [2008, 2009, 2010, 2011, 2012], IMFConfig(key='all', sub_key='all', base_url='https://api.imf.o...","logger":"task.stdout"}
{"timestamp":"2026-01-01T00:11:05.862921Z","level":"info","event":"           │    └ <member 'func' of 'Task' objects>","logger":"task.stdout"}
{"timestamp":"2026-01-01T00:11:05.862986Z","level":"info","event":"           └ <Task 'process_flow_year_chunk-9525fae8-6b67-4226-baab-717b12cefd28' process_flow_year_chunk(...)>","logger":"task.stdout"}
{"timestamp":"2026-01-01T00:11:05.863056Z","level":"info","event":"","logger":"task.stdout"}
{"timestamp":"2026-01-01T00:11:05.863127Z","level":"info","event":"> File \"/opt/airflow/dags/pipelines/imf/pipeline.py\", line 54, in process_flow_year_chunk","logger":"task.stdout"}
{"timestamp":"2026-01-01T00:11:05.863193Z","level":"info","event":"    if s3_object_exists(s3_cfg.bucket, s3_key, s3_cfg.region):","logger":"task.stdout"}
{"timestamp":"2026-01-01T00:11:05.863329Z","level":"info","event":"       │                │      │       │       │      └ 'eu-west-1'","logger":"task.stdout"}
{"timestamp":"2026-01-01T00:11:05.863410Z","level":"info","event":"       │                │      │       │       └ S3Config(bucket='personal-projectbucket', prefix='imf', region='eu-west-1')","logger":"task.stdout"}
{"timestamp":"2026-01-01T00:11:05.863480Z","level":"info","event":"       │                │      │       └ 'imf/BOP/year=2009/BOP_2009.csv'","logger":"task.stdout"}
{"timestamp":"2026-01-01T00:11:05.863614Z","level":"info","event":"       │                │      └ 'personal-projectbucket'","logger":"task.stdout"}
{"timestamp":"2026-01-01T00:11:05.863685Z","level":"info","event":"       │                └ S3Config(bucket='personal-projectbucket', prefix='imf', region='eu-west-1')","logger":"task.stdout"}
{"timestamp":"2026-01-01T00:11:05.863755Z","level":"info","event":"       └ <function s3_object_exists at 0xffff8cfba7a0>","logger":"task.stdout"}
{"timestamp":"2026-01-01T00:11:05.863823Z","level":"info","event":"","logger":"task.stdout"}
{"timestamp":"2026-01-01T00:11:05.863890Z","level":"info","event":"  File \"/opt/airflow/dags/pipelines/common/s3_utils.py\", line 29, in s3_object_exists","logger":"task.stdout"}
{"timestamp":"2026-01-01T00:11:05.863956Z","level":"info","event":"    s3.head_object(Bucket=bucket, Key=key)","logger":"task.stdout"}
{"timestamp":"2026-01-01T00:11:05.864024Z","level":"info","event":"    │  │                  │           └ 'imf/BOP/year=2009/BOP_2009.csv'","logger":"task.stdout"}
{"timestamp":"2026-01-01T00:11:05.864097Z","level":"info","event":"    │  │                  └ 'personal-projectbucket'","logger":"task.stdout"}
{"timestamp":"2026-01-01T00:11:05.864164Z","level":"info","event":"    │  └ <function ClientCreator._create_api_method.<locals>._api_call at 0xffff71310680>","logger":"task.stdout"}
{"timestamp":"2026-01-01T00:11:05.864240Z","level":"info","event":"    └ <botocore.client.S3 object at 0xffff717a79e0>","logger":"task.stdout"}
{"timestamp":"2026-01-01T00:11:05.864323Z","level":"info","event":"","logger":"task.stdout"}
{"timestamp":"2026-01-01T00:11:05.864389Z","level":"info","event":"  File \"/home/airflow/.local/lib/python3.12/site-packages/botocore/client.py\", line 602, in _api_call","logger":"task.stdout"}
{"timestamp":"2026-01-01T00:11:05.864457Z","level":"info","event":"    return self._make_api_call(operation_name, kwargs)","logger":"task.stdout"}
{"timestamp":"2026-01-01T00:11:05.864525Z","level":"info","event":"           │    │              │               └ {'Bucket': 'personal-projectbucket', 'Key': 'imf/BOP/year=2009/BOP_2009.csv'}","logger":"task.stdout"}
{"timestamp":"2026-01-01T00:11:05.864593Z","level":"info","event":"           │    │              └ 'HeadObject'","logger":"task.stdout"}
{"timestamp":"2026-01-01T00:11:05.864662Z","level":"info","event":"           │    └ <function BaseClient._make_api_call at 0xffff8cf3b060>","logger":"task.stdout"}
{"timestamp":"2026-01-01T00:11:05.864734Z","level":"info","event":"           └ <botocore.client.S3 object at 0xffff717a79e0>","logger":"task.stdout"}
{"timestamp":"2026-01-01T00:11:05.864802Z","level":"info","event":"  File \"/home/airflow/.local/lib/python3.12/site-packages/botocore/context.py\", line 123, in wrapper","logger":"task.stdout"}
{"timestamp":"2026-01-01T00:11:05.864870Z","level":"info","event":"    return func(*args, **kwargs)","logger":"task.stdout"}
{"timestamp":"2026-01-01T00:11:05.864937Z","level":"info","event":"           │     │       └ {}","logger":"task.stdout"}
{"timestamp":"2026-01-01T00:11:05.865011Z","level":"info","event":"           │     └ (<botocore.client.S3 object at 0xffff717a79e0>, 'HeadObject', {'Bucket': 'personal-projectbucket', 'Key': 'imf/BOP/year=2009/...","logger":"task.stdout"}
{"timestamp":"2026-01-01T00:11:05.865080Z","level":"info","event":"           └ <function BaseClient._make_api_call at 0xffff8cf3afc0>","logger":"task.stdout"}
{"timestamp":"2026-01-01T00:11:05.865190Z","level":"info","event":"  File \"/home/airflow/.local/lib/python3.12/site-packages/botocore/client.py\", line 1078, in _make_api_call","logger":"task.stdout"}
{"timestamp":"2026-01-01T00:11:05.865266Z","level":"info","event":"    raise error_class(parsed_response, operation_name)","logger":"task.stdout"}
{"timestamp":"2026-01-01T00:11:05.865331Z","level":"info","event":"          │           │                └ 'HeadObject'","logger":"task.stdout"}
{"timestamp":"2026-01-01T00:11:05.865402Z","level":"info","event":"          │           └ {'Error': {'Code': '403', 'Message': 'Forbidden'}, 'ResponseMetadata': {'RequestId': '7CWAVFS890G1KBP9', 'HostId': 'pGT407yco...","logger":"task.stdout"}
{"timestamp":"2026-01-01T00:11:05.866323Z","level":"info","event":"          └ <class 'botocore.exceptions.ClientError'>","logger":"task.stdout"}
{"timestamp":"2026-01-01T00:11:05.868280Z","level":"info","event":"","logger":"task.stdout"}
{"timestamp":"2026-01-01T00:11:05.868361Z","level":"info","event":"botocore.exceptions.ClientError: An error occurred (403) when calling the HeadObject operation: Forbidden","logger":"task.stdout"}
{"timestamp":"2026-01-01T00:11:06.030136Z","level":"info","event":"2026-01-01 00:11:06 | ERROR | S3 head_object failed | flow=BOP year=2010 key=imf/BOP/year=2010/BOP_2010.csv","logger":"task.stdout"}
{"timestamp":"2026-01-01T00:11:06.032290Z","level":"info","event":"Traceback (most recent call last):","logger":"task.stdout"}
{"timestamp":"2026-01-01T00:11:06.032403Z","level":"info","event":"","logger":"task.stdout"}
{"timestamp":"2026-01-01T00:11:06.032483Z","level":"info","event":"  File \"/usr/python/lib/python3.12/threading.py\", line 1032, in _bootstrap","logger":"task.stdout"}
{"timestamp":"2026-01-01T00:11:06.032556Z","level":"info","event":"    self._bootstrap_inner()","logger":"task.stdout"}
{"timestamp":"2026-01-01T00:11:06.032628Z","level":"info","event":"    │    └ <function Thread._bootstrap_inner at 0xffff99068f40>","logger":"task.stdout"}
{"timestamp":"2026-01-01T00:11:06.032698Z","level":"info","event":"    └ <Thread(ThreadPoolExecutor-1_0, started 281472806220128)>","logger":"task.stdout"}
{"timestamp":"2026-01-01T00:11:06.032767Z","level":"info","event":"  File \"/usr/python/lib/python3.12/threading.py\", line 1075, in _bootstrap_inner","logger":"task.stdout"}
{"timestamp":"2026-01-01T00:11:06.032835Z","level":"info","event":"    self.run()","logger":"task.stdout"}
{"timestamp":"2026-01-01T00:11:06.032904Z","level":"info","event":"    │    └ <function Thread.run at 0xffff99068c20>","logger":"task.stdout"}
{"timestamp":"2026-01-01T00:11:06.032973Z","level":"info","event":"    └ <Thread(ThreadPoolExecutor-1_0, started 281472806220128)>","logger":"task.stdout"}
{"timestamp":"2026-01-01T00:11:06.033041Z","level":"info","event":"  File \"/usr/python/lib/python3.12/threading.py\", line 1012, in run","logger":"task.stdout"}
{"timestamp":"2026-01-01T00:11:06.033110Z","level":"info","event":"    self._target(*self._args, **self._kwargs)","logger":"task.stdout"}
{"timestamp":"2026-01-01T00:11:06.033182Z","level":"info","event":"    │    │        │    │        │    └ {}","logger":"task.stdout"}
{"timestamp":"2026-01-01T00:11:06.033274Z","level":"info","event":"    │    │        │    │        └ <Thread(ThreadPoolExecutor-1_0, started 281472806220128)>","logger":"task.stdout"}
{"timestamp":"2026-01-01T00:11:06.033345Z","level":"info","event":"    │    │        │    └ (<weakref at 0xffff90350ef0; to 'ThreadPoolExecutor' at 0xffff86d3eb70>, <_queue.SimpleQueue object at 0xffff712e3b00>, None,...","logger":"task.stdout"}
{"timestamp":"2026-01-01T00:11:06.033414Z","level":"info","event":"    │    │        └ <Thread(ThreadPoolExecutor-1_0, started 281472806220128)>","logger":"task.stdout"}
{"timestamp":"2026-01-01T00:11:06.033483Z","level":"info","event":"    │    └ <function _worker at 0xffff937a1c60>","logger":"task.stdout"}
{"timestamp":"2026-01-01T00:11:06.033602Z","level":"info","event":"    └ <Thread(ThreadPoolExecutor-1_0, started 281472806220128)>","logger":"task.stdout"}
{"timestamp":"2026-01-01T00:11:06.033670Z","level":"info","event":"  File \"/usr/python/lib/python3.12/concurrent/futures/thread.py\", line 93, in _worker","logger":"task.stdout"}
{"timestamp":"2026-01-01T00:11:06.033737Z","level":"info","event":"    work_item.run()","logger":"task.stdout"}
{"timestamp":"2026-01-01T00:11:06.033802Z","level":"info","event":"    │         └ <function _WorkItem.run at 0xffff937a1da0>","logger":"task.stdout"}
{"timestamp":"2026-01-01T00:11:06.033869Z","level":"info","event":"    └ <concurrent.futures.thread._WorkItem object at 0xffff6bd85970>","logger":"task.stdout"}
{"timestamp":"2026-01-01T00:11:06.033937Z","level":"info","event":"  File \"/usr/python/lib/python3.12/concurrent/futures/thread.py\", line 59, in run","logger":"task.stdout"}
{"timestamp":"2026-01-01T00:11:06.034008Z","level":"info","event":"    result = self.fn(*self.args, **self.kwargs)","logger":"task.stdout"}
{"timestamp":"2026-01-01T00:11:06.034078Z","level":"info","event":"             │    │   │    │       │    └ {}","logger":"task.stdout"}
{"timestamp":"2026-01-01T00:11:06.034147Z","level":"info","event":"             │    │   │    │       └ <concurrent.futures.thread._WorkItem object at 0xffff6bd85970>","logger":"task.stdout"}
{"timestamp":"2026-01-01T00:11:06.034216Z","level":"info","event":"             │    │   │    └ ([('process_flow_year_chunk-9525fae8-6b67-4226-baab-717b12cefd28', (<Task 'process_flow_year_chunk-9525fae8-6b67-4226-baab-71...","logger":"task.stdout"}
{"timestamp":"2026-01-01T00:11:06.034282Z","level":"info","event":"             │    │   └ <concurrent.futures.thread._WorkItem object at 0xffff6bd85970>","logger":"task.stdout"}
{"timestamp":"2026-01-01T00:11:06.034349Z","level":"info","event":"             │    └ <function batch_execute_tasks at 0xffff8d561d00>","logger":"task.stdout"}
{"timestamp":"2026-01-01T00:11:06.034416Z","level":"info","event":"             └ <concurrent.futures.thread._WorkItem object at 0xffff6bd85970>","logger":"task.stdout"}
{"timestamp":"2026-01-01T00:11:06.034485Z","level":"info","event":"  File \"/home/airflow/.local/lib/python3.12/site-packages/dask/local.py\", line 270, in batch_execute_tasks","logger":"task.stdout"}
{"timestamp":"2026-01-01T00:11:06.034552Z","level":"info","event":"    return [execute_task(*a) for a in it]","logger":"task.stdout"}
{"timestamp":"2026-01-01T00:11:06.034619Z","level":"info","event":"            │             │      │    └ [('process_flow_year_chunk-9525fae8-6b67-4226-baab-717b12cefd28', (<Task 'process_flow_year_chunk-9525fae8-6b67-4226-baab-717...","logger":"task.stdout"}
{"timestamp":"2026-01-01T00:11:06.034687Z","level":"info","event":"            │             │      └ ('process_flow_year_chunk-9525fae8-6b67-4226-baab-717b12cefd28', (<Task 'process_flow_year_chunk-9525fae8-6b67-4226-baab-717b...","logger":"task.stdout"}
{"timestamp":"2026-01-01T00:11:06.034752Z","level":"info","event":"            │             └ ('process_flow_year_chunk-9525fae8-6b67-4226-baab-717b12cefd28', (<Task 'process_flow_year_chunk-9525fae8-6b67-4226-baab-717b...","logger":"task.stdout"}
{"timestamp":"2026-01-01T00:11:06.034819Z","level":"info","event":"            └ <function execute_task at 0xffff8d561c60>","logger":"task.stdout"}
{"timestamp":"2026-01-01T00:11:06.037280Z","level":"info","event":"  File \"/home/airflow/.local/lib/python3.12/site-packages/dask/local.py\", line 256, in execute_task","logger":"task.stdout"}
{"timestamp":"2026-01-01T00:11:06.037368Z","level":"info","event":"    result = task(data)","logger":"task.stdout"}
{"timestamp":"2026-01-01T00:11:06.037439Z","level":"info","event":"             │    └ {}","logger":"task.stdout"}
{"timestamp":"2026-01-01T00:11:06.037506Z","level":"info","event":"             └ <Task 'process_flow_year_chunk-9525fae8-6b67-4226-baab-717b12cefd28' process_flow_year_chunk(...)>","logger":"task.stdout"}
{"timestamp":"2026-01-01T00:11:06.037634Z","level":"info","event":"  File \"/home/airflow/.local/lib/python3.12/site-packages/dask/_task_spec.py\", line 759, in __call__","logger":"task.stdout"}
{"timestamp":"2026-01-01T00:11:06.037713Z","level":"info","event":"    return self.func(*new_argspec)","logger":"task.stdout"}
{"timestamp":"2026-01-01T00:11:06.037779Z","level":"info","event":"           │    │     └ ('BOP', 'IMF.STA,BOP,latest', [2008, 2009, 2010, 2011, 2012], IMFConfig(key='all', sub_key='all', base_url='https://api.imf.o...","logger":"task.stdout"}
{"timestamp":"2026-01-01T00:11:06.037850Z","level":"info","event":"           │    └ <member 'func' of 'Task' objects>","logger":"task.stdout"}
{"timestamp":"2026-01-01T00:11:06.037916Z","level":"info","event":"           └ <Task 'process_flow_year_chunk-9525fae8-6b67-4226-baab-717b12cefd28' process_flow_year_chunk(...)>","logger":"task.stdout"}
{"timestamp":"2026-01-01T00:11:06.037983Z","level":"info","event":"","logger":"task.stdout"}
{"timestamp":"2026-01-01T00:11:06.038052Z","level":"info","event":"> File \"/opt/airflow/dags/pipelines/imf/pipeline.py\", line 54, in process_flow_year_chunk","logger":"task.stdout"}
{"timestamp":"2026-01-01T00:11:06.038118Z","level":"info","event":"    if s3_object_exists(s3_cfg.bucket, s3_key, s3_cfg.region):","logger":"task.stdout"}
{"timestamp":"2026-01-01T00:11:06.038185Z","level":"info","event":"       │                │      │       │       │      └ 'eu-west-1'","logger":"task.stdout"}
{"timestamp":"2026-01-01T00:11:06.038264Z","level":"info","event":"       │                │      │       │       └ S3Config(bucket='personal-projectbucket', prefix='imf', region='eu-west-1')","logger":"task.stdout"}
{"timestamp":"2026-01-01T00:11:06.038338Z","level":"info","event":"       │                │      │       └ 'imf/BOP/year=2010/BOP_2010.csv'","logger":"task.stdout"}
{"timestamp":"2026-01-01T00:11:06.038461Z","level":"info","event":"       │                │      └ 'personal-projectbucket'","logger":"task.stdout"}
{"timestamp":"2026-01-01T00:11:06.038531Z","level":"info","event":"       │                └ S3Config(bucket='personal-projectbucket', prefix='imf', region='eu-west-1')","logger":"task.stdout"}
{"timestamp":"2026-01-01T00:11:06.038600Z","level":"info","event":"       └ <function s3_object_exists at 0xffff8cfba7a0>","logger":"task.stdout"}
{"timestamp":"2026-01-01T00:11:06.038667Z","level":"info","event":"","logger":"task.stdout"}
{"timestamp":"2026-01-01T00:11:06.038733Z","level":"info","event":"  File \"/opt/airflow/dags/pipelines/common/s3_utils.py\", line 29, in s3_object_exists","logger":"task.stdout"}
{"timestamp":"2026-01-01T00:11:06.038801Z","level":"info","event":"    s3.head_object(Bucket=bucket, Key=key)","logger":"task.stdout"}
{"timestamp":"2026-01-01T00:11:06.038868Z","level":"info","event":"    │  │                  │           └ 'imf/BOP/year=2010/BOP_2010.csv'","logger":"task.stdout"}
{"timestamp":"2026-01-01T00:11:06.038937Z","level":"info","event":"    │  │                  └ 'personal-projectbucket'","logger":"task.stdout"}
{"timestamp":"2026-01-01T00:11:06.039003Z","level":"info","event":"    │  └ <function ClientCreator._create_api_method.<locals>._api_call at 0xffff71310680>","logger":"task.stdout"}
{"timestamp":"2026-01-01T00:11:06.039071Z","level":"info","event":"    └ <botocore.client.S3 object at 0xffff717a79e0>","logger":"task.stdout"}
{"timestamp":"2026-01-01T00:11:06.039143Z","level":"info","event":"","logger":"task.stdout"}
{"timestamp":"2026-01-01T00:11:06.039207Z","level":"info","event":"  File \"/home/airflow/.local/lib/python3.12/site-packages/botocore/client.py\", line 602, in _api_call","logger":"task.stdout"}
{"timestamp":"2026-01-01T00:11:06.039276Z","level":"info","event":"    return self._make_api_call(operation_name, kwargs)","logger":"task.stdout"}
{"timestamp":"2026-01-01T00:11:06.039342Z","level":"info","event":"           │    │              │               └ {'Bucket': 'personal-projectbucket', 'Key': 'imf/BOP/year=2010/BOP_2010.csv'}","logger":"task.stdout"}
{"timestamp":"2026-01-01T00:11:06.039452Z","level":"info","event":"           │    │              └ 'HeadObject'","logger":"task.stdout"}
{"timestamp":"2026-01-01T00:11:06.039517Z","level":"info","event":"           │    └ <function BaseClient._make_api_call at 0xffff8cf3b060>","logger":"task.stdout"}
{"timestamp":"2026-01-01T00:11:06.039584Z","level":"info","event":"           └ <botocore.client.S3 object at 0xffff717a79e0>","logger":"task.stdout"}
{"timestamp":"2026-01-01T00:11:06.039651Z","level":"info","event":"  File \"/home/airflow/.local/lib/python3.12/site-packages/botocore/context.py\", line 123, in wrapper","logger":"task.stdout"}
{"timestamp":"2026-01-01T00:11:06.039717Z","level":"info","event":"    return func(*args, **kwargs)","logger":"task.stdout"}
{"timestamp":"2026-01-01T00:11:06.039783Z","level":"info","event":"           │     │       └ {}","logger":"task.stdout"}
{"timestamp":"2026-01-01T00:11:06.039854Z","level":"info","event":"           │     └ (<botocore.client.S3 object at 0xffff717a79e0>, 'HeadObject', {'Bucket': 'personal-projectbucket', 'Key': 'imf/BOP/year=2010/...","logger":"task.stdout"}
{"timestamp":"2026-01-01T00:11:06.039924Z","level":"info","event":"           └ <function BaseClient._make_api_call at 0xffff8cf3afc0>","logger":"task.stdout"}
{"timestamp":"2026-01-01T00:11:06.040003Z","level":"info","event":"  File \"/home/airflow/.local/lib/python3.12/site-packages/botocore/client.py\", line 1078, in _make_api_call","logger":"task.stdout"}
{"timestamp":"2026-01-01T00:11:06.040083Z","level":"info","event":"    raise error_class(parsed_response, operation_name)","logger":"task.stdout"}
{"timestamp":"2026-01-01T00:11:06.040150Z","level":"info","event":"          │           │                └ 'HeadObject'","logger":"task.stdout"}
{"timestamp":"2026-01-01T00:11:06.040219Z","level":"info","event":"          │           └ {'Error': {'Code': '403', 'Message': 'Forbidden'}, 'ResponseMetadata': {'RequestId': '7CW6WCTC06HTY6E2', 'HostId': 'rldkI45Ao...","logger":"task.stdout"}
{"timestamp":"2026-01-01T00:11:06.040305Z","level":"info","event":"          └ <class 'botocore.exceptions.ClientError'>","logger":"task.stdout"}
{"timestamp":"2026-01-01T00:11:06.040373Z","level":"info","event":"","logger":"task.stdout"}
{"timestamp":"2026-01-01T00:11:06.040439Z","level":"info","event":"botocore.exceptions.ClientError: An error occurred (403) when calling the HeadObject operation: Forbidden","logger":"task.stdout"}
{"timestamp":"2026-01-01T00:11:06.210552Z","level":"info","event":"2026-01-01 00:11:06 | ERROR | S3 head_object failed | flow=BOP year=2011 key=imf/BOP/year=2011/BOP_2011.csv","logger":"task.stdout"}
{"timestamp":"2026-01-01T00:11:06.212362Z","level":"info","event":"Traceback (most recent call last):","logger":"task.stdout"}
{"timestamp":"2026-01-01T00:11:06.212484Z","level":"info","event":"","logger":"task.stdout"}
{"timestamp":"2026-01-01T00:11:06.212563Z","level":"info","event":"  File \"/usr/python/lib/python3.12/threading.py\", line 1032, in _bootstrap","logger":"task.stdout"}
{"timestamp":"2026-01-01T00:11:06.212636Z","level":"info","event":"    self._bootstrap_inner()","logger":"task.stdout"}
{"timestamp":"2026-01-01T00:11:06.212710Z","level":"info","event":"    │    └ <function Thread._bootstrap_inner at 0xffff99068f40>","logger":"task.stdout"}
{"timestamp":"2026-01-01T00:11:06.216285Z","level":"info","event":"    └ <Thread(ThreadPoolExecutor-1_0, started 281472806220128)>","logger":"task.stdout"}
{"timestamp":"2026-01-01T00:11:06.216412Z","level":"info","event":"  File \"/usr/python/lib/python3.12/threading.py\", line 1075, in _bootstrap_inner","logger":"task.stdout"}
{"timestamp":"2026-01-01T00:11:06.216500Z","level":"info","event":"    self.run()","logger":"task.stdout"}
{"timestamp":"2026-01-01T00:11:06.216576Z","level":"info","event":"    │    └ <function Thread.run at 0xffff99068c20>","logger":"task.stdout"}
{"timestamp":"2026-01-01T00:11:06.216646Z","level":"info","event":"    └ <Thread(ThreadPoolExecutor-1_0, started 281472806220128)>","logger":"task.stdout"}
{"timestamp":"2026-01-01T00:11:06.216758Z","level":"info","event":"  File \"/usr/python/lib/python3.12/threading.py\", line 1012, in run","logger":"task.stdout"}
{"timestamp":"2026-01-01T00:11:06.216828Z","level":"info","event":"    self._target(*self._args, **self._kwargs)","logger":"task.stdout"}
{"timestamp":"2026-01-01T00:11:06.216899Z","level":"info","event":"    │    │        │    │        │    └ {}","logger":"task.stdout"}
{"timestamp":"2026-01-01T00:11:06.216966Z","level":"info","event":"    │    │        │    │        └ <Thread(ThreadPoolExecutor-1_0, started 281472806220128)>","logger":"task.stdout"}
{"timestamp":"2026-01-01T00:11:06.217034Z","level":"info","event":"    │    │        │    └ (<weakref at 0xffff90350ef0; to 'ThreadPoolExecutor' at 0xffff86d3eb70>, <_queue.SimpleQueue object at 0xffff712e3b00>, None,...","logger":"task.stdout"}
{"timestamp":"2026-01-01T00:11:06.217101Z","level":"info","event":"    │    │        └ <Thread(ThreadPoolExecutor-1_0, started 281472806220128)>","logger":"task.stdout"}
{"timestamp":"2026-01-01T00:11:06.217171Z","level":"info","event":"    │    └ <function _worker at 0xffff937a1c60>","logger":"task.stdout"}
{"timestamp":"2026-01-01T00:11:06.217260Z","level":"info","event":"    └ <Thread(ThreadPoolExecutor-1_0, started 281472806220128)>","logger":"task.stdout"}
{"timestamp":"2026-01-01T00:11:06.217327Z","level":"info","event":"  File \"/usr/python/lib/python3.12/concurrent/futures/thread.py\", line 93, in _worker","logger":"task.stdout"}
{"timestamp":"2026-01-01T00:11:06.217392Z","level":"info","event":"    work_item.run()","logger":"task.stdout"}
{"timestamp":"2026-01-01T00:11:06.217457Z","level":"info","event":"    │         └ <function _WorkItem.run at 0xffff937a1da0>","logger":"task.stdout"}
{"timestamp":"2026-01-01T00:11:06.217532Z","level":"info","event":"    └ <concurrent.futures.thread._WorkItem object at 0xffff6bd85970>","logger":"task.stdout"}
{"timestamp":"2026-01-01T00:11:06.217599Z","level":"info","event":"  File \"/usr/python/lib/python3.12/concurrent/futures/thread.py\", line 59, in run","logger":"task.stdout"}
{"timestamp":"2026-01-01T00:11:06.217664Z","level":"info","event":"    result = self.fn(*self.args, **self.kwargs)","logger":"task.stdout"}
{"timestamp":"2026-01-01T00:11:06.217730Z","level":"info","event":"             │    │   │    │       │    └ {}","logger":"task.stdout"}
{"timestamp":"2026-01-01T00:11:06.217797Z","level":"info","event":"             │    │   │    │       └ <concurrent.futures.thread._WorkItem object at 0xffff6bd85970>","logger":"task.stdout"}
{"timestamp":"2026-01-01T00:11:06.217864Z","level":"info","event":"             │    │   │    └ ([('process_flow_year_chunk-9525fae8-6b67-4226-baab-717b12cefd28', (<Task 'process_flow_year_chunk-9525fae8-6b67-4226-baab-71...","logger":"task.stdout"}
{"timestamp":"2026-01-01T00:11:06.217933Z","level":"info","event":"             │    │   └ <concurrent.futures.thread._WorkItem object at 0xffff6bd85970>","logger":"task.stdout"}
{"timestamp":"2026-01-01T00:11:06.218000Z","level":"info","event":"             │    └ <function batch_execute_tasks at 0xffff8d561d00>","logger":"task.stdout"}
{"timestamp":"2026-01-01T00:11:06.218065Z","level":"info","event":"             └ <concurrent.futures.thread._WorkItem object at 0xffff6bd85970>","logger":"task.stdout"}
{"timestamp":"2026-01-01T00:11:06.218129Z","level":"info","event":"  File \"/home/airflow/.local/lib/python3.12/site-packages/dask/local.py\", line 270, in batch_execute_tasks","logger":"task.stdout"}
{"timestamp":"2026-01-01T00:11:06.218194Z","level":"info","event":"    return [execute_task(*a) for a in it]","logger":"task.stdout"}
{"timestamp":"2026-01-01T00:11:06.218269Z","level":"info","event":"            │             │      │    └ [('process_flow_year_chunk-9525fae8-6b67-4226-baab-717b12cefd28', (<Task 'process_flow_year_chunk-9525fae8-6b67-4226-baab-717...","logger":"task.stdout"}
{"timestamp":"2026-01-01T00:11:06.218391Z","level":"info","event":"            │             │      └ ('process_flow_year_chunk-9525fae8-6b67-4226-baab-717b12cefd28', (<Task 'process_flow_year_chunk-9525fae8-6b67-4226-baab-717b...","logger":"task.stdout"}
{"timestamp":"2026-01-01T00:11:06.218466Z","level":"info","event":"            │             └ ('process_flow_year_chunk-9525fae8-6b67-4226-baab-717b12cefd28', (<Task 'process_flow_year_chunk-9525fae8-6b67-4226-baab-717b...","logger":"task.stdout"}
{"timestamp":"2026-01-01T00:11:06.218533Z","level":"info","event":"            └ <function execute_task at 0xffff8d561c60>","logger":"task.stdout"}
{"timestamp":"2026-01-01T00:11:06.218597Z","level":"info","event":"  File \"/home/airflow/.local/lib/python3.12/site-packages/dask/local.py\", line 256, in execute_task","logger":"task.stdout"}
{"timestamp":"2026-01-01T00:11:06.218667Z","level":"info","event":"    result = task(data)","logger":"task.stdout"}
{"timestamp":"2026-01-01T00:11:06.218735Z","level":"info","event":"             │    └ {}","logger":"task.stdout"}
{"timestamp":"2026-01-01T00:11:06.218799Z","level":"info","event":"             └ <Task 'process_flow_year_chunk-9525fae8-6b67-4226-baab-717b12cefd28' process_flow_year_chunk(...)>","logger":"task.stdout"}
{"timestamp":"2026-01-01T00:11:06.218868Z","level":"info","event":"  File \"/home/airflow/.local/lib/python3.12/site-packages/dask/_task_spec.py\", line 759, in __call__","logger":"task.stdout"}
{"timestamp":"2026-01-01T00:11:06.218933Z","level":"info","event":"    return self.func(*new_argspec)","logger":"task.stdout"}
{"timestamp":"2026-01-01T00:11:06.218998Z","level":"info","event":"           │    │     └ ('BOP', 'IMF.STA,BOP,latest', [2008, 2009, 2010, 2011, 2012], IMFConfig(key='all', sub_key='all', base_url='https://api.imf.o...","logger":"task.stdout"}
{"timestamp":"2026-01-01T00:11:06.219063Z","level":"info","event":"           │    └ <member 'func' of 'Task' objects>","logger":"task.stdout"}
{"timestamp":"2026-01-01T00:11:06.219127Z","level":"info","event":"           └ <Task 'process_flow_year_chunk-9525fae8-6b67-4226-baab-717b12cefd28' process_flow_year_chunk(...)>","logger":"task.stdout"}
{"timestamp":"2026-01-01T00:11:06.219192Z","level":"info","event":"","logger":"task.stdout"}
{"timestamp":"2026-01-01T00:11:06.219270Z","level":"info","event":"> File \"/opt/airflow/dags/pipelines/imf/pipeline.py\", line 54, in process_flow_year_chunk","logger":"task.stdout"}
{"timestamp":"2026-01-01T00:11:06.219333Z","level":"info","event":"    if s3_object_exists(s3_cfg.bucket, s3_key, s3_cfg.region):","logger":"task.stdout"}
{"timestamp":"2026-01-01T00:11:06.219401Z","level":"info","event":"       │                │      │       │       │      └ 'eu-west-1'","logger":"task.stdout"}
{"timestamp":"2026-01-01T00:11:06.219469Z","level":"info","event":"       │                │      │       │       └ S3Config(bucket='personal-projectbucket', prefix='imf', region='eu-west-1')","logger":"task.stdout"}
{"timestamp":"2026-01-01T00:11:06.219534Z","level":"info","event":"       │                │      │       └ 'imf/BOP/year=2011/BOP_2011.csv'","logger":"task.stdout"}
{"timestamp":"2026-01-01T00:11:06.219654Z","level":"info","event":"       │                │      └ 'personal-projectbucket'","logger":"task.stdout"}
{"timestamp":"2026-01-01T00:11:06.219723Z","level":"info","event":"       │                └ S3Config(bucket='personal-projectbucket', prefix='imf', region='eu-west-1')","logger":"task.stdout"}
{"timestamp":"2026-01-01T00:11:06.219790Z","level":"info","event":"       └ <function s3_object_exists at 0xffff8cfba7a0>","logger":"task.stdout"}
{"timestamp":"2026-01-01T00:11:06.219852Z","level":"info","event":"","logger":"task.stdout"}
{"timestamp":"2026-01-01T00:11:06.219916Z","level":"info","event":"  File \"/opt/airflow/dags/pipelines/common/s3_utils.py\", line 29, in s3_object_exists","logger":"task.stdout"}
{"timestamp":"2026-01-01T00:11:06.219983Z","level":"info","event":"    s3.head_object(Bucket=bucket, Key=key)","logger":"task.stdout"}
{"timestamp":"2026-01-01T00:11:06.220084Z","level":"info","event":"    │  │                  │           └ 'imf/BOP/year=2011/BOP_2011.csv'","logger":"task.stdout"}
{"timestamp":"2026-01-01T00:11:06.220154Z","level":"info","event":"    │  │                  └ 'personal-projectbucket'","logger":"task.stdout"}
{"timestamp":"2026-01-01T00:11:06.220221Z","level":"info","event":"    │  └ <function ClientCreator._create_api_method.<locals>._api_call at 0xffff71310680>","logger":"task.stdout"}
{"timestamp":"2026-01-01T00:11:06.220312Z","level":"info","event":"    └ <botocore.client.S3 object at 0xffff717a79e0>","logger":"task.stdout"}
{"timestamp":"2026-01-01T00:11:06.220381Z","level":"info","event":"","logger":"task.stdout"}
{"timestamp":"2026-01-01T00:11:06.220447Z","level":"info","event":"  File \"/home/airflow/.local/lib/python3.12/site-packages/botocore/client.py\", line 602, in _api_call","logger":"task.stdout"}
{"timestamp":"2026-01-01T00:11:06.220514Z","level":"info","event":"    return self._make_api_call(operation_name, kwargs)","logger":"task.stdout"}
{"timestamp":"2026-01-01T00:11:06.220579Z","level":"info","event":"           │    │              │               └ {'Bucket': 'personal-projectbucket', 'Key': 'imf/BOP/year=2011/BOP_2011.csv'}","logger":"task.stdout"}
{"timestamp":"2026-01-01T00:11:06.220646Z","level":"info","event":"           │    │              └ 'HeadObject'","logger":"task.stdout"}
{"timestamp":"2026-01-01T00:11:06.220712Z","level":"info","event":"           │    └ <function BaseClient._make_api_call at 0xffff8cf3b060>","logger":"task.stdout"}
{"timestamp":"2026-01-01T00:11:06.220778Z","level":"info","event":"           └ <botocore.client.S3 object at 0xffff717a79e0>","logger":"task.stdout"}
{"timestamp":"2026-01-01T00:11:06.220849Z","level":"info","event":"  File \"/home/airflow/.local/lib/python3.12/site-packages/botocore/context.py\", line 123, in wrapper","logger":"task.stdout"}
{"timestamp":"2026-01-01T00:11:06.220919Z","level":"info","event":"    return func(*args, **kwargs)","logger":"task.stdout"}
{"timestamp":"2026-01-01T00:11:06.220985Z","level":"info","event":"           │     │       └ {}","logger":"task.stdout"}
{"timestamp":"2026-01-01T00:11:06.221053Z","level":"info","event":"           │     └ (<botocore.client.S3 object at 0xffff717a79e0>, 'HeadObject', {'Bucket': 'personal-projectbucket', 'Key': 'imf/BOP/year=2011/...","logger":"task.stdout"}
{"timestamp":"2026-01-01T00:11:06.221118Z","level":"info","event":"           └ <function BaseClient._make_api_call at 0xffff8cf3afc0>","logger":"task.stdout"}
{"timestamp":"2026-01-01T00:11:06.221185Z","level":"info","event":"  File \"/home/airflow/.local/lib/python3.12/site-packages/botocore/client.py\", line 1078, in _make_api_call","logger":"task.stdout"}
{"timestamp":"2026-01-01T00:11:06.221261Z","level":"info","event":"    raise error_class(parsed_response, operation_name)","logger":"task.stdout"}
{"timestamp":"2026-01-01T00:11:06.221326Z","level":"info","event":"          │           │                └ 'HeadObject'","logger":"task.stdout"}
{"timestamp":"2026-01-01T00:11:06.221391Z","level":"info","event":"          │           └ {'Error': {'Code': '403', 'Message': 'Forbidden'}, 'ResponseMetadata': {'RequestId': '7CW65ABBTJN1S2WY', 'HostId': 'hN/01InAo...","logger":"task.stdout"}
{"timestamp":"2026-01-01T00:11:06.221457Z","level":"info","event":"          └ <class 'botocore.exceptions.ClientError'>","logger":"task.stdout"}
{"timestamp":"2026-01-01T00:11:06.221522Z","level":"info","event":"","logger":"task.stdout"}
{"timestamp":"2026-01-01T00:11:06.221591Z","level":"info","event":"botocore.exceptions.ClientError: An error occurred (403) when calling the HeadObject operation: Forbidden","logger":"task.stdout"}
{"timestamp":"2026-01-01T00:11:06.424703Z","level":"info","event":"2026-01-01 00:11:06 | ERROR | S3 head_object failed | flow=BOP year=2012 key=imf/BOP/year=2012/BOP_2012.csv","logger":"task.stdout"}
{"timestamp":"2026-01-01T00:11:06.427348Z","level":"info","event":"Traceback (most recent call last):","logger":"task.stdout"}
{"timestamp":"2026-01-01T00:11:06.427463Z","level":"info","event":"","logger":"task.stdout"}
{"timestamp":"2026-01-01T00:11:06.427546Z","level":"info","event":"  File \"/usr/python/lib/python3.12/threading.py\", line 1032, in _bootstrap","logger":"task.stdout"}
{"timestamp":"2026-01-01T00:11:06.427638Z","level":"info","event":"    self._bootstrap_inner()","logger":"task.stdout"}
{"timestamp":"2026-01-01T00:11:06.427718Z","level":"info","event":"    │    └ <function Thread._bootstrap_inner at 0xffff99068f40>","logger":"task.stdout"}
{"timestamp":"2026-01-01T00:11:06.427793Z","level":"info","event":"    └ <Thread(ThreadPoolExecutor-1_0, started 281472806220128)>","logger":"task.stdout"}
{"timestamp":"2026-01-01T00:11:06.427876Z","level":"info","event":"  File \"/usr/python/lib/python3.12/threading.py\", line 1075, in _bootstrap_inner","logger":"task.stdout"}
{"timestamp":"2026-01-01T00:11:06.427958Z","level":"info","event":"    self.run()","logger":"task.stdout"}
{"timestamp":"2026-01-01T00:11:06.428052Z","level":"info","event":"    │    └ <function Thread.run at 0xffff99068c20>","logger":"task.stdout"}
{"timestamp":"2026-01-01T00:11:06.428161Z","level":"info","event":"    └ <Thread(ThreadPoolExecutor-1_0, started 281472806220128)>","logger":"task.stdout"}
{"timestamp":"2026-01-01T00:11:06.428271Z","level":"info","event":"  File \"/usr/python/lib/python3.12/threading.py\", line 1012, in run","logger":"task.stdout"}
{"timestamp":"2026-01-01T00:11:06.428354Z","level":"info","event":"    self._target(*self._args, **self._kwargs)","logger":"task.stdout"}
{"timestamp":"2026-01-01T00:11:06.428424Z","level":"info","event":"    │    │        │    │        │    └ {}","logger":"task.stdout"}
{"timestamp":"2026-01-01T00:11:06.428499Z","level":"info","event":"    │    │        │    │        └ <Thread(ThreadPoolExecutor-1_0, started 281472806220128)>","logger":"task.stdout"}
{"timestamp":"2026-01-01T00:11:06.428591Z","level":"info","event":"    │    │        │    └ (<weakref at 0xffff90350ef0; to 'ThreadPoolExecutor' at 0xffff86d3eb70>, <_queue.SimpleQueue object at 0xffff712e3b00>, None,...","logger":"task.stdout"}
{"timestamp":"2026-01-01T00:11:06.428674Z","level":"info","event":"    │    │        └ <Thread(ThreadPoolExecutor-1_0, started 281472806220128)>","logger":"task.stdout"}
{"timestamp":"2026-01-01T00:11:06.428766Z","level":"info","event":"    │    └ <function _worker at 0xffff937a1c60>","logger":"task.stdout"}
{"timestamp":"2026-01-01T00:11:06.428837Z","level":"info","event":"    └ <Thread(ThreadPoolExecutor-1_0, started 281472806220128)>","logger":"task.stdout"}
{"timestamp":"2026-01-01T00:11:06.428927Z","level":"info","event":"  File \"/usr/python/lib/python3.12/concurrent/futures/thread.py\", line 93, in _worker","logger":"task.stdout"}
{"timestamp":"2026-01-01T00:11:06.428999Z","level":"info","event":"    work_item.run()","logger":"task.stdout"}
{"timestamp":"2026-01-01T00:11:06.429069Z","level":"info","event":"    │         └ <function _WorkItem.run at 0xffff937a1da0>","logger":"task.stdout"}
{"timestamp":"2026-01-01T00:11:06.429135Z","level":"info","event":"    └ <concurrent.futures.thread._WorkItem object at 0xffff6bd85970>","logger":"task.stdout"}
{"timestamp":"2026-01-01T00:11:06.429202Z","level":"info","event":"  File \"/usr/python/lib/python3.12/concurrent/futures/thread.py\", line 59, in run","logger":"task.stdout"}
{"timestamp":"2026-01-01T00:11:06.429278Z","level":"info","event":"    result = self.fn(*self.args, **self.kwargs)","logger":"task.stdout"}
{"timestamp":"2026-01-01T00:11:06.429345Z","level":"info","event":"             │    │   │    │       │    └ {}","logger":"task.stdout"}
{"timestamp":"2026-01-01T00:11:06.429415Z","level":"info","event":"             │    │   │    │       └ <concurrent.futures.thread._WorkItem object at 0xffff6bd85970>","logger":"task.stdout"}
{"timestamp":"2026-01-01T00:11:06.429538Z","level":"info","event":"             │    │   │    └ ([('process_flow_year_chunk-9525fae8-6b67-4226-baab-717b12cefd28', (<Task 'process_flow_year_chunk-9525fae8-6b67-4226-baab-71...","logger":"task.stdout"}
{"timestamp":"2026-01-01T00:11:06.429605Z","level":"info","event":"             │    │   └ <concurrent.futures.thread._WorkItem object at 0xffff6bd85970>","logger":"task.stdout"}
{"timestamp":"2026-01-01T00:11:06.429673Z","level":"info","event":"             │    └ <function batch_execute_tasks at 0xffff8d561d00>","logger":"task.stdout"}
{"timestamp":"2026-01-01T00:11:06.432273Z","level":"info","event":"             └ <concurrent.futures.thread._WorkItem object at 0xffff6bd85970>","logger":"task.stdout"}
{"timestamp":"2026-01-01T00:11:06.432363Z","level":"info","event":"  File \"/home/airflow/.local/lib/python3.12/site-packages/dask/local.py\", line 270, in batch_execute_tasks","logger":"task.stdout"}
{"timestamp":"2026-01-01T00:11:06.432439Z","level":"info","event":"    return [execute_task(*a) for a in it]","logger":"task.stdout"}
{"timestamp":"2026-01-01T00:11:06.432512Z","level":"info","event":"            │             │      │    └ [('process_flow_year_chunk-9525fae8-6b67-4226-baab-717b12cefd28', (<Task 'process_flow_year_chunk-9525fae8-6b67-4226-baab-717...","logger":"task.stdout"}
{"timestamp":"2026-01-01T00:11:06.432588Z","level":"info","event":"            │             │      └ ('process_flow_year_chunk-9525fae8-6b67-4226-baab-717b12cefd28', (<Task 'process_flow_year_chunk-9525fae8-6b67-4226-baab-717b...","logger":"task.stdout"}
{"timestamp":"2026-01-01T00:11:06.432674Z","level":"info","event":"            │             └ ('process_flow_year_chunk-9525fae8-6b67-4226-baab-717b12cefd28', (<Task 'process_flow_year_chunk-9525fae8-6b67-4226-baab-717b...","logger":"task.stdout"}
{"timestamp":"2026-01-01T00:11:06.432751Z","level":"info","event":"            └ <function execute_task at 0xffff8d561c60>","logger":"task.stdout"}
{"timestamp":"2026-01-01T00:11:06.432817Z","level":"info","event":"  File \"/home/airflow/.local/lib/python3.12/site-packages/dask/local.py\", line 256, in execute_task","logger":"task.stdout"}
{"timestamp":"2026-01-01T00:11:06.432905Z","level":"info","event":"    result = task(data)","logger":"task.stdout"}
{"timestamp":"2026-01-01T00:11:06.432981Z","level":"info","event":"             │    └ {}","logger":"task.stdout"}
{"timestamp":"2026-01-01T00:11:06.433051Z","level":"info","event":"             └ <Task 'process_flow_year_chunk-9525fae8-6b67-4226-baab-717b12cefd28' process_flow_year_chunk(...)>","logger":"task.stdout"}
{"timestamp":"2026-01-01T00:11:06.433146Z","level":"info","event":"  File \"/home/airflow/.local/lib/python3.12/site-packages/dask/_task_spec.py\", line 759, in __call__","logger":"task.stdout"}
{"timestamp":"2026-01-01T00:11:06.433229Z","level":"info","event":"    return self.func(*new_argspec)","logger":"task.stdout"}
{"timestamp":"2026-01-01T00:11:06.433311Z","level":"info","event":"           │    │     └ ('BOP', 'IMF.STA,BOP,latest', [2008, 2009, 2010, 2011, 2012], IMFConfig(key='all', sub_key='all', base_url='https://api.imf.o...","logger":"task.stdout"}
{"timestamp":"2026-01-01T00:11:06.433383Z","level":"info","event":"           │    └ <member 'func' of 'Task' objects>","logger":"task.stdout"}
{"timestamp":"2026-01-01T00:11:06.433450Z","level":"info","event":"           └ <Task 'process_flow_year_chunk-9525fae8-6b67-4226-baab-717b12cefd28' process_flow_year_chunk(...)>","logger":"task.stdout"}
{"timestamp":"2026-01-01T00:11:06.433524Z","level":"info","event":"","logger":"task.stdout"}
{"timestamp":"2026-01-01T00:11:06.433590Z","level":"info","event":"> File \"/opt/airflow/dags/pipelines/imf/pipeline.py\", line 54, in process_flow_year_chunk","logger":"task.stdout"}
{"timestamp":"2026-01-01T00:11:06.433662Z","level":"info","event":"    if s3_object_exists(s3_cfg.bucket, s3_key, s3_cfg.region):","logger":"task.stdout"}
{"timestamp":"2026-01-01T00:11:06.433727Z","level":"info","event":"       │                │      │       │       │      └ 'eu-west-1'","logger":"task.stdout"}
{"timestamp":"2026-01-01T00:11:06.433853Z","level":"info","event":"       │                │      │       │       └ S3Config(bucket='personal-projectbucket', prefix='imf', region='eu-west-1')","logger":"task.stdout"}
{"timestamp":"2026-01-01T00:11:06.433931Z","level":"info","event":"       │                │      │       └ 'imf/BOP/year=2012/BOP_2012.csv'","logger":"task.stdout"}
{"timestamp":"2026-01-01T00:11:06.434204Z","level":"info","event":"       │                │      └ 'personal-projectbucket'","logger":"task.stdout"}
{"timestamp":"2026-01-01T00:11:06.434287Z","level":"info","event":"       │                └ S3Config(bucket='personal-projectbucket', prefix='imf', region='eu-west-1')","logger":"task.stdout"}
{"timestamp":"2026-01-01T00:11:06.434358Z","level":"info","event":"       └ <function s3_object_exists at 0xffff8cfba7a0>","logger":"task.stdout"}
{"timestamp":"2026-01-01T00:11:06.434425Z","level":"info","event":"","logger":"task.stdout"}
{"timestamp":"2026-01-01T00:11:06.434493Z","level":"info","event":"  File \"/opt/airflow/dags/pipelines/common/s3_utils.py\", line 29, in s3_object_exists","logger":"task.stdout"}
{"timestamp":"2026-01-01T00:11:06.434562Z","level":"info","event":"    s3.head_object(Bucket=bucket, Key=key)","logger":"task.stdout"}
{"timestamp":"2026-01-01T00:11:06.434628Z","level":"info","event":"    │  │                  │           └ 'imf/BOP/year=2012/BOP_2012.csv'","logger":"task.stdout"}
{"timestamp":"2026-01-01T00:11:06.434695Z","level":"info","event":"    │  │                  └ 'personal-projectbucket'","logger":"task.stdout"}
{"timestamp":"2026-01-01T00:11:06.434763Z","level":"info","event":"    │  └ <function ClientCreator._create_api_method.<locals>._api_call at 0xffff71310680>","logger":"task.stdout"}
{"timestamp":"2026-01-01T00:11:06.434832Z","level":"info","event":"    └ <botocore.client.S3 object at 0xffff717a79e0>","logger":"task.stdout"}
{"timestamp":"2026-01-01T00:11:06.434898Z","level":"info","event":"","logger":"task.stdout"}
{"timestamp":"2026-01-01T00:11:06.434964Z","level":"info","event":"  File \"/home/airflow/.local/lib/python3.12/site-packages/botocore/client.py\", line 602, in _api_call","logger":"task.stdout"}
{"timestamp":"2026-01-01T00:11:06.435037Z","level":"info","event":"    return self._make_api_call(operation_name, kwargs)","logger":"task.stdout"}
{"timestamp":"2026-01-01T00:11:06.435112Z","level":"info","event":"           │    │              │               └ {'Bucket': 'personal-projectbucket', 'Key': 'imf/BOP/year=2012/BOP_2012.csv'}","logger":"task.stdout"}
{"timestamp":"2026-01-01T00:11:06.435178Z","level":"info","event":"           │    │              └ 'HeadObject'","logger":"task.stdout"}
{"timestamp":"2026-01-01T00:11:06.435260Z","level":"info","event":"           │    └ <function BaseClient._make_api_call at 0xffff8cf3b060>","logger":"task.stdout"}
{"timestamp":"2026-01-01T00:11:06.435357Z","level":"info","event":"           └ <botocore.client.S3 object at 0xffff717a79e0>","logger":"task.stdout"}
{"timestamp":"2026-01-01T00:11:06.435443Z","level":"info","event":"  File \"/home/airflow/.local/lib/python3.12/site-packages/botocore/context.py\", line 123, in wrapper","logger":"task.stdout"}
{"timestamp":"2026-01-01T00:11:06.435513Z","level":"info","event":"    return func(*args, **kwargs)","logger":"task.stdout"}
{"timestamp":"2026-01-01T00:11:06.435583Z","level":"info","event":"           │     │       └ {}","logger":"task.stdout"}
{"timestamp":"2026-01-01T00:11:06.435659Z","level":"info","event":"           │     └ (<botocore.client.S3 object at 0xffff717a79e0>, 'HeadObject', {'Bucket': 'personal-projectbucket', 'Key': 'imf/BOP/year=2012/...","logger":"task.stdout"}
{"timestamp":"2026-01-01T00:11:06.435731Z","level":"info","event":"           └ <function BaseClient._make_api_call at 0xffff8cf3afc0>","logger":"task.stdout"}
{"timestamp":"2026-01-01T00:11:06.435865Z","level":"info","event":"  File \"/home/airflow/.local/lib/python3.12/site-packages/botocore/client.py\", line 1078, in _make_api_call","logger":"task.stdout"}
{"timestamp":"2026-01-01T00:11:06.435957Z","level":"info","event":"    raise error_class(parsed_response, operation_name)","logger":"task.stdout"}
{"timestamp":"2026-01-01T00:11:06.436040Z","level":"info","event":"          │           │                └ 'HeadObject'","logger":"task.stdout"}
{"timestamp":"2026-01-01T00:11:06.436109Z","level":"info","event":"          │           └ {'Error': {'Code': '403', 'Message': 'Forbidden'}, 'ResponseMetadata': {'RequestId': '7CW6GJWR3JJ7YXW7', 'HostId': 'ViFnlHsRy...","logger":"task.stdout"}
{"timestamp":"2026-01-01T00:11:06.436178Z","level":"info","event":"          └ <class 'botocore.exceptions.ClientError'>","logger":"task.stdout"}
{"timestamp":"2026-01-01T00:11:06.436256Z","level":"info","event":"","logger":"task.stdout"}
{"timestamp":"2026-01-01T00:11:06.438270Z","level":"info","event":"botocore.exceptions.ClientError: An error occurred (403) when calling the HeadObject operation: Forbidden","logger":"task.stdout"}
{"timestamp":"2026-01-01T00:11:06.595489Z","level":"info","event":"2026-01-01 00:11:06 | ERROR | S3 head_object failed | flow=IMTS year=2013 key=imf/IMTS/year=2013/IMTS_2013.csv","logger":"task.stdout"}
{"timestamp":"2026-01-01T00:11:06.595664Z","level":"info","event":"Traceback (most recent call last):","logger":"task.stdout"}
{"timestamp":"2026-01-01T00:11:06.595750Z","level":"info","event":"","logger":"task.stdout"}
{"timestamp":"2026-01-01T00:11:06.595828Z","level":"info","event":"  File \"/usr/python/lib/python3.12/threading.py\", line 1032, in _bootstrap","logger":"task.stdout"}
{"timestamp":"2026-01-01T00:11:06.595903Z","level":"info","event":"    self._bootstrap_inner()","logger":"task.stdout"}
{"timestamp":"2026-01-01T00:11:06.595977Z","level":"info","event":"    │    └ <function Thread._bootstrap_inner at 0xffff99068f40>","logger":"task.stdout"}
{"timestamp":"2026-01-01T00:11:06.596049Z","level":"info","event":"    └ <Thread(ThreadPoolExecutor-1_0, started 281472806220128)>","logger":"task.stdout"}
{"timestamp":"2026-01-01T00:11:06.596120Z","level":"info","event":"  File \"/usr/python/lib/python3.12/threading.py\", line 1075, in _bootstrap_inner","logger":"task.stdout"}
{"timestamp":"2026-01-01T00:11:06.596188Z","level":"info","event":"    self.run()","logger":"task.stdout"}
{"timestamp":"2026-01-01T00:11:06.596281Z","level":"info","event":"    │    └ <function Thread.run at 0xffff99068c20>","logger":"task.stdout"}
{"timestamp":"2026-01-01T00:11:06.596352Z","level":"info","event":"    └ <Thread(ThreadPoolExecutor-1_0, started 281472806220128)>","logger":"task.stdout"}
{"timestamp":"2026-01-01T00:11:06.596423Z","level":"info","event":"  File \"/usr/python/lib/python3.12/threading.py\", line 1012, in run","logger":"task.stdout"}
{"timestamp":"2026-01-01T00:11:06.596490Z","level":"info","event":"    self._target(*self._args, **self._kwargs)","logger":"task.stdout"}
{"timestamp":"2026-01-01T00:11:06.596558Z","level":"info","event":"    │    │        │    │        │    └ {}","logger":"task.stdout"}
{"timestamp":"2026-01-01T00:11:06.596626Z","level":"info","event":"    │    │        │    │        └ <Thread(ThreadPoolExecutor-1_0, started 281472806220128)>","logger":"task.stdout"}
{"timestamp":"2026-01-01T00:11:06.596697Z","level":"info","event":"    │    │        │    └ (<weakref at 0xffff90350ef0; to 'ThreadPoolExecutor' at 0xffff86d3eb70>, <_queue.SimpleQueue object at 0xffff712e3b00>, None,...","logger":"task.stdout"}
{"timestamp":"2026-01-01T00:11:06.596768Z","level":"info","event":"    │    │        └ <Thread(ThreadPoolExecutor-1_0, started 281472806220128)>","logger":"task.stdout"}
{"timestamp":"2026-01-01T00:11:06.596837Z","level":"info","event":"    │    └ <function _worker at 0xffff937a1c60>","logger":"task.stdout"}
{"timestamp":"2026-01-01T00:11:06.596903Z","level":"info","event":"    └ <Thread(ThreadPoolExecutor-1_0, started 281472806220128)>","logger":"task.stdout"}
{"timestamp":"2026-01-01T00:11:06.597051Z","level":"info","event":"  File \"/usr/python/lib/python3.12/concurrent/futures/thread.py\", line 93, in _worker","logger":"task.stdout"}
{"timestamp":"2026-01-01T00:11:06.597127Z","level":"info","event":"    work_item.run()","logger":"task.stdout"}
{"timestamp":"2026-01-01T00:11:06.597195Z","level":"info","event":"    │         └ <function _WorkItem.run at 0xffff937a1da0>","logger":"task.stdout"}
{"timestamp":"2026-01-01T00:11:06.597275Z","level":"info","event":"    └ <concurrent.futures.thread._WorkItem object at 0xffff92992810>","logger":"task.stdout"}
{"timestamp":"2026-01-01T00:11:06.597344Z","level":"info","event":"  File \"/usr/python/lib/python3.12/concurrent/futures/thread.py\", line 59, in run","logger":"task.stdout"}
{"timestamp":"2026-01-01T00:11:06.597414Z","level":"info","event":"    result = self.fn(*self.args, **self.kwargs)","logger":"task.stdout"}
{"timestamp":"2026-01-01T00:11:06.597502Z","level":"info","event":"             │    │   │    │       │    └ {}","logger":"task.stdout"}
{"timestamp":"2026-01-01T00:11:06.597574Z","level":"info","event":"             │    │   │    │       └ <concurrent.futures.thread._WorkItem object at 0xffff92992810>","logger":"task.stdout"}
{"timestamp":"2026-01-01T00:11:06.597644Z","level":"info","event":"             │    │   │    └ ([('process_flow_year_chunk-908f37be-2d3c-4de7-a93e-11923315973d', (<Task 'process_flow_year_chunk-908f37be-2d3c-4de7-a93e-11...","logger":"task.stdout"}
{"timestamp":"2026-01-01T00:11:06.597712Z","level":"info","event":"             │    │   └ <concurrent.futures.thread._WorkItem object at 0xffff92992810>","logger":"task.stdout"}
{"timestamp":"2026-01-01T00:11:06.597777Z","level":"info","event":"             │    └ <function batch_execute_tasks at 0xffff8d561d00>","logger":"task.stdout"}
{"timestamp":"2026-01-01T00:11:06.597844Z","level":"info","event":"             └ <concurrent.futures.thread._WorkItem object at 0xffff92992810>","logger":"task.stdout"}
{"timestamp":"2026-01-01T00:11:06.597909Z","level":"info","event":"  File \"/home/airflow/.local/lib/python3.12/site-packages/dask/local.py\", line 270, in batch_execute_tasks","logger":"task.stdout"}
{"timestamp":"2026-01-01T00:11:06.597975Z","level":"info","event":"    return [execute_task(*a) for a in it]","logger":"task.stdout"}
{"timestamp":"2026-01-01T00:11:06.598041Z","level":"info","event":"            │             │      │    └ [('process_flow_year_chunk-908f37be-2d3c-4de7-a93e-11923315973d', (<Task 'process_flow_year_chunk-908f37be-2d3c-4de7-a93e-119...","logger":"task.stdout"}
{"timestamp":"2026-01-01T00:11:06.598107Z","level":"info","event":"            │             │      └ ('process_flow_year_chunk-908f37be-2d3c-4de7-a93e-11923315973d', (<Task 'process_flow_year_chunk-908f37be-2d3c-4de7-a93e-1192...","logger":"task.stdout"}
{"timestamp":"2026-01-01T00:11:06.598177Z","level":"info","event":"            │             └ ('process_flow_year_chunk-908f37be-2d3c-4de7-a93e-11923315973d', (<Task 'process_flow_year_chunk-908f37be-2d3c-4de7-a93e-1192...","logger":"task.stdout"}
{"timestamp":"2026-01-01T00:11:06.598264Z","level":"info","event":"            └ <function execute_task at 0xffff8d561c60>","logger":"task.stdout"}
{"timestamp":"2026-01-01T00:11:06.598331Z","level":"info","event":"  File \"/home/airflow/.local/lib/python3.12/site-packages/dask/local.py\", line 256, in execute_task","logger":"task.stdout"}
{"timestamp":"2026-01-01T00:11:06.598397Z","level":"info","event":"    result = task(data)","logger":"task.stdout"}
{"timestamp":"2026-01-01T00:11:06.599277Z","level":"info","event":"             │    └ {}","logger":"task.stdout"}
{"timestamp":"2026-01-01T00:11:06.599368Z","level":"info","event":"             └ <Task 'process_flow_year_chunk-908f37be-2d3c-4de7-a93e-11923315973d' process_flow_year_chunk(...)>","logger":"task.stdout"}
{"timestamp":"2026-01-01T00:11:06.599440Z","level":"info","event":"  File \"/home/airflow/.local/lib/python3.12/site-packages/dask/_task_spec.py\", line 759, in __call__","logger":"task.stdout"}
{"timestamp":"2026-01-01T00:11:06.599554Z","level":"info","event":"    return self.func(*new_argspec)","logger":"task.stdout"}
{"timestamp":"2026-01-01T00:11:06.599621Z","level":"info","event":"           │    │     └ ('IMTS', 'IMF.STA,IMTS,latest', [2013, 2014, 2015, 2016, 2017], IMFConfig(key='all', sub_key='all', base_url='https://api.imf...","logger":"task.stdout"}
{"timestamp":"2026-01-01T00:11:06.599690Z","level":"info","event":"           │    └ <member 'func' of 'Task' objects>","logger":"task.stdout"}
{"timestamp":"2026-01-01T00:11:06.599757Z","level":"info","event":"           └ <Task 'process_flow_year_chunk-908f37be-2d3c-4de7-a93e-11923315973d' process_flow_year_chunk(...)>","logger":"task.stdout"}
{"timestamp":"2026-01-01T00:11:06.599824Z","level":"info","event":"","logger":"task.stdout"}
{"timestamp":"2026-01-01T00:11:06.599890Z","level":"info","event":"> File \"/opt/airflow/dags/pipelines/imf/pipeline.py\", line 54, in process_flow_year_chunk","logger":"task.stdout"}
{"timestamp":"2026-01-01T00:11:06.599956Z","level":"info","event":"    if s3_object_exists(s3_cfg.bucket, s3_key, s3_cfg.region):","logger":"task.stdout"}
{"timestamp":"2026-01-01T00:11:06.600021Z","level":"info","event":"       │                │      │       │       │      └ 'eu-west-1'","logger":"task.stdout"}
{"timestamp":"2026-01-01T00:11:06.600086Z","level":"info","event":"       │                │      │       │       └ S3Config(bucket='personal-projectbucket', prefix='imf', region='eu-west-1')","logger":"task.stdout"}
{"timestamp":"2026-01-01T00:11:06.600155Z","level":"info","event":"       │                │      │       └ 'imf/IMTS/year=2013/IMTS_2013.csv'","logger":"task.stdout"}
{"timestamp":"2026-01-01T00:11:06.600282Z","level":"info","event":"       │                │      └ 'personal-projectbucket'","logger":"task.stdout"}
{"timestamp":"2026-01-01T00:11:06.600353Z","level":"info","event":"       │                └ S3Config(bucket='personal-projectbucket', prefix='imf', region='eu-west-1')","logger":"task.stdout"}
{"timestamp":"2026-01-01T00:11:06.600422Z","level":"info","event":"       └ <function s3_object_exists at 0xffff8cfba7a0>","logger":"task.stdout"}
{"timestamp":"2026-01-01T00:11:06.600487Z","level":"info","event":"","logger":"task.stdout"}
{"timestamp":"2026-01-01T00:11:06.600554Z","level":"info","event":"  File \"/opt/airflow/dags/pipelines/common/s3_utils.py\", line 29, in s3_object_exists","logger":"task.stdout"}
{"timestamp":"2026-01-01T00:11:06.603273Z","level":"info","event":"    s3.head_object(Bucket=bucket, Key=key)","logger":"task.stdout"}
{"timestamp":"2026-01-01T00:11:06.603364Z","level":"info","event":"    │  │                  │           └ 'imf/IMTS/year=2013/IMTS_2013.csv'","logger":"task.stdout"}
{"timestamp":"2026-01-01T00:11:06.603433Z","level":"info","event":"    │  │                  └ 'personal-projectbucket'","logger":"task.stdout"}
{"timestamp":"2026-01-01T00:11:06.603502Z","level":"info","event":"    │  └ <function ClientCreator._create_api_method.<locals>._api_call at 0xffff71310680>","logger":"task.stdout"}
{"timestamp":"2026-01-01T00:11:06.603569Z","level":"info","event":"    └ <botocore.client.S3 object at 0xffff717a79e0>","logger":"task.stdout"}
{"timestamp":"2026-01-01T00:11:06.603634Z","level":"info","event":"","logger":"task.stdout"}
{"timestamp":"2026-01-01T00:11:06.603698Z","level":"info","event":"  File \"/home/airflow/.local/lib/python3.12/site-packages/botocore/client.py\", line 602, in _api_call","logger":"task.stdout"}
{"timestamp":"2026-01-01T00:11:06.603764Z","level":"info","event":"    return self._make_api_call(operation_name, kwargs)","logger":"task.stdout"}
{"timestamp":"2026-01-01T00:11:06.603831Z","level":"info","event":"           │    │              │               └ {'Bucket': 'personal-projectbucket', 'Key': 'imf/IMTS/year=2013/IMTS_2013.csv'}","logger":"task.stdout"}
{"timestamp":"2026-01-01T00:11:06.603981Z","level":"info","event":"           │    │              └ 'HeadObject'","logger":"task.stdout"}
{"timestamp":"2026-01-01T00:11:06.604061Z","level":"info","event":"           │    └ <function BaseClient._make_api_call at 0xffff8cf3b060>","logger":"task.stdout"}
{"timestamp":"2026-01-01T00:11:06.604127Z","level":"info","event":"           └ <botocore.client.S3 object at 0xffff717a79e0>","logger":"task.stdout"}
{"timestamp":"2026-01-01T00:11:06.604193Z","level":"info","event":"  File \"/home/airflow/.local/lib/python3.12/site-packages/botocore/context.py\", line 123, in wrapper","logger":"task.stdout"}
{"timestamp":"2026-01-01T00:11:06.604270Z","level":"info","event":"    return func(*args, **kwargs)","logger":"task.stdout"}
{"timestamp":"2026-01-01T00:11:06.604336Z","level":"info","event":"           │     │       └ {}","logger":"task.stdout"}
{"timestamp":"2026-01-01T00:11:06.604401Z","level":"info","event":"           │     └ (<botocore.client.S3 object at 0xffff717a79e0>, 'HeadObject', {'Bucket': 'personal-projectbucket', 'Key': 'imf/IMTS/year=2013...","logger":"task.stdout"}
{"timestamp":"2026-01-01T00:11:06.604467Z","level":"info","event":"           └ <function BaseClient._make_api_call at 0xffff8cf3afc0>","logger":"task.stdout"}
{"timestamp":"2026-01-01T00:11:06.604533Z","level":"info","event":"  File \"/home/airflow/.local/lib/python3.12/site-packages/botocore/client.py\", line 1078, in _make_api_call","logger":"task.stdout"}
{"timestamp":"2026-01-01T00:11:06.604597Z","level":"info","event":"    raise error_class(parsed_response, operation_name)","logger":"task.stdout"}
{"timestamp":"2026-01-01T00:11:06.604668Z","level":"info","event":"          │           │                └ 'HeadObject'","logger":"task.stdout"}
{"timestamp":"2026-01-01T00:11:06.604737Z","level":"info","event":"          │           └ {'Error': {'Code': '403', 'Message': 'Forbidden'}, 'ResponseMetadata': {'RequestId': 'P341YHK2DF35P0YH', 'HostId': 'jACU8O+qv...","logger":"task.stdout"}
{"timestamp":"2026-01-01T00:11:06.604802Z","level":"info","event":"          └ <class 'botocore.exceptions.ClientError'>","logger":"task.stdout"}
{"timestamp":"2026-01-01T00:11:06.604867Z","level":"info","event":"","logger":"task.stdout"}
{"timestamp":"2026-01-01T00:11:06.604932Z","level":"info","event":"botocore.exceptions.ClientError: An error occurred (403) when calling the HeadObject operation: Forbidden","logger":"task.stdout"}
{"timestamp":"2026-01-01T00:11:06.766012Z","level":"info","event":"2026-01-01 00:11:06 | ERROR | S3 head_object failed | flow=IMTS year=2014 key=imf/IMTS/year=2014/IMTS_2014.csv","logger":"task.stdout"}
{"timestamp":"2026-01-01T00:11:06.766241Z","level":"info","event":"Traceback (most recent call last):","logger":"task.stdout"}
{"timestamp":"2026-01-01T00:11:06.766447Z","level":"info","event":"","logger":"task.stdout"}
{"timestamp":"2026-01-01T00:11:06.766595Z","level":"info","event":"  File \"/usr/python/lib/python3.12/threading.py\", line 1032, in _bootstrap","logger":"task.stdout"}
{"timestamp":"2026-01-01T00:11:06.766728Z","level":"info","event":"    self._bootstrap_inner()","logger":"task.stdout"}
{"timestamp":"2026-01-01T00:11:06.766845Z","level":"info","event":"    │    └ <function Thread._bootstrap_inner at 0xffff99068f40>","logger":"task.stdout"}
{"timestamp":"2026-01-01T00:11:06.766964Z","level":"info","event":"    └ <Thread(ThreadPoolExecutor-1_0, started 281472806220128)>","logger":"task.stdout"}
{"timestamp":"2026-01-01T00:11:06.767086Z","level":"info","event":"  File \"/usr/python/lib/python3.12/threading.py\", line 1075, in _bootstrap_inner","logger":"task.stdout"}
{"timestamp":"2026-01-01T00:11:06.767202Z","level":"info","event":"    self.run()","logger":"task.stdout"}
{"timestamp":"2026-01-01T00:11:06.767338Z","level":"info","event":"    │    └ <function Thread.run at 0xffff99068c20>","logger":"task.stdout"}
{"timestamp":"2026-01-01T00:11:06.767454Z","level":"info","event":"    └ <Thread(ThreadPoolExecutor-1_0, started 281472806220128)>","logger":"task.stdout"}
{"timestamp":"2026-01-01T00:11:06.767632Z","level":"info","event":"  File \"/usr/python/lib/python3.12/threading.py\", line 1012, in run","logger":"task.stdout"}
{"timestamp":"2026-01-01T00:11:06.768830Z","level":"info","event":"    self._target(*self._args, **self._kwargs)","logger":"task.stdout"}
{"timestamp":"2026-01-01T00:11:06.768962Z","level":"info","event":"    │    │        │    │        │    └ {}","logger":"task.stdout"}
{"timestamp":"2026-01-01T00:11:06.769089Z","level":"info","event":"    │    │        │    │        └ <Thread(ThreadPoolExecutor-1_0, started 281472806220128)>","logger":"task.stdout"}
{"timestamp":"2026-01-01T00:11:06.769221Z","level":"info","event":"    │    │        │    └ (<weakref at 0xffff90350ef0; to 'ThreadPoolExecutor' at 0xffff86d3eb70>, <_queue.SimpleQueue object at 0xffff712e3b00>, None,...","logger":"task.stdout"}
{"timestamp":"2026-01-01T00:11:06.769375Z","level":"info","event":"    │    │        └ <Thread(ThreadPoolExecutor-1_0, started 281472806220128)>","logger":"task.stdout"}
{"timestamp":"2026-01-01T00:11:06.769494Z","level":"info","event":"    │    └ <function _worker at 0xffff937a1c60>","logger":"task.stdout"}
{"timestamp":"2026-01-01T00:11:06.769614Z","level":"info","event":"    └ <Thread(ThreadPoolExecutor-1_0, started 281472806220128)>","logger":"task.stdout"}
{"timestamp":"2026-01-01T00:11:06.769724Z","level":"info","event":"  File \"/usr/python/lib/python3.12/concurrent/futures/thread.py\", line 93, in _worker","logger":"task.stdout"}
{"timestamp":"2026-01-01T00:11:06.769838Z","level":"info","event":"    work_item.run()","logger":"task.stdout"}
{"timestamp":"2026-01-01T00:11:06.769966Z","level":"info","event":"    │         └ <function _WorkItem.run at 0xffff937a1da0>","logger":"task.stdout"}
{"timestamp":"2026-01-01T00:11:06.770085Z","level":"info","event":"    └ <concurrent.futures.thread._WorkItem object at 0xffff92992810>","logger":"task.stdout"}
{"timestamp":"2026-01-01T00:11:06.770203Z","level":"info","event":"  File \"/usr/python/lib/python3.12/concurrent/futures/thread.py\", line 59, in run","logger":"task.stdout"}
{"timestamp":"2026-01-01T00:11:06.770384Z","level":"info","event":"    result = self.fn(*self.args, **self.kwargs)","logger":"task.stdout"}
{"timestamp":"2026-01-01T00:11:06.770553Z","level":"info","event":"             │    │   │    │       │    └ {}","logger":"task.stdout"}
{"timestamp":"2026-01-01T00:11:06.770680Z","level":"info","event":"             │    │   │    │       └ <concurrent.futures.thread._WorkItem object at 0xffff92992810>","logger":"task.stdout"}
{"timestamp":"2026-01-01T00:11:06.770816Z","level":"info","event":"             │    │   │    └ ([('process_flow_year_chunk-908f37be-2d3c-4de7-a93e-11923315973d', (<Task 'process_flow_year_chunk-908f37be-2d3c-4de7-a93e-11...","logger":"task.stdout"}
{"timestamp":"2026-01-01T00:11:06.770942Z","level":"info","event":"             │    │   └ <concurrent.futures.thread._WorkItem object at 0xffff92992810>","logger":"task.stdout"}
{"timestamp":"2026-01-01T00:11:06.771062Z","level":"info","event":"             │    └ <function batch_execute_tasks at 0xffff8d561d00>","logger":"task.stdout"}
{"timestamp":"2026-01-01T00:11:06.771180Z","level":"info","event":"             └ <concurrent.futures.thread._WorkItem object at 0xffff92992810>","logger":"task.stdout"}
{"timestamp":"2026-01-01T00:11:06.771298Z","level":"info","event":"  File \"/home/airflow/.local/lib/python3.12/site-packages/dask/local.py\", line 270, in batch_execute_tasks","logger":"task.stdout"}
{"timestamp":"2026-01-01T00:11:06.771421Z","level":"info","event":"    return [execute_task(*a) for a in it]","logger":"task.stdout"}
{"timestamp":"2026-01-01T00:11:06.771539Z","level":"info","event":"            │             │      │    └ [('process_flow_year_chunk-908f37be-2d3c-4de7-a93e-11923315973d', (<Task 'process_flow_year_chunk-908f37be-2d3c-4de7-a93e-119...","logger":"task.stdout"}
{"timestamp":"2026-01-01T00:11:06.771673Z","level":"info","event":"            │             │      └ ('process_flow_year_chunk-908f37be-2d3c-4de7-a93e-11923315973d', (<Task 'process_flow_year_chunk-908f37be-2d3c-4de7-a93e-1192...","logger":"task.stdout"}
{"timestamp":"2026-01-01T00:11:06.771848Z","level":"info","event":"            │             └ ('process_flow_year_chunk-908f37be-2d3c-4de7-a93e-11923315973d', (<Task 'process_flow_year_chunk-908f37be-2d3c-4de7-a93e-1192...","logger":"task.stdout"}
{"timestamp":"2026-01-01T00:11:06.771957Z","level":"info","event":"            └ <function execute_task at 0xffff8d561c60>","logger":"task.stdout"}
{"timestamp":"2026-01-01T00:11:06.772075Z","level":"info","event":"  File \"/home/airflow/.local/lib/python3.12/site-packages/dask/local.py\", line 256, in execute_task","logger":"task.stdout"}
{"timestamp":"2026-01-01T00:11:06.772186Z","level":"info","event":"    result = task(data)","logger":"task.stdout"}
{"timestamp":"2026-01-01T00:11:06.772305Z","level":"info","event":"             │    └ {}","logger":"task.stdout"}
{"timestamp":"2026-01-01T00:11:06.772415Z","level":"info","event":"             └ <Task 'process_flow_year_chunk-908f37be-2d3c-4de7-a93e-11923315973d' process_flow_year_chunk(...)>","logger":"task.stdout"}
{"timestamp":"2026-01-01T00:11:06.772533Z","level":"info","event":"  File \"/home/airflow/.local/lib/python3.12/site-packages/dask/_task_spec.py\", line 759, in __call__","logger":"task.stdout"}
{"timestamp":"2026-01-01T00:11:06.772640Z","level":"info","event":"    return self.func(*new_argspec)","logger":"task.stdout"}
{"timestamp":"2026-01-01T00:11:06.772765Z","level":"info","event":"           │    │     └ ('IMTS', 'IMF.STA,IMTS,latest', [2013, 2014, 2015, 2016, 2017], IMFConfig(key='all', sub_key='all', base_url='https://api.imf...","logger":"task.stdout"}
{"timestamp":"2026-01-01T00:11:06.772872Z","level":"info","event":"           │    └ <member 'func' of 'Task' objects>","logger":"task.stdout"}
{"timestamp":"2026-01-01T00:11:06.772984Z","level":"info","event":"           └ <Task 'process_flow_year_chunk-908f37be-2d3c-4de7-a93e-11923315973d' process_flow_year_chunk(...)>","logger":"task.stdout"}
{"timestamp":"2026-01-01T00:11:06.773103Z","level":"info","event":"","logger":"task.stdout"}
{"timestamp":"2026-01-01T00:11:06.773218Z","level":"info","event":"> File \"/opt/airflow/dags/pipelines/imf/pipeline.py\", line 54, in process_flow_year_chunk","logger":"task.stdout"}
{"timestamp":"2026-01-01T00:11:06.773360Z","level":"info","event":"    if s3_object_exists(s3_cfg.bucket, s3_key, s3_cfg.region):","logger":"task.stdout"}
{"timestamp":"2026-01-01T00:11:06.773468Z","level":"info","event":"       │                │      │       │       │      └ 'eu-west-1'","logger":"task.stdout"}
{"timestamp":"2026-01-01T00:11:06.773576Z","level":"info","event":"       │                │      │       │       └ S3Config(bucket='personal-projectbucket', prefix='imf', region='eu-west-1')","logger":"task.stdout"}
{"timestamp":"2026-01-01T00:11:06.773698Z","level":"info","event":"       │                │      │       └ 'imf/IMTS/year=2014/IMTS_2014.csv'","logger":"task.stdout"}
{"timestamp":"2026-01-01T00:11:06.773882Z","level":"info","event":"       │                │      └ 'personal-projectbucket'","logger":"task.stdout"}
{"timestamp":"2026-01-01T00:11:06.777529Z","level":"info","event":"       │                └ S3Config(bucket='personal-projectbucket', prefix='imf', region='eu-west-1')","logger":"task.stdout"}
{"timestamp":"2026-01-01T00:11:06.779345Z","level":"info","event":"       └ <function s3_object_exists at 0xffff8cfba7a0>","logger":"task.stdout"}
{"timestamp":"2026-01-01T00:11:06.781281Z","level":"info","event":"","logger":"task.stdout"}
{"timestamp":"2026-01-01T00:11:06.781379Z","level":"info","event":"  File \"/opt/airflow/dags/pipelines/common/s3_utils.py\", line 29, in s3_object_exists","logger":"task.stdout"}
{"timestamp":"2026-01-01T00:11:06.781460Z","level":"info","event":"    s3.head_object(Bucket=bucket, Key=key)","logger":"task.stdout"}
{"timestamp":"2026-01-01T00:11:06.781613Z","level":"info","event":"    │  │                  │           └ 'imf/IMTS/year=2014/IMTS_2014.csv'","logger":"task.stdout"}
{"timestamp":"2026-01-01T00:11:06.781718Z","level":"info","event":"    │  │                  └ 'personal-projectbucket'","logger":"task.stdout"}
{"timestamp":"2026-01-01T00:11:06.781808Z","level":"info","event":"    │  └ <function ClientCreator._create_api_method.<locals>._api_call at 0xffff71310680>","logger":"task.stdout"}
{"timestamp":"2026-01-01T00:11:06.781901Z","level":"info","event":"    └ <botocore.client.S3 object at 0xffff717a79e0>","logger":"task.stdout"}
{"timestamp":"2026-01-01T00:11:06.782002Z","level":"info","event":"","logger":"task.stdout"}
{"timestamp":"2026-01-01T00:11:06.782102Z","level":"info","event":"  File \"/home/airflow/.local/lib/python3.12/site-packages/botocore/client.py\", line 602, in _api_call","logger":"task.stdout"}
{"timestamp":"2026-01-01T00:11:06.782190Z","level":"info","event":"    return self._make_api_call(operation_name, kwargs)","logger":"task.stdout"}
{"timestamp":"2026-01-01T00:11:06.782301Z","level":"info","event":"           │    │              │               └ {'Bucket': 'personal-projectbucket', 'Key': 'imf/IMTS/year=2014/IMTS_2014.csv'}","logger":"task.stdout"}
{"timestamp":"2026-01-01T00:11:06.782404Z","level":"info","event":"           │    │              └ 'HeadObject'","logger":"task.stdout"}
{"timestamp":"2026-01-01T00:11:06.782491Z","level":"info","event":"           │    └ <function BaseClient._make_api_call at 0xffff8cf3b060>","logger":"task.stdout"}
{"timestamp":"2026-01-01T00:11:06.782586Z","level":"info","event":"           └ <botocore.client.S3 object at 0xffff717a79e0>","logger":"task.stdout"}
{"timestamp":"2026-01-01T00:11:06.782678Z","level":"info","event":"  File \"/home/airflow/.local/lib/python3.12/site-packages/botocore/context.py\", line 123, in wrapper","logger":"task.stdout"}
{"timestamp":"2026-01-01T00:11:06.782767Z","level":"info","event":"    return func(*args, **kwargs)","logger":"task.stdout"}
{"timestamp":"2026-01-01T00:11:06.782869Z","level":"info","event":"           │     │       └ {}","logger":"task.stdout"}
{"timestamp":"2026-01-01T00:11:06.782960Z","level":"info","event":"           │     └ (<botocore.client.S3 object at 0xffff717a79e0>, 'HeadObject', {'Bucket': 'personal-projectbucket', 'Key': 'imf/IMTS/year=2014...","logger":"task.stdout"}
{"timestamp":"2026-01-01T00:11:06.783056Z","level":"info","event":"           └ <function BaseClient._make_api_call at 0xffff8cf3afc0>","logger":"task.stdout"}
{"timestamp":"2026-01-01T00:11:06.783143Z","level":"info","event":"  File \"/home/airflow/.local/lib/python3.12/site-packages/botocore/client.py\", line 1078, in _make_api_call","logger":"task.stdout"}
{"timestamp":"2026-01-01T00:11:06.783219Z","level":"info","event":"    raise error_class(parsed_response, operation_name)","logger":"task.stdout"}
{"timestamp":"2026-01-01T00:11:06.783328Z","level":"info","event":"          │           │                └ 'HeadObject'","logger":"task.stdout"}
{"timestamp":"2026-01-01T00:11:06.783421Z","level":"info","event":"          │           └ {'Error': {'Code': '403', 'Message': 'Forbidden'}, 'ResponseMetadata': {'RequestId': 'P343DXEZVA0HTYP9', 'HostId': 'jIu8YThkT...","logger":"task.stdout"}
{"timestamp":"2026-01-01T00:11:06.783517Z","level":"info","event":"          └ <class 'botocore.exceptions.ClientError'>","logger":"task.stdout"}
{"timestamp":"2026-01-01T00:11:06.783604Z","level":"info","event":"","logger":"task.stdout"}
{"timestamp":"2026-01-01T00:11:06.783693Z","level":"info","event":"botocore.exceptions.ClientError: An error occurred (403) when calling the HeadObject operation: Forbidden","logger":"task.stdout"}
{"timestamp":"2026-01-01T00:11:06.954744Z","level":"info","event":"2026-01-01 00:11:06 | ERROR | S3 head_object failed | flow=IMTS year=2015 key=imf/IMTS/year=2015/IMTS_2015.csv","logger":"task.stdout"}
{"timestamp":"2026-01-01T00:11:06.955229Z","level":"info","event":"Traceback (most recent call last):","logger":"task.stdout"}
{"timestamp":"2026-01-01T00:11:06.955475Z","level":"info","event":"","logger":"task.stdout"}
{"timestamp":"2026-01-01T00:11:06.955613Z","level":"info","event":"  File \"/usr/python/lib/python3.12/threading.py\", line 1032, in _bootstrap","logger":"task.stdout"}
{"timestamp":"2026-01-01T00:11:06.955744Z","level":"info","event":"    self._bootstrap_inner()","logger":"task.stdout"}
{"timestamp":"2026-01-01T00:11:06.955853Z","level":"info","event":"    │    └ <function Thread._bootstrap_inner at 0xffff99068f40>","logger":"task.stdout"}
{"timestamp":"2026-01-01T00:11:06.955954Z","level":"info","event":"    └ <Thread(ThreadPoolExecutor-1_0, started 281472806220128)>","logger":"task.stdout"}
{"timestamp":"2026-01-01T00:11:06.956063Z","level":"info","event":"  File \"/usr/python/lib/python3.12/threading.py\", line 1075, in _bootstrap_inner","logger":"task.stdout"}
{"timestamp":"2026-01-01T00:11:06.956163Z","level":"info","event":"    self.run()","logger":"task.stdout"}
{"timestamp":"2026-01-01T00:11:06.957531Z","level":"info","event":"    │    └ <function Thread.run at 0xffff99068c20>","logger":"task.stdout"}
{"timestamp":"2026-01-01T00:11:06.957693Z","level":"info","event":"    └ <Thread(ThreadPoolExecutor-1_0, started 281472806220128)>","logger":"task.stdout"}
{"timestamp":"2026-01-01T00:11:06.957817Z","level":"info","event":"  File \"/usr/python/lib/python3.12/threading.py\", line 1012, in run","logger":"task.stdout"}
{"timestamp":"2026-01-01T00:11:06.957933Z","level":"info","event":"    self._target(*self._args, **self._kwargs)","logger":"task.stdout"}
{"timestamp":"2026-01-01T00:11:06.958057Z","level":"info","event":"    │    │        │    │        │    └ {}","logger":"task.stdout"}
{"timestamp":"2026-01-01T00:11:06.958187Z","level":"info","event":"    │    │        │    │        └ <Thread(ThreadPoolExecutor-1_0, started 281472806220128)>","logger":"task.stdout"}
{"timestamp":"2026-01-01T00:11:06.958300Z","level":"info","event":"    │    │        │    └ (<weakref at 0xffff90350ef0; to 'ThreadPoolExecutor' at 0xffff86d3eb70>, <_queue.SimpleQueue object at 0xffff712e3b00>, None,...","logger":"task.stdout"}
{"timestamp":"2026-01-01T00:11:06.958408Z","level":"info","event":"    │    │        └ <Thread(ThreadPoolExecutor-1_0, started 281472806220128)>","logger":"task.stdout"}
{"timestamp":"2026-01-01T00:11:06.958510Z","level":"info","event":"    │    └ <function _worker at 0xffff937a1c60>","logger":"task.stdout"}
{"timestamp":"2026-01-01T00:11:06.958617Z","level":"info","event":"    └ <Thread(ThreadPoolExecutor-1_0, started 281472806220128)>","logger":"task.stdout"}
{"timestamp":"2026-01-01T00:11:06.958704Z","level":"info","event":"  File \"/usr/python/lib/python3.12/concurrent/futures/thread.py\", line 93, in _worker","logger":"task.stdout"}
{"timestamp":"2026-01-01T00:11:06.958788Z","level":"info","event":"    work_item.run()","logger":"task.stdout"}
{"timestamp":"2026-01-01T00:11:06.958901Z","level":"info","event":"    │         └ <function _WorkItem.run at 0xffff937a1da0>","logger":"task.stdout"}
{"timestamp":"2026-01-01T00:11:06.959068Z","level":"info","event":"    └ <concurrent.futures.thread._WorkItem object at 0xffff92992810>","logger":"task.stdout"}
{"timestamp":"2026-01-01T00:11:06.959172Z","level":"info","event":"  File \"/usr/python/lib/python3.12/concurrent/futures/thread.py\", line 59, in run","logger":"task.stdout"}
{"timestamp":"2026-01-01T00:11:06.959261Z","level":"info","event":"    result = self.fn(*self.args, **self.kwargs)","logger":"task.stdout"}
{"timestamp":"2026-01-01T00:11:06.959362Z","level":"info","event":"             │    │   │    │       │    └ {}","logger":"task.stdout"}
{"timestamp":"2026-01-01T00:11:06.959451Z","level":"info","event":"             │    │   │    │       └ <concurrent.futures.thread._WorkItem object at 0xffff92992810>","logger":"task.stdout"}
{"timestamp":"2026-01-01T00:11:06.959565Z","level":"info","event":"             │    │   │    └ ([('process_flow_year_chunk-908f37be-2d3c-4de7-a93e-11923315973d', (<Task 'process_flow_year_chunk-908f37be-2d3c-4de7-a93e-11...","logger":"task.stdout"}
{"timestamp":"2026-01-01T00:11:06.959716Z","level":"info","event":"             │    │   └ <concurrent.futures.thread._WorkItem object at 0xffff92992810>","logger":"task.stdout"}
{"timestamp":"2026-01-01T00:11:06.959820Z","level":"info","event":"             │    └ <function batch_execute_tasks at 0xffff8d561d00>","logger":"task.stdout"}
{"timestamp":"2026-01-01T00:11:06.959940Z","level":"info","event":"             └ <concurrent.futures.thread._WorkItem object at 0xffff92992810>","logger":"task.stdout"}
{"timestamp":"2026-01-01T00:11:06.960049Z","level":"info","event":"  File \"/home/airflow/.local/lib/python3.12/site-packages/dask/local.py\", line 270, in batch_execute_tasks","logger":"task.stdout"}
{"timestamp":"2026-01-01T00:11:06.960176Z","level":"info","event":"    return [execute_task(*a) for a in it]","logger":"task.stdout"}
{"timestamp":"2026-01-01T00:11:06.960350Z","level":"info","event":"            │             │      │    └ [('process_flow_year_chunk-908f37be-2d3c-4de7-a93e-11923315973d', (<Task 'process_flow_year_chunk-908f37be-2d3c-4de7-a93e-119...","logger":"task.stdout"}
{"timestamp":"2026-01-01T00:11:06.960480Z","level":"info","event":"            │             │      └ ('process_flow_year_chunk-908f37be-2d3c-4de7-a93e-11923315973d', (<Task 'process_flow_year_chunk-908f37be-2d3c-4de7-a93e-1192...","logger":"task.stdout"}
{"timestamp":"2026-01-01T00:11:06.960618Z","level":"info","event":"            │             └ ('process_flow_year_chunk-908f37be-2d3c-4de7-a93e-11923315973d', (<Task 'process_flow_year_chunk-908f37be-2d3c-4de7-a93e-1192...","logger":"task.stdout"}
{"timestamp":"2026-01-01T00:11:06.960742Z","level":"info","event":"            └ <function execute_task at 0xffff8d561c60>","logger":"task.stdout"}
{"timestamp":"2026-01-01T00:11:06.960864Z","level":"info","event":"  File \"/home/airflow/.local/lib/python3.12/site-packages/dask/local.py\", line 256, in execute_task","logger":"task.stdout"}
{"timestamp":"2026-01-01T00:11:06.964322Z","level":"info","event":"    result = task(data)","logger":"task.stdout"}
{"timestamp":"2026-01-01T00:11:06.964557Z","level":"info","event":"             │    └ {}","logger":"task.stdout"}
{"timestamp":"2026-01-01T00:11:06.964700Z","level":"info","event":"             └ <Task 'process_flow_year_chunk-908f37be-2d3c-4de7-a93e-11923315973d' process_flow_year_chunk(...)>","logger":"task.stdout"}
{"timestamp":"2026-01-01T00:11:06.964812Z","level":"info","event":"  File \"/home/airflow/.local/lib/python3.12/site-packages/dask/_task_spec.py\", line 759, in __call__","logger":"task.stdout"}
{"timestamp":"2026-01-01T00:11:06.964924Z","level":"info","event":"    return self.func(*new_argspec)","logger":"task.stdout"}
{"timestamp":"2026-01-01T00:11:06.965012Z","level":"info","event":"           │    │     └ ('IMTS', 'IMF.STA,IMTS,latest', [2013, 2014, 2015, 2016, 2017], IMFConfig(key='all', sub_key='all', base_url='https://api.imf...","logger":"task.stdout"}
{"timestamp":"2026-01-01T00:11:06.965120Z","level":"info","event":"           │    └ <member 'func' of 'Task' objects>","logger":"task.stdout"}
{"timestamp":"2026-01-01T00:11:06.965217Z","level":"info","event":"           └ <Task 'process_flow_year_chunk-908f37be-2d3c-4de7-a93e-11923315973d' process_flow_year_chunk(...)>","logger":"task.stdout"}
{"timestamp":"2026-01-01T00:11:06.965355Z","level":"info","event":"","logger":"task.stdout"}
{"timestamp":"2026-01-01T00:11:06.965487Z","level":"info","event":"> File \"/opt/airflow/dags/pipelines/imf/pipeline.py\", line 54, in process_flow_year_chunk","logger":"task.stdout"}
{"timestamp":"2026-01-01T00:11:06.965604Z","level":"info","event":"    if s3_object_exists(s3_cfg.bucket, s3_key, s3_cfg.region):","logger":"task.stdout"}
{"timestamp":"2026-01-01T00:11:06.965704Z","level":"info","event":"       │                │      │       │       │      └ 'eu-west-1'","logger":"task.stdout"}
{"timestamp":"2026-01-01T00:11:06.965866Z","level":"info","event":"       │                │      │       │       └ S3Config(bucket='personal-projectbucket', prefix='imf', region='eu-west-1')","logger":"task.stdout"}
{"timestamp":"2026-01-01T00:11:06.965965Z","level":"info","event":"       │                │      │       └ 'imf/IMTS/year=2015/IMTS_2015.csv'","logger":"task.stdout"}
{"timestamp":"2026-01-01T00:11:07.022433Z","level":"info","event":"       │                │      └ 'personal-projectbucket'","logger":"task.stdout"}
{"timestamp":"2026-01-01T00:11:07.022765Z","level":"info","event":"       │                └ S3Config(bucket='personal-projectbucket', prefix='imf', region='eu-west-1')","logger":"task.stdout"}
{"timestamp":"2026-01-01T00:11:07.022885Z","level":"info","event":"       └ <function s3_object_exists at 0xffff8cfba7a0>","logger":"task.stdout"}
{"timestamp":"2026-01-01T00:11:07.022981Z","level":"info","event":"","logger":"task.stdout"}
{"timestamp":"2026-01-01T00:11:07.023069Z","level":"info","event":"  File \"/opt/airflow/dags/pipelines/common/s3_utils.py\", line 29, in s3_object_exists","logger":"task.stdout"}
{"timestamp":"2026-01-01T00:11:07.023154Z","level":"info","event":"    s3.head_object(Bucket=bucket, Key=key)","logger":"task.stdout"}
{"timestamp":"2026-01-01T00:11:07.023294Z","level":"info","event":"    │  │                  │           └ 'imf/IMTS/year=2015/IMTS_2015.csv'","logger":"task.stdout"}
{"timestamp":"2026-01-01T00:11:07.023487Z","level":"info","event":"    │  │                  └ 'personal-projectbucket'","logger":"task.stdout"}
{"timestamp":"2026-01-01T00:11:07.023621Z","level":"info","event":"    │  └ <function ClientCreator._create_api_method.<locals>._api_call at 0xffff71310680>","logger":"task.stdout"}
{"timestamp":"2026-01-01T00:11:07.023707Z","level":"info","event":"    └ <botocore.client.S3 object at 0xffff717a79e0>","logger":"task.stdout"}
{"timestamp":"2026-01-01T00:11:07.023787Z","level":"info","event":"","logger":"task.stdout"}
{"timestamp":"2026-01-01T00:11:07.023869Z","level":"info","event":"  File \"/home/airflow/.local/lib/python3.12/site-packages/botocore/client.py\", line 602, in _api_call","logger":"task.stdout"}
{"timestamp":"2026-01-01T00:11:07.023948Z","level":"info","event":"    return self._make_api_call(operation_name, kwargs)","logger":"task.stdout"}
{"timestamp":"2026-01-01T00:11:07.024026Z","level":"info","event":"           │    │              │               └ {'Bucket': 'personal-projectbucket', 'Key': 'imf/IMTS/year=2015/IMTS_2015.csv'}","logger":"task.stdout"}
{"timestamp":"2026-01-01T00:11:07.024105Z","level":"info","event":"           │    │              └ 'HeadObject'","logger":"task.stdout"}
{"timestamp":"2026-01-01T00:11:07.024182Z","level":"info","event":"           │    └ <function BaseClient._make_api_call at 0xffff8cf3b060>","logger":"task.stdout"}
{"timestamp":"2026-01-01T00:11:07.024266Z","level":"info","event":"           └ <botocore.client.S3 object at 0xffff717a79e0>","logger":"task.stdout"}
{"timestamp":"2026-01-01T00:11:07.024345Z","level":"info","event":"  File \"/home/airflow/.local/lib/python3.12/site-packages/botocore/context.py\", line 123, in wrapper","logger":"task.stdout"}
{"timestamp":"2026-01-01T00:11:07.024438Z","level":"info","event":"    return func(*args, **kwargs)","logger":"task.stdout"}
{"timestamp":"2026-01-01T00:11:07.024529Z","level":"info","event":"           │     │       └ {}","logger":"task.stdout"}
{"timestamp":"2026-01-01T00:11:07.024607Z","level":"info","event":"           │     └ (<botocore.client.S3 object at 0xffff717a79e0>, 'HeadObject', {'Bucket': 'personal-projectbucket', 'Key': 'imf/IMTS/year=2015...","logger":"task.stdout"}
{"timestamp":"2026-01-01T00:11:07.024686Z","level":"info","event":"           └ <function BaseClient._make_api_call at 0xffff8cf3afc0>","logger":"task.stdout"}
{"timestamp":"2026-01-01T00:11:07.024766Z","level":"info","event":"  File \"/home/airflow/.local/lib/python3.12/site-packages/botocore/client.py\", line 1078, in _make_api_call","logger":"task.stdout"}
{"timestamp":"2026-01-01T00:11:07.024890Z","level":"info","event":"    raise error_class(parsed_response, operation_name)","logger":"task.stdout"}
{"timestamp":"2026-01-01T00:11:07.024967Z","level":"info","event":"          │           │                └ 'HeadObject'","logger":"task.stdout"}
{"timestamp":"2026-01-01T00:11:07.025043Z","level":"info","event":"          │           └ {'Error': {'Code': '403', 'Message': 'Forbidden'}, 'ResponseMetadata': {'RequestId': 'P34C54BWP7Y52X5T', 'HostId': '6kfwbCRkB...","logger":"task.stdout"}
{"timestamp":"2026-01-01T00:11:07.025150Z","level":"info","event":"          └ <class 'botocore.exceptions.ClientError'>","logger":"task.stdout"}
{"timestamp":"2026-01-01T00:11:07.025231Z","level":"info","event":"","logger":"task.stdout"}
{"timestamp":"2026-01-01T00:11:07.025328Z","level":"info","event":"botocore.exceptions.ClientError: An error occurred (403) when calling the HeadObject operation: Forbidden","logger":"task.stdout"}
{"timestamp":"2026-01-01T00:11:07.181379Z","level":"info","event":"2026-01-01 00:11:07 | ERROR | S3 head_object failed | flow=IMTS year=2016 key=imf/IMTS/year=2016/IMTS_2016.csv","logger":"task.stdout"}
{"timestamp":"2026-01-01T00:11:07.182064Z","level":"info","event":"Traceback (most recent call last):","logger":"task.stdout"}
{"timestamp":"2026-01-01T00:11:07.182237Z","level":"info","event":"","logger":"task.stdout"}
{"timestamp":"2026-01-01T00:11:07.182457Z","level":"info","event":"  File \"/usr/python/lib/python3.12/threading.py\", line 1032, in _bootstrap","logger":"task.stdout"}
{"timestamp":"2026-01-01T00:11:07.182596Z","level":"info","event":"    self._bootstrap_inner()","logger":"task.stdout"}
{"timestamp":"2026-01-01T00:11:07.182728Z","level":"info","event":"    │    └ <function Thread._bootstrap_inner at 0xffff99068f40>","logger":"task.stdout"}
{"timestamp":"2026-01-01T00:11:07.182852Z","level":"info","event":"    └ <Thread(ThreadPoolExecutor-1_0, started 281472806220128)>","logger":"task.stdout"}
{"timestamp":"2026-01-01T00:11:07.182974Z","level":"info","event":"  File \"/usr/python/lib/python3.12/threading.py\", line 1075, in _bootstrap_inner","logger":"task.stdout"}
{"timestamp":"2026-01-01T00:11:07.183093Z","level":"info","event":"    self.run()","logger":"task.stdout"}
{"timestamp":"2026-01-01T00:11:07.183209Z","level":"info","event":"    │    └ <function Thread.run at 0xffff99068c20>","logger":"task.stdout"}
{"timestamp":"2026-01-01T00:11:07.183357Z","level":"info","event":"    └ <Thread(ThreadPoolExecutor-1_0, started 281472806220128)>","logger":"task.stdout"}
{"timestamp":"2026-01-01T00:11:07.183470Z","level":"info","event":"  File \"/usr/python/lib/python3.12/threading.py\", line 1012, in run","logger":"task.stdout"}
{"timestamp":"2026-01-01T00:11:07.183618Z","level":"info","event":"    self._target(*self._args, **self._kwargs)","logger":"task.stdout"}
{"timestamp":"2026-01-01T00:11:07.183728Z","level":"info","event":"    │    │        │    │        │    └ {}","logger":"task.stdout"}
{"timestamp":"2026-01-01T00:11:07.183842Z","level":"info","event":"    │    │        │    │        └ <Thread(ThreadPoolExecutor-1_0, started 281472806220128)>","logger":"task.stdout"}
{"timestamp":"2026-01-01T00:11:07.183962Z","level":"info","event":"    │    │        │    └ (<weakref at 0xffff90350ef0; to 'ThreadPoolExecutor' at 0xffff86d3eb70>, <_queue.SimpleQueue object at 0xffff712e3b00>, None,...","logger":"task.stdout"}
{"timestamp":"2026-01-01T00:11:07.184077Z","level":"info","event":"    │    │        └ <Thread(ThreadPoolExecutor-1_0, started 281472806220128)>","logger":"task.stdout"}
{"timestamp":"2026-01-01T00:11:07.184238Z","level":"info","event":"    │    └ <function _worker at 0xffff937a1c60>","logger":"task.stdout"}
{"timestamp":"2026-01-01T00:11:07.184377Z","level":"info","event":"    └ <Thread(ThreadPoolExecutor-1_0, started 281472806220128)>","logger":"task.stdout"}
{"timestamp":"2026-01-01T00:11:07.184550Z","level":"info","event":"  File \"/usr/python/lib/python3.12/concurrent/futures/thread.py\", line 93, in _worker","logger":"task.stdout"}
{"timestamp":"2026-01-01T00:11:07.184675Z","level":"info","event":"    work_item.run()","logger":"task.stdout"}
{"timestamp":"2026-01-01T00:11:07.184786Z","level":"info","event":"    │         └ <function _WorkItem.run at 0xffff937a1da0>","logger":"task.stdout"}
{"timestamp":"2026-01-01T00:11:07.184907Z","level":"info","event":"    └ <concurrent.futures.thread._WorkItem object at 0xffff92992810>","logger":"task.stdout"}
{"timestamp":"2026-01-01T00:11:07.185031Z","level":"info","event":"  File \"/usr/python/lib/python3.12/concurrent/futures/thread.py\", line 59, in run","logger":"task.stdout"}
{"timestamp":"2026-01-01T00:11:07.185155Z","level":"info","event":"    result = self.fn(*self.args, **self.kwargs)","logger":"task.stdout"}
{"timestamp":"2026-01-01T00:11:07.185271Z","level":"info","event":"             │    │   │    │       │    └ {}","logger":"task.stdout"}
{"timestamp":"2026-01-01T00:11:07.185386Z","level":"info","event":"             │    │   │    │       └ <concurrent.futures.thread._WorkItem object at 0xffff92992810>","logger":"task.stdout"}
{"timestamp":"2026-01-01T00:11:07.185500Z","level":"info","event":"             │    │   │    └ ([('process_flow_year_chunk-908f37be-2d3c-4de7-a93e-11923315973d', (<Task 'process_flow_year_chunk-908f37be-2d3c-4de7-a93e-11...","logger":"task.stdout"}
{"timestamp":"2026-01-01T00:11:07.185620Z","level":"info","event":"             │    │   └ <concurrent.futures.thread._WorkItem object at 0xffff92992810>","logger":"task.stdout"}
{"timestamp":"2026-01-01T00:11:07.185733Z","level":"info","event":"             │    └ <function batch_execute_tasks at 0xffff8d561d00>","logger":"task.stdout"}
{"timestamp":"2026-01-01T00:11:07.185847Z","level":"info","event":"             └ <concurrent.futures.thread._WorkItem object at 0xffff92992810>","logger":"task.stdout"}
{"timestamp":"2026-01-01T00:11:07.185959Z","level":"info","event":"  File \"/home/airflow/.local/lib/python3.12/site-packages/dask/local.py\", line 270, in batch_execute_tasks","logger":"task.stdout"}
{"timestamp":"2026-01-01T00:11:07.186069Z","level":"info","event":"    return [execute_task(*a) for a in it]","logger":"task.stdout"}
{"timestamp":"2026-01-01T00:11:07.186195Z","level":"info","event":"            │             │      │    └ [('process_flow_year_chunk-908f37be-2d3c-4de7-a93e-11923315973d', (<Task 'process_flow_year_chunk-908f37be-2d3c-4de7-a93e-119...","logger":"task.stdout"}
{"timestamp":"2026-01-01T00:11:07.186298Z","level":"info","event":"            │             │      └ ('process_flow_year_chunk-908f37be-2d3c-4de7-a93e-11923315973d', (<Task 'process_flow_year_chunk-908f37be-2d3c-4de7-a93e-1192...","logger":"task.stdout"}
{"timestamp":"2026-01-01T00:11:07.186419Z","level":"info","event":"            │             └ ('process_flow_year_chunk-908f37be-2d3c-4de7-a93e-11923315973d', (<Task 'process_flow_year_chunk-908f37be-2d3c-4de7-a93e-1192...","logger":"task.stdout"}
{"timestamp":"2026-01-01T00:11:07.186529Z","level":"info","event":"            └ <function execute_task at 0xffff8d561c60>","logger":"task.stdout"}
{"timestamp":"2026-01-01T00:11:07.191345Z","level":"info","event":"  File \"/home/airflow/.local/lib/python3.12/site-packages/dask/local.py\", line 256, in execute_task","logger":"task.stdout"}
{"timestamp":"2026-01-01T00:11:07.192813Z","level":"info","event":"    result = task(data)","logger":"task.stdout"}
{"timestamp":"2026-01-01T00:11:07.194282Z","level":"info","event":"             │    └ {}","logger":"task.stdout"}
{"timestamp":"2026-01-01T00:11:07.194393Z","level":"info","event":"             └ <Task 'process_flow_year_chunk-908f37be-2d3c-4de7-a93e-11923315973d' process_flow_year_chunk(...)>","logger":"task.stdout"}
{"timestamp":"2026-01-01T00:11:07.194497Z","level":"info","event":"  File \"/home/airflow/.local/lib/python3.12/site-packages/dask/_task_spec.py\", line 759, in __call__","logger":"task.stdout"}
{"timestamp":"2026-01-01T00:11:07.194754Z","level":"info","event":"    return self.func(*new_argspec)","logger":"task.stdout"}
{"timestamp":"2026-01-01T00:11:07.194925Z","level":"info","event":"           │    │     └ ('IMTS', 'IMF.STA,IMTS,latest', [2013, 2014, 2015, 2016, 2017], IMFConfig(key='all', sub_key='all', base_url='https://api.imf...","logger":"task.stdout"}
{"timestamp":"2026-01-01T00:11:07.195075Z","level":"info","event":"           │    └ <member 'func' of 'Task' objects>","logger":"task.stdout"}
{"timestamp":"2026-01-01T00:11:07.195208Z","level":"info","event":"           └ <Task 'process_flow_year_chunk-908f37be-2d3c-4de7-a93e-11923315973d' process_flow_year_chunk(...)>","logger":"task.stdout"}
{"timestamp":"2026-01-01T00:11:07.195386Z","level":"info","event":"","logger":"task.stdout"}
{"timestamp":"2026-01-01T00:11:07.195549Z","level":"info","event":"> File \"/opt/airflow/dags/pipelines/imf/pipeline.py\", line 54, in process_flow_year_chunk","logger":"task.stdout"}
{"timestamp":"2026-01-01T00:11:07.195697Z","level":"info","event":"    if s3_object_exists(s3_cfg.bucket, s3_key, s3_cfg.region):","logger":"task.stdout"}
{"timestamp":"2026-01-01T00:11:07.195838Z","level":"info","event":"       │                │      │       │       │      └ 'eu-west-1'","logger":"task.stdout"}
{"timestamp":"2026-01-01T00:11:07.195980Z","level":"info","event":"       │                │      │       │       └ S3Config(bucket='personal-projectbucket', prefix='imf', region='eu-west-1')","logger":"task.stdout"}
{"timestamp":"2026-01-01T00:11:07.196141Z","level":"info","event":"       │                │      │       └ 'imf/IMTS/year=2016/IMTS_2016.csv'","logger":"task.stdout"}
{"timestamp":"2026-01-01T00:11:07.197498Z","level":"info","event":"       │                │      └ 'personal-projectbucket'","logger":"task.stdout"}
{"timestamp":"2026-01-01T00:11:07.199277Z","level":"info","event":"       │                └ S3Config(bucket='personal-projectbucket', prefix='imf', region='eu-west-1')","logger":"task.stdout"}
{"timestamp":"2026-01-01T00:11:07.199377Z","level":"info","event":"       └ <function s3_object_exists at 0xffff8cfba7a0>","logger":"task.stdout"}
{"timestamp":"2026-01-01T00:11:07.199460Z","level":"info","event":"","logger":"task.stdout"}
{"timestamp":"2026-01-01T00:11:07.199541Z","level":"info","event":"  File \"/opt/airflow/dags/pipelines/common/s3_utils.py\", line 29, in s3_object_exists","logger":"task.stdout"}
{"timestamp":"2026-01-01T00:11:07.199620Z","level":"info","event":"    s3.head_object(Bucket=bucket, Key=key)","logger":"task.stdout"}
{"timestamp":"2026-01-01T00:11:07.199700Z","level":"info","event":"    │  │                  │           └ 'imf/IMTS/year=2016/IMTS_2016.csv'","logger":"task.stdout"}
{"timestamp":"2026-01-01T00:11:07.199781Z","level":"info","event":"    │  │                  └ 'personal-projectbucket'","logger":"task.stdout"}
{"timestamp":"2026-01-01T00:11:07.199861Z","level":"info","event":"    │  └ <function ClientCreator._create_api_method.<locals>._api_call at 0xffff71310680>","logger":"task.stdout"}
{"timestamp":"2026-01-01T00:11:07.199941Z","level":"info","event":"    └ <botocore.client.S3 object at 0xffff717a79e0>","logger":"task.stdout"}
{"timestamp":"2026-01-01T00:11:07.200020Z","level":"info","event":"","logger":"task.stdout"}
{"timestamp":"2026-01-01T00:11:07.200099Z","level":"info","event":"  File \"/home/airflow/.local/lib/python3.12/site-packages/botocore/client.py\", line 602, in _api_call","logger":"task.stdout"}
{"timestamp":"2026-01-01T00:11:07.200177Z","level":"info","event":"    return self._make_api_call(operation_name, kwargs)","logger":"task.stdout"}
{"timestamp":"2026-01-01T00:11:07.200266Z","level":"info","event":"           │    │              │               └ {'Bucket': 'personal-projectbucket', 'Key': 'imf/IMTS/year=2016/IMTS_2016.csv'}","logger":"task.stdout"}
{"timestamp":"2026-01-01T00:11:07.200348Z","level":"info","event":"           │    │              └ 'HeadObject'","logger":"task.stdout"}
{"timestamp":"2026-01-01T00:11:07.200482Z","level":"info","event":"           │    └ <function BaseClient._make_api_call at 0xffff8cf3b060>","logger":"task.stdout"}
{"timestamp":"2026-01-01T00:11:07.200563Z","level":"info","event":"           └ <botocore.client.S3 object at 0xffff717a79e0>","logger":"task.stdout"}
{"timestamp":"2026-01-01T00:11:07.200642Z","level":"info","event":"  File \"/home/airflow/.local/lib/python3.12/site-packages/botocore/context.py\", line 123, in wrapper","logger":"task.stdout"}
{"timestamp":"2026-01-01T00:11:07.200721Z","level":"info","event":"    return func(*args, **kwargs)","logger":"task.stdout"}
{"timestamp":"2026-01-01T00:11:07.200800Z","level":"info","event":"           │     │       └ {}","logger":"task.stdout"}
{"timestamp":"2026-01-01T00:11:07.200882Z","level":"info","event":"           │     └ (<botocore.client.S3 object at 0xffff717a79e0>, 'HeadObject', {'Bucket': 'personal-projectbucket', 'Key': 'imf/IMTS/year=2016...","logger":"task.stdout"}
{"timestamp":"2026-01-01T00:11:07.200963Z","level":"info","event":"           └ <function BaseClient._make_api_call at 0xffff8cf3afc0>","logger":"task.stdout"}
{"timestamp":"2026-01-01T00:11:07.201044Z","level":"info","event":"  File \"/home/airflow/.local/lib/python3.12/site-packages/botocore/client.py\", line 1078, in _make_api_call","logger":"task.stdout"}
{"timestamp":"2026-01-01T00:11:07.201122Z","level":"info","event":"    raise error_class(parsed_response, operation_name)","logger":"task.stdout"}
{"timestamp":"2026-01-01T00:11:07.201200Z","level":"info","event":"          │           │                └ 'HeadObject'","logger":"task.stdout"}
{"timestamp":"2026-01-01T00:11:07.201289Z","level":"info","event":"          │           └ {'Error': {'Code': '403', 'Message': 'Forbidden'}, 'ResponseMetadata': {'RequestId': 'P34AQ24T25Y311ZE', 'HostId': 'k2NGPOiJk...","logger":"task.stdout"}
{"timestamp":"2026-01-01T00:11:07.201370Z","level":"info","event":"          └ <class 'botocore.exceptions.ClientError'>","logger":"task.stdout"}
{"timestamp":"2026-01-01T00:11:07.201451Z","level":"info","event":"","logger":"task.stdout"}
{"timestamp":"2026-01-01T00:11:07.201530Z","level":"info","event":"botocore.exceptions.ClientError: An error occurred (403) when calling the HeadObject operation: Forbidden","logger":"task.stdout"}
{"timestamp":"2026-01-01T00:11:07.789086Z","level":"info","event":"2026-01-01 00:11:07 | ERROR | S3 head_object failed | flow=IMTS year=2017 key=imf/IMTS/year=2017/IMTS_2017.csv","logger":"task.stdout"}
{"timestamp":"2026-01-01T00:11:07.790240Z","level":"info","event":"Traceback (most recent call last):","logger":"task.stdout"}
{"timestamp":"2026-01-01T00:11:07.790477Z","level":"info","event":"","logger":"task.stdout"}
{"timestamp":"2026-01-01T00:11:07.791977Z","level":"info","event":"  File \"/usr/python/lib/python3.12/threading.py\", line 1032, in _bootstrap","logger":"task.stdout"}
{"timestamp":"2026-01-01T00:11:07.792204Z","level":"info","event":"    self._bootstrap_inner()","logger":"task.stdout"}
{"timestamp":"2026-01-01T00:11:07.792396Z","level":"info","event":"    │    └ <function Thread._bootstrap_inner at 0xffff99068f40>","logger":"task.stdout"}
{"timestamp":"2026-01-01T00:11:07.792521Z","level":"info","event":"    └ <Thread(ThreadPoolExecutor-1_0, started 281472806220128)>","logger":"task.stdout"}
{"timestamp":"2026-01-01T00:11:07.792642Z","level":"info","event":"  File \"/usr/python/lib/python3.12/threading.py\", line 1075, in _bootstrap_inner","logger":"task.stdout"}
{"timestamp":"2026-01-01T00:11:07.792755Z","level":"info","event":"    self.run()","logger":"task.stdout"}
{"timestamp":"2026-01-01T00:11:07.792876Z","level":"info","event":"    │    └ <function Thread.run at 0xffff99068c20>","logger":"task.stdout"}
{"timestamp":"2026-01-01T00:11:07.793005Z","level":"info","event":"    └ <Thread(ThreadPoolExecutor-1_0, started 281472806220128)>","logger":"task.stdout"}
{"timestamp":"2026-01-01T00:11:07.793114Z","level":"info","event":"  File \"/usr/python/lib/python3.12/threading.py\", line 1012, in run","logger":"task.stdout"}
{"timestamp":"2026-01-01T00:11:07.793331Z","level":"info","event":"    self._target(*self._args, **self._kwargs)","logger":"task.stdout"}
{"timestamp":"2026-01-01T00:11:07.799386Z","level":"info","event":"    │    │        │    │        │    └ {}","logger":"task.stdout"}
{"timestamp":"2026-01-01T00:11:07.801299Z","level":"info","event":"    │    │        │    │        └ <Thread(ThreadPoolExecutor-1_0, started 281472806220128)>","logger":"task.stdout"}
{"timestamp":"2026-01-01T00:11:07.801479Z","level":"info","event":"    │    │        │    └ (<weakref at 0xffff90350ef0; to 'ThreadPoolExecutor' at 0xffff86d3eb70>, <_queue.SimpleQueue object at 0xffff712e3b00>, None,...","logger":"task.stdout"}
{"timestamp":"2026-01-01T00:11:07.801582Z","level":"info","event":"    │    │        └ <Thread(ThreadPoolExecutor-1_0, started 281472806220128)>","logger":"task.stdout"}
{"timestamp":"2026-01-01T00:11:07.801694Z","level":"info","event":"    │    └ <function _worker at 0xffff937a1c60>","logger":"task.stdout"}
{"timestamp":"2026-01-01T00:11:07.801803Z","level":"info","event":"    └ <Thread(ThreadPoolExecutor-1_0, started 281472806220128)>","logger":"task.stdout"}
{"timestamp":"2026-01-01T00:11:07.801904Z","level":"info","event":"  File \"/usr/python/lib/python3.12/concurrent/futures/thread.py\", line 93, in _worker","logger":"task.stdout"}
{"timestamp":"2026-01-01T00:11:07.802004Z","level":"info","event":"    work_item.run()","logger":"task.stdout"}
{"timestamp":"2026-01-01T00:11:07.802101Z","level":"info","event":"    │         └ <function _WorkItem.run at 0xffff937a1da0>","logger":"task.stdout"}
{"timestamp":"2026-01-01T00:11:07.802198Z","level":"info","event":"    └ <concurrent.futures.thread._WorkItem object at 0xffff92992810>","logger":"task.stdout"}
{"timestamp":"2026-01-01T00:11:07.802311Z","level":"info","event":"  File \"/usr/python/lib/python3.12/concurrent/futures/thread.py\", line 59, in run","logger":"task.stdout"}
{"timestamp":"2026-01-01T00:11:07.802403Z","level":"info","event":"    result = self.fn(*self.args, **self.kwargs)","logger":"task.stdout"}
{"timestamp":"2026-01-01T00:11:07.802496Z","level":"info","event":"             │    │   │    │       │    └ {}","logger":"task.stdout"}
{"timestamp":"2026-01-01T00:11:07.802586Z","level":"info","event":"             │    │   │    │       └ <concurrent.futures.thread._WorkItem object at 0xffff92992810>","logger":"task.stdout"}
{"timestamp":"2026-01-01T00:11:07.802679Z","level":"info","event":"             │    │   │    └ ([('process_flow_year_chunk-908f37be-2d3c-4de7-a93e-11923315973d', (<Task 'process_flow_year_chunk-908f37be-2d3c-4de7-a93e-11...","logger":"task.stdout"}
{"timestamp":"2026-01-01T00:11:07.802774Z","level":"info","event":"             │    │   └ <concurrent.futures.thread._WorkItem object at 0xffff92992810>","logger":"task.stdout"}
{"timestamp":"2026-01-01T00:11:07.802863Z","level":"info","event":"             │    └ <function batch_execute_tasks at 0xffff8d561d00>","logger":"task.stdout"}
{"timestamp":"2026-01-01T00:11:07.803214Z","level":"info","event":"             └ <concurrent.futures.thread._WorkItem object at 0xffff92992810>","logger":"task.stdout"}
{"timestamp":"2026-01-01T00:11:07.803485Z","level":"info","event":"  File \"/home/airflow/.local/lib/python3.12/site-packages/dask/local.py\", line 270, in batch_execute_tasks","logger":"task.stdout"}
{"timestamp":"2026-01-01T00:11:07.803734Z","level":"info","event":"    return [execute_task(*a) for a in it]","logger":"task.stdout"}
{"timestamp":"2026-01-01T00:11:07.803875Z","level":"info","event":"            │             │      │    └ [('process_flow_year_chunk-908f37be-2d3c-4de7-a93e-11923315973d', (<Task 'process_flow_year_chunk-908f37be-2d3c-4de7-a93e-119...","logger":"task.stdout"}
{"timestamp":"2026-01-01T00:11:07.803998Z","level":"info","event":"            │             │      └ ('process_flow_year_chunk-908f37be-2d3c-4de7-a93e-11923315973d', (<Task 'process_flow_year_chunk-908f37be-2d3c-4de7-a93e-1192...","logger":"task.stdout"}
{"timestamp":"2026-01-01T00:11:07.806519Z","level":"info","event":"            │             └ ('process_flow_year_chunk-908f37be-2d3c-4de7-a93e-11923315973d', (<Task 'process_flow_year_chunk-908f37be-2d3c-4de7-a93e-1192...","logger":"task.stdout"}
{"timestamp":"2026-01-01T00:11:07.806771Z","level":"info","event":"            └ <function execute_task at 0xffff8d561c60>","logger":"task.stdout"}
{"timestamp":"2026-01-01T00:11:07.807137Z","level":"info","event":"  File \"/home/airflow/.local/lib/python3.12/site-packages/dask/local.py\", line 256, in execute_task","logger":"task.stdout"}
{"timestamp":"2026-01-01T00:11:07.807284Z","level":"info","event":"    result = task(data)","logger":"task.stdout"}
{"timestamp":"2026-01-01T00:11:07.807481Z","level":"info","event":"             │    └ {}","logger":"task.stdout"}
{"timestamp":"2026-01-01T00:11:07.807716Z","level":"info","event":"             └ <Task 'process_flow_year_chunk-908f37be-2d3c-4de7-a93e-11923315973d' process_flow_year_chunk(...)>","logger":"task.stdout"}
{"timestamp":"2026-01-01T00:11:07.808015Z","level":"info","event":"  File \"/home/airflow/.local/lib/python3.12/site-packages/dask/_task_spec.py\", line 759, in __call__","logger":"task.stdout"}
{"timestamp":"2026-01-01T00:11:07.808164Z","level":"info","event":"    return self.func(*new_argspec)","logger":"task.stdout"}
{"timestamp":"2026-01-01T00:11:07.808302Z","level":"info","event":"           │    │     └ ('IMTS', 'IMF.STA,IMTS,latest', [2013, 2014, 2015, 2016, 2017], IMFConfig(key='all', sub_key='all', base_url='https://api.imf...","logger":"task.stdout"}
{"timestamp":"2026-01-01T00:11:07.808524Z","level":"info","event":"           │    └ <member 'func' of 'Task' objects>","logger":"task.stdout"}
{"timestamp":"2026-01-01T00:11:07.808802Z","level":"info","event":"           └ <Task 'process_flow_year_chunk-908f37be-2d3c-4de7-a93e-11923315973d' process_flow_year_chunk(...)>","logger":"task.stdout"}
{"timestamp":"2026-01-01T00:11:07.809016Z","level":"info","event":"","logger":"task.stdout"}
{"timestamp":"2026-01-01T00:11:07.809170Z","level":"info","event":"> File \"/opt/airflow/dags/pipelines/imf/pipeline.py\", line 54, in process_flow_year_chunk","logger":"task.stdout"}
{"timestamp":"2026-01-01T00:11:07.809286Z","level":"info","event":"    if s3_object_exists(s3_cfg.bucket, s3_key, s3_cfg.region):","logger":"task.stdout"}
{"timestamp":"2026-01-01T00:11:07.809443Z","level":"info","event":"       │                │      │       │       │      └ 'eu-west-1'","logger":"task.stdout"}
{"timestamp":"2026-01-01T00:11:07.812400Z","level":"info","event":"       │                │      │       │       └ S3Config(bucket='personal-projectbucket', prefix='imf', region='eu-west-1')","logger":"task.stdout"}
{"timestamp":"2026-01-01T00:11:07.812672Z","level":"info","event":"       │                │      │       └ 'imf/IMTS/year=2017/IMTS_2017.csv'","logger":"task.stdout"}
{"timestamp":"2026-01-01T00:11:07.812947Z","level":"info","event":"       │                │      └ 'personal-projectbucket'","logger":"task.stdout"}
{"timestamp":"2026-01-01T00:11:07.813062Z","level":"info","event":"       │                └ S3Config(bucket='personal-projectbucket', prefix='imf', region='eu-west-1')","logger":"task.stdout"}
{"timestamp":"2026-01-01T00:11:07.813168Z","level":"info","event":"       └ <function s3_object_exists at 0xffff8cfba7a0>","logger":"task.stdout"}
{"timestamp":"2026-01-01T00:11:07.813325Z","level":"info","event":"","logger":"task.stdout"}
{"timestamp":"2026-01-01T00:11:07.813426Z","level":"info","event":"  File \"/opt/airflow/dags/pipelines/common/s3_utils.py\", line 29, in s3_object_exists","logger":"task.stdout"}
{"timestamp":"2026-01-01T00:11:07.813516Z","level":"info","event":"    s3.head_object(Bucket=bucket, Key=key)","logger":"task.stdout"}
{"timestamp":"2026-01-01T00:11:07.813648Z","level":"info","event":"    │  │                  │           └ 'imf/IMTS/year=2017/IMTS_2017.csv'","logger":"task.stdout"}
{"timestamp":"2026-01-01T00:11:07.813810Z","level":"info","event":"    │  │                  └ 'personal-projectbucket'","logger":"task.stdout"}
{"timestamp":"2026-01-01T00:11:07.813942Z","level":"info","event":"    │  └ <function ClientCreator._create_api_method.<locals>._api_call at 0xffff71310680>","logger":"task.stdout"}
{"timestamp":"2026-01-01T00:11:07.814030Z","level":"info","event":"    └ <botocore.client.S3 object at 0xffff717a79e0>","logger":"task.stdout"}
{"timestamp":"2026-01-01T00:11:07.814146Z","level":"info","event":"","logger":"task.stdout"}
{"timestamp":"2026-01-01T00:11:07.814242Z","level":"info","event":"  File \"/home/airflow/.local/lib/python3.12/site-packages/botocore/client.py\", line 602, in _api_call","logger":"task.stdout"}
{"timestamp":"2026-01-01T00:11:07.814356Z","level":"info","event":"    return self._make_api_call(operation_name, kwargs)","logger":"task.stdout"}
{"timestamp":"2026-01-01T00:11:07.814487Z","level":"info","event":"           │    │              │               └ {'Bucket': 'personal-projectbucket', 'Key': 'imf/IMTS/year=2017/IMTS_2017.csv'}","logger":"task.stdout"}
{"timestamp":"2026-01-01T00:11:07.814575Z","level":"info","event":"           │    │              └ 'HeadObject'","logger":"task.stdout"}
{"timestamp":"2026-01-01T00:11:07.814689Z","level":"info","event":"           │    └ <function BaseClient._make_api_call at 0xffff8cf3b060>","logger":"task.stdout"}
{"timestamp":"2026-01-01T00:11:07.814776Z","level":"info","event":"           └ <botocore.client.S3 object at 0xffff717a79e0>","logger":"task.stdout"}
{"timestamp":"2026-01-01T00:11:07.814861Z","level":"info","event":"  File \"/home/airflow/.local/lib/python3.12/site-packages/botocore/context.py\", line 123, in wrapper","logger":"task.stdout"}
{"timestamp":"2026-01-01T00:11:07.814963Z","level":"info","event":"    return func(*args, **kwargs)","logger":"task.stdout"}
{"timestamp":"2026-01-01T00:11:07.815071Z","level":"info","event":"           │     │       └ {}","logger":"task.stdout"}
{"timestamp":"2026-01-01T00:11:07.815221Z","level":"info","event":"           │     └ (<botocore.client.S3 object at 0xffff717a79e0>, 'HeadObject', {'Bucket': 'personal-projectbucket', 'Key': 'imf/IMTS/year=2017...","logger":"task.stdout"}
{"timestamp":"2026-01-01T00:11:07.815355Z","level":"info","event":"           └ <function BaseClient._make_api_call at 0xffff8cf3afc0>","logger":"task.stdout"}
{"timestamp":"2026-01-01T00:11:07.815443Z","level":"info","event":"  File \"/home/airflow/.local/lib/python3.12/site-packages/botocore/client.py\", line 1078, in _make_api_call","logger":"task.stdout"}
{"timestamp":"2026-01-01T00:11:07.815574Z","level":"info","event":"    raise error_class(parsed_response, operation_name)","logger":"task.stdout"}
{"timestamp":"2026-01-01T00:11:07.815664Z","level":"info","event":"          │           │                └ 'HeadObject'","logger":"task.stdout"}
{"timestamp":"2026-01-01T00:11:07.815772Z","level":"info","event":"          │           └ {'Error': {'Code': '403', 'Message': 'Forbidden'}, 'ResponseMetadata': {'RequestId': 'F7XH7PZHCCKBCV69', 'HostId': 'Gb5kfFt5A...","logger":"task.stdout"}
{"timestamp":"2026-01-01T00:11:07.815864Z","level":"info","event":"          └ <class 'botocore.exceptions.ClientError'>","logger":"task.stdout"}
{"timestamp":"2026-01-01T00:11:07.815948Z","level":"info","event":"","logger":"task.stdout"}
{"timestamp":"2026-01-01T00:11:07.816070Z","level":"info","event":"botocore.exceptions.ClientError: An error occurred (403) when calling the HeadObject operation: Forbidden","logger":"task.stdout"}
{"timestamp":"2026-01-01T00:11:08.063345Z","level":"info","event":"2026-01-01 00:11:08 | ERROR | S3 head_object failed | flow=CPI year=1953 key=imf/CPI/year=1953/CPI_1953.csv","logger":"task.stdout"}
{"timestamp":"2026-01-01T00:11:08.064438Z","level":"info","event":"Traceback (most recent call last):","logger":"task.stdout"}
{"timestamp":"2026-01-01T00:11:08.064750Z","level":"info","event":"","logger":"task.stdout"}
{"timestamp":"2026-01-01T00:11:08.064895Z","level":"info","event":"  File \"/usr/python/lib/python3.12/threading.py\", line 1032, in _bootstrap","logger":"task.stdout"}
{"timestamp":"2026-01-01T00:11:08.065030Z","level":"info","event":"    self._bootstrap_inner()","logger":"task.stdout"}
{"timestamp":"2026-01-01T00:11:08.065157Z","level":"info","event":"    │    └ <function Thread._bootstrap_inner at 0xffff99068f40>","logger":"task.stdout"}
{"timestamp":"2026-01-01T00:11:08.065268Z","level":"info","event":"    └ <Thread(ThreadPoolExecutor-1_0, started 281472806220128)>","logger":"task.stdout"}
{"timestamp":"2026-01-01T00:11:08.065368Z","level":"info","event":"  File \"/usr/python/lib/python3.12/threading.py\", line 1075, in _bootstrap_inner","logger":"task.stdout"}
{"timestamp":"2026-01-01T00:11:08.065458Z","level":"info","event":"    self.run()","logger":"task.stdout"}
{"timestamp":"2026-01-01T00:11:08.065539Z","level":"info","event":"    │    └ <function Thread.run at 0xffff99068c20>","logger":"task.stdout"}
{"timestamp":"2026-01-01T00:11:08.065654Z","level":"info","event":"    └ <Thread(ThreadPoolExecutor-1_0, started 281472806220128)>","logger":"task.stdout"}
{"timestamp":"2026-01-01T00:11:08.065776Z","level":"info","event":"  File \"/usr/python/lib/python3.12/threading.py\", line 1012, in run","logger":"task.stdout"}
{"timestamp":"2026-01-01T00:11:08.065886Z","level":"info","event":"    self._target(*self._args, **self._kwargs)","logger":"task.stdout"}
{"timestamp":"2026-01-01T00:11:08.066004Z","level":"info","event":"    │    │        │    │        │    └ {}","logger":"task.stdout"}
{"timestamp":"2026-01-01T00:11:08.066140Z","level":"info","event":"    │    │        │    │        └ <Thread(ThreadPoolExecutor-1_0, started 281472806220128)>","logger":"task.stdout"}
{"timestamp":"2026-01-01T00:11:08.066265Z","level":"info","event":"    │    │        │    └ (<weakref at 0xffff90350ef0; to 'ThreadPoolExecutor' at 0xffff86d3eb70>, <_queue.SimpleQueue object at 0xffff712e3b00>, None,...","logger":"task.stdout"}
{"timestamp":"2026-01-01T00:11:08.066383Z","level":"info","event":"    │    │        └ <Thread(ThreadPoolExecutor-1_0, started 281472806220128)>","logger":"task.stdout"}
{"timestamp":"2026-01-01T00:11:08.071515Z","level":"info","event":"    │    └ <function _worker at 0xffff937a1c60>","logger":"task.stdout"}
{"timestamp":"2026-01-01T00:11:08.072327Z","level":"info","event":"    └ <Thread(ThreadPoolExecutor-1_0, started 281472806220128)>","logger":"task.stdout"}
{"timestamp":"2026-01-01T00:11:08.073297Z","level":"info","event":"  File \"/usr/python/lib/python3.12/concurrent/futures/thread.py\", line 93, in _worker","logger":"task.stdout"}
{"timestamp":"2026-01-01T00:11:08.076437Z","level":"info","event":"    work_item.run()","logger":"task.stdout"}
{"timestamp":"2026-01-01T00:11:08.077363Z","level":"info","event":"    │         └ <function _WorkItem.run at 0xffff937a1da0>","logger":"task.stdout"}
{"timestamp":"2026-01-01T00:11:08.079392Z","level":"info","event":"    └ <concurrent.futures.thread._WorkItem object at 0xffff8d8bfbf0>","logger":"task.stdout"}
{"timestamp":"2026-01-01T00:11:08.080333Z","level":"info","event":"  File \"/usr/python/lib/python3.12/concurrent/futures/thread.py\", line 59, in run","logger":"task.stdout"}
{"timestamp":"2026-01-01T00:11:08.080514Z","level":"info","event":"    result = self.fn(*self.args, **self.kwargs)","logger":"task.stdout"}
{"timestamp":"2026-01-01T00:11:08.080617Z","level":"info","event":"             │    │   │    │       │    └ {}","logger":"task.stdout"}
{"timestamp":"2026-01-01T00:11:08.080774Z","level":"info","event":"             │    │   │    │       └ <concurrent.futures.thread._WorkItem object at 0xffff8d8bfbf0>","logger":"task.stdout"}
{"timestamp":"2026-01-01T00:11:08.080915Z","level":"info","event":"             │    │   │    └ ([('process_flow_year_chunk-8c45b77e-0a44-4e40-bdaa-b7f788c1fa96', (<Task 'process_flow_year_chunk-8c45b77e-0a44-4e40-bdaa-b7...","logger":"task.stdout"}
{"timestamp":"2026-01-01T00:11:08.081124Z","level":"info","event":"             │    │   └ <concurrent.futures.thread._WorkItem object at 0xffff8d8bfbf0>","logger":"task.stdout"}
{"timestamp":"2026-01-01T00:11:08.081277Z","level":"info","event":"             │    └ <function batch_execute_tasks at 0xffff8d561d00>","logger":"task.stdout"}
{"timestamp":"2026-01-01T00:11:08.081414Z","level":"info","event":"             └ <concurrent.futures.thread._WorkItem object at 0xffff8d8bfbf0>","logger":"task.stdout"}
{"timestamp":"2026-01-01T00:11:08.082434Z","level":"info","event":"  File \"/home/airflow/.local/lib/python3.12/site-packages/dask/local.py\", line 270, in batch_execute_tasks","logger":"task.stdout"}
{"timestamp":"2026-01-01T00:11:08.084333Z","level":"info","event":"    return [execute_task(*a) for a in it]","logger":"task.stdout"}
{"timestamp":"2026-01-01T00:11:08.084593Z","level":"info","event":"            │             │      │    └ [('process_flow_year_chunk-8c45b77e-0a44-4e40-bdaa-b7f788c1fa96', (<Task 'process_flow_year_chunk-8c45b77e-0a44-4e40-bdaa-b7f...","logger":"task.stdout"}
{"timestamp":"2026-01-01T00:11:08.084739Z","level":"info","event":"            │             │      └ ('process_flow_year_chunk-8c45b77e-0a44-4e40-bdaa-b7f788c1fa96', (<Task 'process_flow_year_chunk-8c45b77e-0a44-4e40-bdaa-b7f7...","logger":"task.stdout"}
{"timestamp":"2026-01-01T00:11:08.084882Z","level":"info","event":"            │             └ ('process_flow_year_chunk-8c45b77e-0a44-4e40-bdaa-b7f788c1fa96', (<Task 'process_flow_year_chunk-8c45b77e-0a44-4e40-bdaa-b7f7...","logger":"task.stdout"}
{"timestamp":"2026-01-01T00:11:08.084997Z","level":"info","event":"            └ <function execute_task at 0xffff8d561c60>","logger":"task.stdout"}
{"timestamp":"2026-01-01T00:11:08.085091Z","level":"info","event":"  File \"/home/airflow/.local/lib/python3.12/site-packages/dask/local.py\", line 256, in execute_task","logger":"task.stdout"}
{"timestamp":"2026-01-01T00:11:08.085217Z","level":"info","event":"    result = task(data)","logger":"task.stdout"}
{"timestamp":"2026-01-01T00:11:08.085358Z","level":"info","event":"             │    └ {}","logger":"task.stdout"}
{"timestamp":"2026-01-01T00:11:08.085452Z","level":"info","event":"             └ <Task 'process_flow_year_chunk-8c45b77e-0a44-4e40-bdaa-b7f788c1fa96' process_flow_year_chunk(...)>","logger":"task.stdout"}
{"timestamp":"2026-01-01T00:11:08.085579Z","level":"info","event":"  File \"/home/airflow/.local/lib/python3.12/site-packages/dask/_task_spec.py\", line 759, in __call__","logger":"task.stdout"}
{"timestamp":"2026-01-01T00:11:08.085705Z","level":"info","event":"    return self.func(*new_argspec)","logger":"task.stdout"}
{"timestamp":"2026-01-01T00:11:08.085798Z","level":"info","event":"           │    │     └ ('CPI', 'IMF.STA,CPI,latest', [1953, 1954, 1955, 1956, 1957], IMFConfig(key='all', sub_key='all', base_url='https://api.imf.o...","logger":"task.stdout"}
{"timestamp":"2026-01-01T00:11:08.085916Z","level":"info","event":"           │    └ <member 'func' of 'Task' objects>","logger":"task.stdout"}
{"timestamp":"2026-01-01T00:11:08.086046Z","level":"info","event":"           └ <Task 'process_flow_year_chunk-8c45b77e-0a44-4e40-bdaa-b7f788c1fa96' process_flow_year_chunk(...)>","logger":"task.stdout"}
{"timestamp":"2026-01-01T00:11:08.086143Z","level":"info","event":"","logger":"task.stdout"}
{"timestamp":"2026-01-01T00:11:08.086266Z","level":"info","event":"> File \"/opt/airflow/dags/pipelines/imf/pipeline.py\", line 54, in process_flow_year_chunk","logger":"task.stdout"}
{"timestamp":"2026-01-01T00:11:08.086355Z","level":"info","event":"    if s3_object_exists(s3_cfg.bucket, s3_key, s3_cfg.region):","logger":"task.stdout"}
{"timestamp":"2026-01-01T00:11:08.086483Z","level":"info","event":"       │                │      │       │       │      └ 'eu-west-1'","logger":"task.stdout"}
{"timestamp":"2026-01-01T00:11:08.086602Z","level":"info","event":"       │                │      │       │       └ S3Config(bucket='personal-projectbucket', prefix='imf', region='eu-west-1')","logger":"task.stdout"}
{"timestamp":"2026-01-01T00:11:08.087349Z","level":"info","event":"       │                │      │       └ 'imf/CPI/year=1953/CPI_1953.csv'","logger":"task.stdout"}
{"timestamp":"2026-01-01T00:11:08.088456Z","level":"info","event":"       │                │      └ 'personal-projectbucket'","logger":"task.stdout"}
{"timestamp":"2026-01-01T00:11:08.089304Z","level":"info","event":"       │                └ S3Config(bucket='personal-projectbucket', prefix='imf', region='eu-west-1')","logger":"task.stdout"}
{"timestamp":"2026-01-01T00:11:08.089465Z","level":"info","event":"       └ <function s3_object_exists at 0xffff8cfba7a0>","logger":"task.stdout"}
{"timestamp":"2026-01-01T00:11:08.089556Z","level":"info","event":"","logger":"task.stdout"}
{"timestamp":"2026-01-01T00:11:08.089661Z","level":"info","event":"  File \"/opt/airflow/dags/pipelines/common/s3_utils.py\", line 29, in s3_object_exists","logger":"task.stdout"}
{"timestamp":"2026-01-01T00:11:08.089744Z","level":"info","event":"    s3.head_object(Bucket=bucket, Key=key)","logger":"task.stdout"}
{"timestamp":"2026-01-01T00:11:08.089854Z","level":"info","event":"    │  │                  │           └ 'imf/CPI/year=1953/CPI_1953.csv'","logger":"task.stdout"}
{"timestamp":"2026-01-01T00:11:08.089950Z","level":"info","event":"    │  │                  └ 'personal-projectbucket'","logger":"task.stdout"}
{"timestamp":"2026-01-01T00:11:08.090067Z","level":"info","event":"    │  └ <function ClientCreator._create_api_method.<locals>._api_call at 0xffff71310680>","logger":"task.stdout"}
{"timestamp":"2026-01-01T00:11:08.090158Z","level":"info","event":"    └ <botocore.client.S3 object at 0xffff717a79e0>","logger":"task.stdout"}
{"timestamp":"2026-01-01T00:11:08.090285Z","level":"info","event":"","logger":"task.stdout"}
{"timestamp":"2026-01-01T00:11:08.091396Z","level":"info","event":"  File \"/home/airflow/.local/lib/python3.12/site-packages/botocore/client.py\", line 602, in _api_call","logger":"task.stdout"}
{"timestamp":"2026-01-01T00:11:08.092369Z","level":"info","event":"    return self._make_api_call(operation_name, kwargs)","logger":"task.stdout"}
{"timestamp":"2026-01-01T00:11:08.093327Z","level":"info","event":"           │    │              │               └ {'Bucket': 'personal-projectbucket', 'Key': 'imf/CPI/year=1953/CPI_1953.csv'}","logger":"task.stdout"}
{"timestamp":"2026-01-01T00:11:08.093519Z","level":"info","event":"           │    │              └ 'HeadObject'","logger":"task.stdout"}
{"timestamp":"2026-01-01T00:11:08.093634Z","level":"info","event":"           │    └ <function BaseClient._make_api_call at 0xffff8cf3b060>","logger":"task.stdout"}
{"timestamp":"2026-01-01T00:11:08.093739Z","level":"info","event":"           └ <botocore.client.S3 object at 0xffff717a79e0>","logger":"task.stdout"}
{"timestamp":"2026-01-01T00:11:08.093824Z","level":"info","event":"  File \"/home/airflow/.local/lib/python3.12/site-packages/botocore/context.py\", line 123, in wrapper","logger":"task.stdout"}
{"timestamp":"2026-01-01T00:11:08.093914Z","level":"info","event":"    return func(*args, **kwargs)","logger":"task.stdout"}
{"timestamp":"2026-01-01T00:11:08.094004Z","level":"info","event":"           │     │       └ {}","logger":"task.stdout"}
{"timestamp":"2026-01-01T00:11:08.094094Z","level":"info","event":"           │     └ (<botocore.client.S3 object at 0xffff717a79e0>, 'HeadObject', {'Bucket': 'personal-projectbucket', 'Key': 'imf/CPI/year=1953/...","logger":"task.stdout"}
{"timestamp":"2026-01-01T00:11:08.094180Z","level":"info","event":"           └ <function BaseClient._make_api_call at 0xffff8cf3afc0>","logger":"task.stdout"}
{"timestamp":"2026-01-01T00:11:08.094283Z","level":"info","event":"  File \"/home/airflow/.local/lib/python3.12/site-packages/botocore/client.py\", line 1078, in _make_api_call","logger":"task.stdout"}
{"timestamp":"2026-01-01T00:11:08.094432Z","level":"info","event":"    raise error_class(parsed_response, operation_name)","logger":"task.stdout"}
{"timestamp":"2026-01-01T00:11:08.096367Z","level":"info","event":"          │           │                └ 'HeadObject'","logger":"task.stdout"}
{"timestamp":"2026-01-01T00:11:08.097289Z","level":"info","event":"          │           └ {'Error': {'Code': '403', 'Message': 'Forbidden'}, 'ResponseMetadata': {'RequestId': 'F7XJ9N048E08W8SJ', 'HostId': 'mlp0EUEPx...","logger":"task.stdout"}
{"timestamp":"2026-01-01T00:11:08.097393Z","level":"info","event":"          └ <class 'botocore.exceptions.ClientError'>","logger":"task.stdout"}
{"timestamp":"2026-01-01T00:11:08.097484Z","level":"info","event":"","logger":"task.stdout"}
{"timestamp":"2026-01-01T00:11:08.097570Z","level":"info","event":"botocore.exceptions.ClientError: An error occurred (403) when calling the HeadObject operation: Forbidden","logger":"task.stdout"}
{"timestamp":"2026-01-01T00:11:08.280046Z","level":"info","event":"2026-01-01 00:11:08 | ERROR | S3 head_object failed | flow=CPI year=1954 key=imf/CPI/year=1954/CPI_1954.csv","logger":"task.stdout"}
{"timestamp":"2026-01-01T00:11:08.280379Z","level":"info","event":"Traceback (most recent call last):","logger":"task.stdout"}
{"timestamp":"2026-01-01T00:11:08.280598Z","level":"info","event":"","logger":"task.stdout"}
{"timestamp":"2026-01-01T00:11:08.280746Z","level":"info","event":"  File \"/usr/python/lib/python3.12/threading.py\", line 1032, in _bootstrap","logger":"task.stdout"}
{"timestamp":"2026-01-01T00:11:08.280904Z","level":"info","event":"    self._bootstrap_inner()","logger":"task.stdout"}
{"timestamp":"2026-01-01T00:11:08.281028Z","level":"info","event":"    │    └ <function Thread._bootstrap_inner at 0xffff99068f40>","logger":"task.stdout"}
{"timestamp":"2026-01-01T00:11:08.281149Z","level":"info","event":"    └ <Thread(ThreadPoolExecutor-1_0, started 281472806220128)>","logger":"task.stdout"}
{"timestamp":"2026-01-01T00:11:08.281272Z","level":"info","event":"  File \"/usr/python/lib/python3.12/threading.py\", line 1075, in _bootstrap_inner","logger":"task.stdout"}
{"timestamp":"2026-01-01T00:11:08.281387Z","level":"info","event":"    self.run()","logger":"task.stdout"}
{"timestamp":"2026-01-01T00:11:08.281500Z","level":"info","event":"    │    └ <function Thread.run at 0xffff99068c20>","logger":"task.stdout"}
{"timestamp":"2026-01-01T00:11:08.281648Z","level":"info","event":"    └ <Thread(ThreadPoolExecutor-1_0, started 281472806220128)>","logger":"task.stdout"}
{"timestamp":"2026-01-01T00:11:08.281805Z","level":"info","event":"  File \"/usr/python/lib/python3.12/threading.py\", line 1012, in run","logger":"task.stdout"}
{"timestamp":"2026-01-01T00:11:08.281935Z","level":"info","event":"    self._target(*self._args, **self._kwargs)","logger":"task.stdout"}
{"timestamp":"2026-01-01T00:11:08.282070Z","level":"info","event":"    │    │        │    │        │    └ {}","logger":"task.stdout"}
{"timestamp":"2026-01-01T00:11:08.282224Z","level":"info","event":"    │    │        │    │        └ <Thread(ThreadPoolExecutor-1_0, started 281472806220128)>","logger":"task.stdout"}
{"timestamp":"2026-01-01T00:11:08.282541Z","level":"info","event":"    │    │        │    └ (<weakref at 0xffff90350ef0; to 'ThreadPoolExecutor' at 0xffff86d3eb70>, <_queue.SimpleQueue object at 0xffff712e3b00>, None,...","logger":"task.stdout"}
{"timestamp":"2026-01-01T00:11:08.282856Z","level":"info","event":"    │    │        └ <Thread(ThreadPoolExecutor-1_0, started 281472806220128)>","logger":"task.stdout"}
{"timestamp":"2026-01-01T00:11:08.283215Z","level":"info","event":"    │    └ <function _worker at 0xffff937a1c60>","logger":"task.stdout"}
{"timestamp":"2026-01-01T00:11:08.283847Z","level":"info","event":"    └ <Thread(ThreadPoolExecutor-1_0, started 281472806220128)>","logger":"task.stdout"}
{"timestamp":"2026-01-01T00:11:08.284308Z","level":"info","event":"  File \"/usr/python/lib/python3.12/concurrent/futures/thread.py\", line 93, in _worker","logger":"task.stdout"}
{"timestamp":"2026-01-01T00:11:08.284930Z","level":"info","event":"    work_item.run()","logger":"task.stdout"}
{"timestamp":"2026-01-01T00:11:08.285190Z","level":"info","event":"    │         └ <function _WorkItem.run at 0xffff937a1da0>","logger":"task.stdout"}
{"timestamp":"2026-01-01T00:11:08.285359Z","level":"info","event":"    └ <concurrent.futures.thread._WorkItem object at 0xffff8d8bfbf0>","logger":"task.stdout"}
{"timestamp":"2026-01-01T00:11:08.285500Z","level":"info","event":"  File \"/usr/python/lib/python3.12/concurrent/futures/thread.py\", line 59, in run","logger":"task.stdout"}
{"timestamp":"2026-01-01T00:11:08.285778Z","level":"info","event":"    result = self.fn(*self.args, **self.kwargs)","logger":"task.stdout"}
{"timestamp":"2026-01-01T00:11:08.286135Z","level":"info","event":"             │    │   │    │       │    └ {}","logger":"task.stdout"}
{"timestamp":"2026-01-01T00:11:08.286264Z","level":"info","event":"             │    │   │    │       └ <concurrent.futures.thread._WorkItem object at 0xffff8d8bfbf0>","logger":"task.stdout"}
{"timestamp":"2026-01-01T00:11:08.286364Z","level":"info","event":"             │    │   │    └ ([('process_flow_year_chunk-8c45b77e-0a44-4e40-bdaa-b7f788c1fa96', (<Task 'process_flow_year_chunk-8c45b77e-0a44-4e40-bdaa-b7...","logger":"task.stdout"}
{"timestamp":"2026-01-01T00:11:08.286556Z","level":"info","event":"             │    │   └ <concurrent.futures.thread._WorkItem object at 0xffff8d8bfbf0>","logger":"task.stdout"}
{"timestamp":"2026-01-01T00:11:08.286745Z","level":"info","event":"             │    └ <function batch_execute_tasks at 0xffff8d561d00>","logger":"task.stdout"}
{"timestamp":"2026-01-01T00:11:08.287065Z","level":"info","event":"             └ <concurrent.futures.thread._WorkItem object at 0xffff8d8bfbf0>","logger":"task.stdout"}
{"timestamp":"2026-01-01T00:11:08.287235Z","level":"info","event":"  File \"/home/airflow/.local/lib/python3.12/site-packages/dask/local.py\", line 270, in batch_execute_tasks","logger":"task.stdout"}
{"timestamp":"2026-01-01T00:11:08.287411Z","level":"info","event":"    return [execute_task(*a) for a in it]","logger":"task.stdout"}
{"timestamp":"2026-01-01T00:11:08.287526Z","level":"info","event":"            │             │      │    └ [('process_flow_year_chunk-8c45b77e-0a44-4e40-bdaa-b7f788c1fa96', (<Task 'process_flow_year_chunk-8c45b77e-0a44-4e40-bdaa-b7f...","logger":"task.stdout"}
{"timestamp":"2026-01-01T00:11:08.287650Z","level":"info","event":"            │             │      └ ('process_flow_year_chunk-8c45b77e-0a44-4e40-bdaa-b7f788c1fa96', (<Task 'process_flow_year_chunk-8c45b77e-0a44-4e40-bdaa-b7f7...","logger":"task.stdout"}
{"timestamp":"2026-01-01T00:11:08.289032Z","level":"info","event":"            │             └ ('process_flow_year_chunk-8c45b77e-0a44-4e40-bdaa-b7f788c1fa96', (<Task 'process_flow_year_chunk-8c45b77e-0a44-4e40-bdaa-b7f7...","logger":"task.stdout"}
{"timestamp":"2026-01-01T00:11:08.289225Z","level":"info","event":"            └ <function execute_task at 0xffff8d561c60>","logger":"task.stdout"}
{"timestamp":"2026-01-01T00:11:08.289405Z","level":"info","event":"  File \"/home/airflow/.local/lib/python3.12/site-packages/dask/local.py\", line 256, in execute_task","logger":"task.stdout"}
{"timestamp":"2026-01-01T00:11:08.289530Z","level":"info","event":"    result = task(data)","logger":"task.stdout"}
{"timestamp":"2026-01-01T00:11:08.289653Z","level":"info","event":"             │    └ {}","logger":"task.stdout"}
{"timestamp":"2026-01-01T00:11:08.289768Z","level":"info","event":"             └ <Task 'process_flow_year_chunk-8c45b77e-0a44-4e40-bdaa-b7f788c1fa96' process_flow_year_chunk(...)>","logger":"task.stdout"}
{"timestamp":"2026-01-01T00:11:08.289885Z","level":"info","event":"  File \"/home/airflow/.local/lib/python3.12/site-packages/dask/_task_spec.py\", line 759, in __call__","logger":"task.stdout"}
{"timestamp":"2026-01-01T00:11:08.289997Z","level":"info","event":"    return self.func(*new_argspec)","logger":"task.stdout"}
{"timestamp":"2026-01-01T00:11:08.290194Z","level":"info","event":"           │    │     └ ('CPI', 'IMF.STA,CPI,latest', [1953, 1954, 1955, 1956, 1957], IMFConfig(key='all', sub_key='all', base_url='https://api.imf.o...","logger":"task.stdout"}
{"timestamp":"2026-01-01T00:11:08.290320Z","level":"info","event":"           │    └ <member 'func' of 'Task' objects>","logger":"task.stdout"}
{"timestamp":"2026-01-01T00:11:08.290453Z","level":"info","event":"           └ <Task 'process_flow_year_chunk-8c45b77e-0a44-4e40-bdaa-b7f788c1fa96' process_flow_year_chunk(...)>","logger":"task.stdout"}
{"timestamp":"2026-01-01T00:11:08.290584Z","level":"info","event":"","logger":"task.stdout"}
{"timestamp":"2026-01-01T00:11:08.290714Z","level":"info","event":"> File \"/opt/airflow/dags/pipelines/imf/pipeline.py\", line 54, in process_flow_year_chunk","logger":"task.stdout"}
{"timestamp":"2026-01-01T00:11:08.290835Z","level":"info","event":"    if s3_object_exists(s3_cfg.bucket, s3_key, s3_cfg.region):","logger":"task.stdout"}
{"timestamp":"2026-01-01T00:11:08.290950Z","level":"info","event":"       │                │      │       │       │      └ 'eu-west-1'","logger":"task.stdout"}
{"timestamp":"2026-01-01T00:11:08.295390Z","level":"info","event":"       │                │      │       │       └ S3Config(bucket='personal-projectbucket', prefix='imf', region='eu-west-1')","logger":"task.stdout"}
{"timestamp":"2026-01-01T00:11:08.298292Z","level":"info","event":"       │                │      │       └ 'imf/CPI/year=1954/CPI_1954.csv'","logger":"task.stdout"}
{"timestamp":"2026-01-01T00:11:08.298524Z","level":"info","event":"       │                │      └ 'personal-projectbucket'","logger":"task.stdout"}
{"timestamp":"2026-01-01T00:11:08.298626Z","level":"info","event":"       │                └ S3Config(bucket='personal-projectbucket', prefix='imf', region='eu-west-1')","logger":"task.stdout"}
{"timestamp":"2026-01-01T00:11:08.298714Z","level":"info","event":"       └ <function s3_object_exists at 0xffff8cfba7a0>","logger":"task.stdout"}
{"timestamp":"2026-01-01T00:11:08.298882Z","level":"info","event":"","logger":"task.stdout"}
{"timestamp":"2026-01-01T00:11:08.299045Z","level":"info","event":"  File \"/opt/airflow/dags/pipelines/common/s3_utils.py\", line 29, in s3_object_exists","logger":"task.stdout"}
{"timestamp":"2026-01-01T00:11:08.299136Z","level":"info","event":"    s3.head_object(Bucket=bucket, Key=key)","logger":"task.stdout"}
{"timestamp":"2026-01-01T00:11:08.299238Z","level":"info","event":"    │  │                  │           └ 'imf/CPI/year=1954/CPI_1954.csv'","logger":"task.stdout"}
{"timestamp":"2026-01-01T00:11:08.299370Z","level":"info","event":"    │  │                  └ 'personal-projectbucket'","logger":"task.stdout"}
{"timestamp":"2026-01-01T00:11:08.299457Z","level":"info","event":"    │  └ <function ClientCreator._create_api_method.<locals>._api_call at 0xffff71310680>","logger":"task.stdout"}
{"timestamp":"2026-01-01T00:11:08.299545Z","level":"info","event":"    └ <botocore.client.S3 object at 0xffff717a79e0>","logger":"task.stdout"}
{"timestamp":"2026-01-01T00:11:08.299628Z","level":"info","event":"","logger":"task.stdout"}
{"timestamp":"2026-01-01T00:11:08.299710Z","level":"info","event":"  File \"/home/airflow/.local/lib/python3.12/site-packages/botocore/client.py\", line 602, in _api_call","logger":"task.stdout"}
{"timestamp":"2026-01-01T00:11:08.299791Z","level":"info","event":"    return self._make_api_call(operation_name, kwargs)","logger":"task.stdout"}
{"timestamp":"2026-01-01T00:11:08.299873Z","level":"info","event":"           │    │              │               └ {'Bucket': 'personal-projectbucket', 'Key': 'imf/CPI/year=1954/CPI_1954.csv'}","logger":"task.stdout"}
{"timestamp":"2026-01-01T00:11:08.299954Z","level":"info","event":"           │    │              └ 'HeadObject'","logger":"task.stdout"}
{"timestamp":"2026-01-01T00:11:08.300105Z","level":"info","event":"           │    └ <function BaseClient._make_api_call at 0xffff8cf3b060>","logger":"task.stdout"}
{"timestamp":"2026-01-01T00:11:08.300198Z","level":"info","event":"           └ <botocore.client.S3 object at 0xffff717a79e0>","logger":"task.stdout"}
{"timestamp":"2026-01-01T00:11:08.300280Z","level":"info","event":"  File \"/home/airflow/.local/lib/python3.12/site-packages/botocore/context.py\", line 123, in wrapper","logger":"task.stdout"}
{"timestamp":"2026-01-01T00:11:08.300361Z","level":"info","event":"    return func(*args, **kwargs)","logger":"task.stdout"}
{"timestamp":"2026-01-01T00:11:08.300440Z","level":"info","event":"           │     │       └ {}","logger":"task.stdout"}
{"timestamp":"2026-01-01T00:11:08.300521Z","level":"info","event":"           │     └ (<botocore.client.S3 object at 0xffff717a79e0>, 'HeadObject', {'Bucket': 'personal-projectbucket', 'Key': 'imf/CPI/year=1954/...","logger":"task.stdout"}
{"timestamp":"2026-01-01T00:11:08.300602Z","level":"info","event":"           └ <function BaseClient._make_api_call at 0xffff8cf3afc0>","logger":"task.stdout"}
{"timestamp":"2026-01-01T00:11:08.300685Z","level":"info","event":"  File \"/home/airflow/.local/lib/python3.12/site-packages/botocore/client.py\", line 1078, in _make_api_call","logger":"task.stdout"}
{"timestamp":"2026-01-01T00:11:08.300765Z","level":"info","event":"    raise error_class(parsed_response, operation_name)","logger":"task.stdout"}
{"timestamp":"2026-01-01T00:11:08.300844Z","level":"info","event":"          │           │                └ 'HeadObject'","logger":"task.stdout"}
{"timestamp":"2026-01-01T00:11:08.300923Z","level":"info","event":"          │           └ {'Error': {'Code': '403', 'Message': 'Forbidden'}, 'ResponseMetadata': {'RequestId': 'F7XQRQYZJ5QCXWSS', 'HostId': 'peEMuZWeC...","logger":"task.stdout"}
{"timestamp":"2026-01-01T00:11:08.301829Z","level":"info","event":"          └ <class 'botocore.exceptions.ClientError'>","logger":"task.stdout"}
{"timestamp":"2026-01-01T00:11:08.301946Z","level":"info","event":"","logger":"task.stdout"}
{"timestamp":"2026-01-01T00:11:08.303365Z","level":"info","event":"botocore.exceptions.ClientError: An error occurred (403) when calling the HeadObject operation: Forbidden","logger":"task.stdout"}
{"timestamp":"2026-01-01T00:11:08.800471Z","level":"info","event":"2026-01-01 00:11:08 | ERROR | S3 head_object failed | flow=CPI year=1955 key=imf/CPI/year=1955/CPI_1955.csv","logger":"task.stdout"}
{"timestamp":"2026-01-01T00:11:08.800938Z","level":"info","event":"Traceback (most recent call last):","logger":"task.stdout"}
{"timestamp":"2026-01-01T00:11:08.801083Z","level":"info","event":"","logger":"task.stdout"}
{"timestamp":"2026-01-01T00:11:08.801214Z","level":"info","event":"  File \"/usr/python/lib/python3.12/threading.py\", line 1032, in _bootstrap","logger":"task.stdout"}
{"timestamp":"2026-01-01T00:11:08.801368Z","level":"info","event":"    self._bootstrap_inner()","logger":"task.stdout"}
{"timestamp":"2026-01-01T00:11:08.801492Z","level":"info","event":"    │    └ <function Thread._bootstrap_inner at 0xffff99068f40>","logger":"task.stdout"}
{"timestamp":"2026-01-01T00:11:08.801611Z","level":"info","event":"    └ <Thread(ThreadPoolExecutor-1_0, started 281472806220128)>","logger":"task.stdout"}
{"timestamp":"2026-01-01T00:11:08.801720Z","level":"info","event":"  File \"/usr/python/lib/python3.12/threading.py\", line 1075, in _bootstrap_inner","logger":"task.stdout"}
{"timestamp":"2026-01-01T00:11:08.801831Z","level":"info","event":"    self.run()","logger":"task.stdout"}
{"timestamp":"2026-01-01T00:11:08.801937Z","level":"info","event":"    │    └ <function Thread.run at 0xffff99068c20>","logger":"task.stdout"}
{"timestamp":"2026-01-01T00:11:08.802031Z","level":"info","event":"    └ <Thread(ThreadPoolExecutor-1_0, started 281472806220128)>","logger":"task.stdout"}
{"timestamp":"2026-01-01T00:11:08.802146Z","level":"info","event":"  File \"/usr/python/lib/python3.12/threading.py\", line 1012, in run","logger":"task.stdout"}
{"timestamp":"2026-01-01T00:11:08.802363Z","level":"info","event":"    self._target(*self._args, **self._kwargs)","logger":"task.stdout"}
{"timestamp":"2026-01-01T00:11:08.802469Z","level":"info","event":"    │    │        │    │        │    └ {}","logger":"task.stdout"}
{"timestamp":"2026-01-01T00:11:08.802565Z","level":"info","event":"    │    │        │    │        └ <Thread(ThreadPoolExecutor-1_0, started 281472806220128)>","logger":"task.stdout"}
{"timestamp":"2026-01-01T00:11:08.802674Z","level":"info","event":"    │    │        │    └ (<weakref at 0xffff90350ef0; to 'ThreadPoolExecutor' at 0xffff86d3eb70>, <_queue.SimpleQueue object at 0xffff712e3b00>, None,...","logger":"task.stdout"}
{"timestamp":"2026-01-01T00:11:08.802782Z","level":"info","event":"    │    │        └ <Thread(ThreadPoolExecutor-1_0, started 281472806220128)>","logger":"task.stdout"}
{"timestamp":"2026-01-01T00:11:08.803288Z","level":"info","event":"    │    └ <function _worker at 0xffff937a1c60>","logger":"task.stdout"}
{"timestamp":"2026-01-01T00:11:08.803435Z","level":"info","event":"    └ <Thread(ThreadPoolExecutor-1_0, started 281472806220128)>","logger":"task.stdout"}
{"timestamp":"2026-01-01T00:11:08.803571Z","level":"info","event":"  File \"/usr/python/lib/python3.12/concurrent/futures/thread.py\", line 93, in _worker","logger":"task.stdout"}
{"timestamp":"2026-01-01T00:11:08.805381Z","level":"info","event":"    work_item.run()","logger":"task.stdout"}
{"timestamp":"2026-01-01T00:11:08.805706Z","level":"info","event":"    │         └ <function _WorkItem.run at 0xffff937a1da0>","logger":"task.stdout"}
{"timestamp":"2026-01-01T00:11:08.805871Z","level":"info","event":"    └ <concurrent.futures.thread._WorkItem object at 0xffff8d8bfbf0>","logger":"task.stdout"}
{"timestamp":"2026-01-01T00:11:08.805975Z","level":"info","event":"  File \"/usr/python/lib/python3.12/concurrent/futures/thread.py\", line 59, in run","logger":"task.stdout"}
{"timestamp":"2026-01-01T00:11:08.806068Z","level":"info","event":"    result = self.fn(*self.args, **self.kwargs)","logger":"task.stdout"}
{"timestamp":"2026-01-01T00:11:08.806161Z","level":"info","event":"             │    │   │    │       │    └ {}","logger":"task.stdout"}
{"timestamp":"2026-01-01T00:11:08.806290Z","level":"info","event":"             │    │   │    │       └ <concurrent.futures.thread._WorkItem object at 0xffff8d8bfbf0>","logger":"task.stdout"}
{"timestamp":"2026-01-01T00:11:08.806413Z","level":"info","event":"             │    │   │    └ ([('process_flow_year_chunk-8c45b77e-0a44-4e40-bdaa-b7f788c1fa96', (<Task 'process_flow_year_chunk-8c45b77e-0a44-4e40-bdaa-b7...","logger":"task.stdout"}
{"timestamp":"2026-01-01T00:11:08.806523Z","level":"info","event":"             │    │   └ <concurrent.futures.thread._WorkItem object at 0xffff8d8bfbf0>","logger":"task.stdout"}
{"timestamp":"2026-01-01T00:11:08.806638Z","level":"info","event":"             │    └ <function batch_execute_tasks at 0xffff8d561d00>","logger":"task.stdout"}
{"timestamp":"2026-01-01T00:11:08.806759Z","level":"info","event":"             └ <concurrent.futures.thread._WorkItem object at 0xffff8d8bfbf0>","logger":"task.stdout"}
{"timestamp":"2026-01-01T00:11:08.806874Z","level":"info","event":"  File \"/home/airflow/.local/lib/python3.12/site-packages/dask/local.py\", line 270, in batch_execute_tasks","logger":"task.stdout"}
{"timestamp":"2026-01-01T00:11:08.808291Z","level":"info","event":"    return [execute_task(*a) for a in it]","logger":"task.stdout"}
{"timestamp":"2026-01-01T00:11:08.808476Z","level":"info","event":"            │             │      │    └ [('process_flow_year_chunk-8c45b77e-0a44-4e40-bdaa-b7f788c1fa96', (<Task 'process_flow_year_chunk-8c45b77e-0a44-4e40-bdaa-b7f...","logger":"task.stdout"}
{"timestamp":"2026-01-01T00:11:08.808588Z","level":"info","event":"            │             │      └ ('process_flow_year_chunk-8c45b77e-0a44-4e40-bdaa-b7f788c1fa96', (<Task 'process_flow_year_chunk-8c45b77e-0a44-4e40-bdaa-b7f7...","logger":"task.stdout"}
{"timestamp":"2026-01-01T00:11:08.808755Z","level":"info","event":"            │             └ ('process_flow_year_chunk-8c45b77e-0a44-4e40-bdaa-b7f788c1fa96', (<Task 'process_flow_year_chunk-8c45b77e-0a44-4e40-bdaa-b7f7...","logger":"task.stdout"}
{"timestamp":"2026-01-01T00:11:08.808855Z","level":"info","event":"            └ <function execute_task at 0xffff8d561c60>","logger":"task.stdout"}
{"timestamp":"2026-01-01T00:11:08.809421Z","level":"info","event":"  File \"/home/airflow/.local/lib/python3.12/site-packages/dask/local.py\", line 256, in execute_task","logger":"task.stdout"}
{"timestamp":"2026-01-01T00:11:08.810905Z","level":"info","event":"    result = task(data)","logger":"task.stdout"}
{"timestamp":"2026-01-01T00:11:08.813524Z","level":"info","event":"             │    └ {}","logger":"task.stdout"}
{"timestamp":"2026-01-01T00:11:08.813994Z","level":"info","event":"             └ <Task 'process_flow_year_chunk-8c45b77e-0a44-4e40-bdaa-b7f788c1fa96' process_flow_year_chunk(...)>","logger":"task.stdout"}
{"timestamp":"2026-01-01T00:11:08.814326Z","level":"info","event":"  File \"/home/airflow/.local/lib/python3.12/site-packages/dask/_task_spec.py\", line 759, in __call__","logger":"task.stdout"}
{"timestamp":"2026-01-01T00:11:08.815493Z","level":"info","event":"    return self.func(*new_argspec)","logger":"task.stdout"}
{"timestamp":"2026-01-01T00:11:08.815827Z","level":"info","event":"           │    │     └ ('CPI', 'IMF.STA,CPI,latest', [1953, 1954, 1955, 1956, 1957], IMFConfig(key='all', sub_key='all', base_url='https://api.imf.o...","logger":"task.stdout"}
{"timestamp":"2026-01-01T00:11:08.816041Z","level":"info","event":"           │    └ <member 'func' of 'Task' objects>","logger":"task.stdout"}
{"timestamp":"2026-01-01T00:11:08.816176Z","level":"info","event":"           └ <Task 'process_flow_year_chunk-8c45b77e-0a44-4e40-bdaa-b7f788c1fa96' process_flow_year_chunk(...)>","logger":"task.stdout"}
{"timestamp":"2026-01-01T00:11:08.816294Z","level":"info","event":"","logger":"task.stdout"}
{"timestamp":"2026-01-01T00:11:08.816391Z","level":"info","event":"> File \"/opt/airflow/dags/pipelines/imf/pipeline.py\", line 54, in process_flow_year_chunk","logger":"task.stdout"}
{"timestamp":"2026-01-01T00:11:08.817378Z","level":"info","event":"    if s3_object_exists(s3_cfg.bucket, s3_key, s3_cfg.region):","logger":"task.stdout"}
{"timestamp":"2026-01-01T00:11:08.817568Z","level":"info","event":"       │                │      │       │       │      └ 'eu-west-1'","logger":"task.stdout"}
{"timestamp":"2026-01-01T00:11:08.817682Z","level":"info","event":"       │                │      │       │       └ S3Config(bucket='personal-projectbucket', prefix='imf', region='eu-west-1')","logger":"task.stdout"}
{"timestamp":"2026-01-01T00:11:08.817779Z","level":"info","event":"       │                │      │       └ 'imf/CPI/year=1955/CPI_1955.csv'","logger":"task.stdout"}
{"timestamp":"2026-01-01T00:11:08.818020Z","level":"info","event":"       │                │      └ 'personal-projectbucket'","logger":"task.stdout"}
{"timestamp":"2026-01-01T00:11:08.820365Z","level":"info","event":"       │                └ S3Config(bucket='personal-projectbucket', prefix='imf', region='eu-west-1')","logger":"task.stdout"}
{"timestamp":"2026-01-01T00:11:08.820631Z","level":"info","event":"       └ <function s3_object_exists at 0xffff8cfba7a0>","logger":"task.stdout"}
{"timestamp":"2026-01-01T00:11:08.820781Z","level":"info","event":"","logger":"task.stdout"}
{"timestamp":"2026-01-01T00:11:08.820886Z","level":"info","event":"  File \"/opt/airflow/dags/pipelines/common/s3_utils.py\", line 29, in s3_object_exists","logger":"task.stdout"}
{"timestamp":"2026-01-01T00:11:08.820987Z","level":"info","event":"    s3.head_object(Bucket=bucket, Key=key)","logger":"task.stdout"}
{"timestamp":"2026-01-01T00:11:08.821084Z","level":"info","event":"    │  │                  │           └ 'imf/CPI/year=1955/CPI_1955.csv'","logger":"task.stdout"}
{"timestamp":"2026-01-01T00:11:08.821242Z","level":"info","event":"    │  │                  └ 'personal-projectbucket'","logger":"task.stdout"}
{"timestamp":"2026-01-01T00:11:08.821346Z","level":"info","event":"    │  └ <function ClientCreator._create_api_method.<locals>._api_call at 0xffff71310680>","logger":"task.stdout"}
{"timestamp":"2026-01-01T00:11:08.821440Z","level":"info","event":"    └ <botocore.client.S3 object at 0xffff717a79e0>","logger":"task.stdout"}
{"timestamp":"2026-01-01T00:11:08.821541Z","level":"info","event":"","logger":"task.stdout"}
{"timestamp":"2026-01-01T00:11:08.821639Z","level":"info","event":"  File \"/home/airflow/.local/lib/python3.12/site-packages/botocore/client.py\", line 602, in _api_call","logger":"task.stdout"}
{"timestamp":"2026-01-01T00:11:08.821736Z","level":"info","event":"    return self._make_api_call(operation_name, kwargs)","logger":"task.stdout"}
{"timestamp":"2026-01-01T00:11:08.821859Z","level":"info","event":"           │    │              │               └ {'Bucket': 'personal-projectbucket', 'Key': 'imf/CPI/year=1955/CPI_1955.csv'}","logger":"task.stdout"}
{"timestamp":"2026-01-01T00:11:08.821958Z","level":"info","event":"           │    │              └ 'HeadObject'","logger":"task.stdout"}
{"timestamp":"2026-01-01T00:11:08.822277Z","level":"info","event":"           │    └ <function BaseClient._make_api_call at 0xffff8cf3b060>","logger":"task.stdout"}
{"timestamp":"2026-01-01T00:11:08.822377Z","level":"info","event":"           └ <botocore.client.S3 object at 0xffff717a79e0>","logger":"task.stdout"}
{"timestamp":"2026-01-01T00:11:08.825410Z","level":"info","event":"  File \"/home/airflow/.local/lib/python3.12/site-packages/botocore/context.py\", line 123, in wrapper","logger":"task.stdout"}
{"timestamp":"2026-01-01T00:11:08.825667Z","level":"info","event":"    return func(*args, **kwargs)","logger":"task.stdout"}
{"timestamp":"2026-01-01T00:11:08.825891Z","level":"info","event":"           │     │       └ {}","logger":"task.stdout"}
{"timestamp":"2026-01-01T00:11:08.826042Z","level":"info","event":"           │     └ (<botocore.client.S3 object at 0xffff717a79e0>, 'HeadObject', {'Bucket': 'personal-projectbucket', 'Key': 'imf/CPI/year=1955/...","logger":"task.stdout"}
{"timestamp":"2026-01-01T00:11:08.826145Z","level":"info","event":"           └ <function BaseClient._make_api_call at 0xffff8cf3afc0>","logger":"task.stdout"}
{"timestamp":"2026-01-01T00:11:08.826279Z","level":"info","event":"  File \"/home/airflow/.local/lib/python3.12/site-packages/botocore/client.py\", line 1078, in _make_api_call","logger":"task.stdout"}
{"timestamp":"2026-01-01T00:11:08.826391Z","level":"info","event":"    raise error_class(parsed_response, operation_name)","logger":"task.stdout"}
{"timestamp":"2026-01-01T00:11:08.826493Z","level":"info","event":"          │           │                └ 'HeadObject'","logger":"task.stdout"}
{"timestamp":"2026-01-01T00:11:08.826584Z","level":"info","event":"          │           └ {'Error': {'Code': '403', 'Message': 'Forbidden'}, 'ResponseMetadata': {'RequestId': 'M14R8SG9YYBJMDR7', 'HostId': 'TwM/auIJw...","logger":"task.stdout"}
{"timestamp":"2026-01-01T00:11:08.826676Z","level":"info","event":"          └ <class 'botocore.exceptions.ClientError'>","logger":"task.stdout"}
{"timestamp":"2026-01-01T00:11:08.826767Z","level":"info","event":"","logger":"task.stdout"}
{"timestamp":"2026-01-01T00:11:08.826856Z","level":"info","event":"botocore.exceptions.ClientError: An error occurred (403) when calling the HeadObject operation: Forbidden","logger":"task.stdout"}
{"timestamp":"2026-01-01T00:52:47.180729Z","level":"info","event":"2026-01-01 00:52:47 | INFO | HTTP GET (stream) | attempt=1/5 | flow=CPI year=1956 | https://api.imf.org/external/sdmx/2.1/data/IMF.STA,CPI,latest/all/all?startPeriod=1956&endPeriod=1956","logger":"task.stdout"}
{"timestamp":"2026-01-01T00:53:01.443125Z","level":"info","event":"2026-01-01 00:53:01 | SUCCESS | Uploaded | flow=CPI year=1956 rows=16994 uri=s3://personal-projectbucket/imf/CPI/year=1956/CPI_1956.csv step_s=14.89","logger":"task.stdout"}
{"timestamp":"2026-01-01T00:53:02.247728Z","level":"info","event":"2026-01-01 00:53:02 | INFO | HTTP GET (stream) | attempt=1/5 | flow=CPI year=1957 | https://api.imf.org/external/sdmx/2.1/data/IMF.STA,CPI,latest/all/all?startPeriod=1957&endPeriod=1957","logger":"task.stdout"}
{"timestamp":"2026-01-01T00:53:02.346198Z","level":"info","event":"2026-01-01 00:53:02 | WARNING | Transient HTTP error | attempt=1/5 | flow=CPI year=1957 | ConnectionError(MaxRetryError(\"HTTPSConnectionPool(host='api.imf.org', port=443): Max retries exceeded with url: /external/sdmx/2.1/data/IMF.STA,CPI,latest/all/all?startPeriod=1957&endPeriod=1957 (Caused by ProtocolError('Connection aborted.', RemoteDisconnected('Remote end closed connection without response')))\"))","logger":"task.stdout"}
{"timestamp":"2026-01-01T00:53:03.848474Z","level":"info","event":"2026-01-01 00:53:03 | INFO | HTTP GET (stream) | attempt=2/5 | flow=CPI year=1957 | https://api.imf.org/external/sdmx/2.1/data/IMF.STA,CPI,latest/all/all?startPeriod=1957&endPeriod=1957","logger":"task.stdout"}
